; ============================================================
; Pressure Advance calibration pattern
; generated by Print Calibration Tool (Ellis-style chevron pattern)
; ============================================================
; bed = 250x220
; first_layer_height = 0.2
; layer_height = 0.2
; layers = 5
; anchor = frame
; print_numbers = 1
; pa_start = 0
; pa_end = 0.054
; pa_step = 0.002
; pa_values = 0,0.002,0.004,0.006,0.008,0.01,0.012,0.014,0.016,0.018,0.02,0.022,0.024,0.026,0.028,0.03,0.032,0.034,0.036,0.038,0.04,0.042,0.044,0.046,0.048,0.05,0.052,0.054
; relative_e = 1
; gcode_flavor = marlin2
; extrusion_width = 0.45
; anchor_width = 0.56
; filament_diameter = 1.75
; extrusion_multiplier = 0.975
; acceleration_print = 3000
; acceleration_first_layer = 500
; acceleration_restore = 7000
; pattern_size = 127.26x64.55 mm
; pattern_origin = 61.37,77.73
; speed_pattern = 150 mm/s
; speed_first_layer = 45 mm/s
; estimated_time_s = 526
; filament_mm = 1096.23
; ------------------------------------------------------------
; generated by PrusaSlicer 2.9.6


; printer_model = COREONE
; filament_type = PLA
; filament_abrasive = 0
; nozzle_diameter = 0.4
; nozzle_high_flow = 1
; bed_temperature = 60
; brim_width = 0
; fill_density = 40%
; layer_height = 0.2
; temperature = 225
; ironing = 0
; support_material = 0
; extruder_colour = ""
; max_layer_z = 58.40
; objects_info = {"objects":[{"name":"avent_mount.stl","polygon":[[160.000,112.829],[159.905,114.653],[159.667,116.233],[159.329,117.649],[158.732,119.429],[157.954,121.166],[157.154,122.605],[156.217,124.020],[155.118,125.436],[153.839,126.852],[152.591,128.055],[150.934,129.448],[149.661,130.390],[147.862,131.568],[146.211,132.515],[144.446,133.406],[142.250,134.362],[139.966,135.201],[137.595,135.919],[133.503,136.836],[130.985,137.213],[128.429,137.458],[124.140,137.570],[121.571,137.458],[119.015,137.213],[114.839,136.511],[110.816,135.454],[108.502,134.655],[106.713,133.930],[103.789,132.515],[100.866,130.753],[98.497,128.993],[96.385,127.079],[94.548,125.028],[93.002,122.857],[91.766,120.591],[90.885,118.357],[90.263,115.859],[90.010,113.402],[90.000,82.423],[160.000,82.423]]}]}
; filament used [mm] = 1096.23
; filament used [g] = 3.43
; filament cost = 0.07
; filament used [cm3] = 2.64
; total filament used for wipe tower [g] = 0.00
; estimated printing time (normal mode) = 8m 46s
; estimated printing time (silent mode) = 10m 46s

;
;

;
;

;
;

;
;

M73 P0 R9
M73 Q0 S11
M201 X10000 Y10000 Z400 E5000
M203 X350 Y350 Z12 E100
M204 P7000 R2500 T7000
M205 X10.00 Y10.00 Z2.00 E10.00
M205 S0 T0
M486 S0
M486 Aavent_mount.stl
M486 S-1
M17
M862.1 P0.4 A0 F1
M862.3 P "COREONE"
M862.5 P2
M862.6 P"Input shaper"
M115 U6.3.4+10511
M555 X61.36763 Y77.72702 W127.26474 H64.54596
G90
M83
M140 S61
M109 R170
M84 E
G28
M141 S20
G0 Z40 F10000
M104 T0 S170
M190 R61
M107
G29G
M109 R170
M302 S155
G1 E-2 F2400
M84 E
G0 X41 Y-13 Z1.5 F20000
G0 X78 Y-18 Z1.5 F20000
G0 X41 Y-13 Z1.5 F20000
G0 X78 Y-18 Z1.5 F20000
G0 X41 Y-13 Z1.5 F20000
G0 X78 Y-18 Z1.5 F20000
G0 X41 Y-13 Z1.5 F20000
G0 X78 Y-18 Z1.5 F20000
G0 X41 Y-13 Z1.5 F20000
G0 X78 Y-18 Z1.5 F20000
G29 P9 X208 Y-2.5 W32 H4
; MBL
M84 E
G29 P1
G29 P1 X150 Y0 W100 H20 C
G29 P3.2
G29 P3.13
G29 A
; prepare for purge
M104 S225
G0 X249 Y-2.5 Z15 F4800
M109 S225
G92 E0
M569 S0 E
; Extrude purge line
G92 E0
G1 E2 F2400
G0 E5 X235 Z0.2 F500
G0 X225 E4 F500
G0 X215 E4 F650
G0 X205 E4 F800
G0 X202 Z0.05 F8000
G0 X199 Z0.2 F8000
G92 E0
M221 S100
G21
G90
M83
M572 S0.03
M572 S0.45
M142 S36
M107
M73 P0 R9
M73 Q0 S12
; >>> print_calibration_tool pattern begin
G21 ; millimeters
G90 ; absolute positioning
M83 ; relative extrusion
G92 E0
M106 S0 ; fan
M204 P500 T7000 ; acceleration for the test
G1 E-0.7 F2700 ; retract
G0 Z5 F720
G0 X65.1989 Y79.5583 F21000
G0 Z0.2 F720
M572 S0 ; start value
;LAYER_CHANGE
;Z:0.2
;HEIGHT:0.2
; anchor frame
;TYPE:Perimeter
G0 Z0.4 F720
G0 X61.6476 Y78.007 F21000
G0 Z0.2 F720
G1 E0.7 F1500 ; unretract
G1 X188.3524 Y78.007 E5.31152 F2700 ; anchor
G1 X188.3524 Y123.5359 E1.90859 F2700 ; anchor
G1 X61.6476 Y123.5359 E5.31152 F2700 ; anchor
G1 X61.6476 Y78.007 E1.90859 F2700 ; anchor
G0 X62.1647 Y78.5241 F21000
M73 P2 R9
M73 Q2 S12
G1 X187.8353 Y78.5241 E5.26817 F2700 ; anchor
G1 X187.8353 Y123.0188 E1.86524 F2700 ; anchor
G1 X62.1647 Y123.0188 E5.26817 F2700 ; anchor
G1 X62.1647 Y78.5241 E1.86524 F2700 ; anchor
G0 X62.6818 Y79.0412 F21000
G1 X187.3182 Y79.0412 E5.22482 F2700 ; anchor
M73 P4 R9
M73 Q4 S12
G1 X187.3182 Y122.5017 E1.82189 F2700 ; anchor
G1 X62.6818 Y122.5017 E5.22482 F2700 ; anchor
G1 X62.6818 Y79.0412 E1.82189 F2700 ; anchor
G0 X63.1989 Y79.5583 F21000
G1 X186.8011 Y79.5583 E5.18146 F2700 ; anchor
G1 X186.8011 Y121.9847 E1.77853 F2700 ; anchor
M73 P6 R9
M73 Q6 S12
G1 X63.1989 Y121.9847 E5.18146 F2700 ; anchor
G1 X63.1989 Y79.5583 E1.77853 F2700 ; anchor
; number tab
;TYPE:Solid infill
G1 E-0.7 F2700 ; retract
G0 Z0.4 F720
G0 X61.6476 Y124.053 F21000
G0 Z0.2 F720
G1 E0.7 F1500 ; unretract
G1 X188.3524 Y124.053 E5.31152 F2700 ; tab
G1 X188.3524 Y141.993 E0.75205 F2700 ; tab
G1 X61.6476 Y141.993 E5.31152 F2700 ; tab
G1 X61.6476 Y124.053 E0.75205 F2700 ; tab
G0 X62.1647 Y124.5701 F21000
M73 P8 R9
M73 Q8 S12
G1 X187.8353 Y124.5701 E5.26817 F2700 ; tab
G1 X187.8353 Y141.4759 E0.7087 F2700 ; tab
G1 X62.1647 Y141.4759 E5.26817 F2700 ; tab
G1 X62.1647 Y124.5701 E0.7087 F2700 ; tab
G0 X62.6818 Y125.0871 F21000
G1 X187.3182 Y125.0871 E5.22482 F2700 ; tab
G1 X187.3182 Y140.9588 E0.66535 F2700 ; tab
M73 P10 R8
M73 Q10 S10
G1 X62.6818 Y140.9588 E5.22482 F2700 ; tab
G1 X62.6818 Y125.0871 E0.66535 F2700 ; tab
G0 X63.1989 Y125.6042 F21000
G1 X186.8011 Y125.6042 E5.18146 F2700 ; tab
G1 X186.8011 Y140.4417 E0.622 F2700 ; tab
G1 X63.1989 Y140.4417 E5.18146 F2700 ; tab
G1 X63.1989 Y125.6042 E0.622 F2700 ; tab
G1 E-0.7 F2700 ; retract
G0 Z0.4 F720
G0 X185.6965 Y125.9776 F21000
G0 Z0.2 F720
G1 E0.7 F1500 ; unretract
G1 X186.4278 Y126.7088 E0.04335 F2700 ; tab
G0 X186.4278 Y127.4401 F21000
G1 X184.9653 Y125.9776 E0.0867 F2700 ; tab
G0 X184.234 Y125.9776 F21000
G1 X186.4278 Y128.1713 E0.13006 F2700 ; tab
G0 X186.4278 Y128.9026 F21000
G1 X183.5028 Y125.9776 E0.17341 F2700 ; tab
G0 X182.7715 Y125.9776 F21000
G1 X186.4278 Y129.6339 E0.21676 F2700 ; tab
G0 X186.4278 Y130.3651 F21000
G1 X182.0402 Y125.9776 E0.26011 F2700 ; tab
G0 X181.309 Y125.9776 F21000
G1 X186.4278 Y131.0964 E0.30347 F2700 ; tab
G0 X186.4278 Y131.8276 F21000
G1 X180.5777 Y125.9776 E0.34682 F2700 ; tab
G0 X179.8465 Y125.9776 F21000
G1 X186.4278 Y132.5589 E0.39017 F2700 ; tab
G0 X186.4278 Y133.2902 F21000
G1 X179.1152 Y125.9776 E0.43352 F2700 ; tab
G0 X178.3839 Y125.9776 F21000
M73 P12 R8
M73 Q12 S10
G1 X186.4278 Y134.0214 E0.47688 F2700 ; tab
G0 X186.4278 Y134.7527 F21000
G1 X177.6527 Y125.9776 E0.52023 F2700 ; tab
G0 X176.9214 Y125.9776 F21000
G1 X186.4278 Y135.4839 E0.56358 F2700 ; tab
G0 X186.4278 Y136.2152 F21000
G1 X176.1901 Y125.9776 E0.60693 F2700 ; tab
G0 X175.4589 Y125.9776 F21000
G1 X186.4278 Y136.9465 E0.65029 F2700 ; tab
G0 X186.4278 Y137.6777 F21000
G1 X174.7276 Y125.9776 E0.69364 F2700 ; tab
G0 X173.9964 Y125.9776 F21000
G1 X186.4278 Y138.409 E0.73699 F2700 ; tab
G0 X186.4278 Y139.1403 F21000
G1 X173.2651 Y125.9776 E0.78034 F2700 ; tab
G0 X172.5338 Y125.9776 F21000
G1 X186.4278 Y139.8715 E0.8237 F2700 ; tab
G0 X185.8934 Y140.0684 F21000
G1 X171.8026 Y125.9776 E0.83537 F2700 ; tab
G0 X171.0713 Y125.9776 F21000
G1 X185.1622 Y140.0684 E0.83537 F2700 ; tab
G0 X184.4309 Y140.0684 F21000
G1 X170.3401 Y125.9776 E0.83537 F2700 ; tab
G0 X169.6088 Y125.9776 F21000
G1 X183.6997 Y140.0684 E0.83537 F2700 ; tab
G0 X182.9684 Y140.0684 F21000
G1 X168.8775 Y125.9776 E0.83537 F2700 ; tab
G0 X168.1463 Y125.9776 F21000
G1 X182.2371 Y140.0684 E0.83537 F2700 ; tab
G0 X181.5059 Y140.0684 F21000
G1 X167.415 Y125.9776 E0.83537 F2700 ; tab
G0 X166.6838 Y125.9776 F21000
G1 X180.7746 Y140.0684 E0.83537 F2700 ; tab
G0 X180.0433 Y140.0684 F21000
G1 X165.9525 Y125.9776 E0.83537 F2700 ; tab
G0 X165.2212 Y125.9776 F21000
G1 X179.3121 Y140.0684 E0.83537 F2700 ; tab
G0 X178.5808 Y140.0684 F21000
G1 X164.49 Y125.9776 E0.83537 F2700 ; tab
G0 X163.7587 Y125.9776 F21000
G1 X177.8496 Y140.0684 E0.83537 F2700 ; tab
G0 X177.1183 Y140.0684 F21000
M73 P14 R8
M73 Q14 S10
G1 X163.0274 Y125.9776 E0.83537 F2700 ; tab
G0 X162.2962 Y125.9776 F21000
G1 X176.387 Y140.0684 E0.83537 F2700 ; tab
G0 X175.6558 Y140.0684 F21000
G1 X161.5649 Y125.9776 E0.83537 F2700 ; tab
G0 X160.8337 Y125.9776 F21000
G1 X174.9245 Y140.0684 E0.83537 F2700 ; tab
G0 X174.1933 Y140.0684 F21000
G1 X160.1024 Y125.9776 E0.83537 F2700 ; tab
G0 X159.3711 Y125.9776 F21000
G1 X173.462 Y140.0684 E0.83537 F2700 ; tab
G0 X172.7307 Y140.0684 F21000
G1 X158.6399 Y125.9776 E0.83537 F2700 ; tab
G0 X157.9086 Y125.9776 F21000
G1 X171.9995 Y140.0684 E0.83537 F2700 ; tab
G0 X171.2682 Y140.0684 F21000
G1 X157.1774 Y125.9776 E0.83537 F2700 ; tab
G0 X156.4461 Y125.9776 F21000
G1 X170.537 Y140.0684 E0.83537 F2700 ; tab
G0 X169.8057 Y140.0684 F21000
G1 X155.7148 Y125.9776 E0.83537 F2700 ; tab
G0 X154.9836 Y125.9776 F21000
G1 X169.0744 Y140.0684 E0.83537 F2700 ; tab
G0 X168.3432 Y140.0684 F21000
G1 X154.2523 Y125.9776 E0.83537 F2700 ; tab
G0 X153.5211 Y125.9776 F21000
G1 X167.6119 Y140.0684 E0.83537 F2700 ; tab
G0 X166.8806 Y140.0684 F21000
G1 X152.7898 Y125.9776 E0.83537 F2700 ; tab
G0 X152.0585 Y125.9776 F21000
G1 X166.1494 Y140.0684 E0.83537 F2700 ; tab
G0 X165.4181 Y140.0684 F21000
G1 X151.3273 Y125.9776 E0.83537 F2700 ; tab
G0 X150.596 Y125.9776 F21000
G1 X164.6869 Y140.0684 E0.83537 F2700 ; tab
G0 X163.9556 Y140.0684 F21000
G1 X149.8647 Y125.9776 E0.83537 F2700 ; tab
G0 X149.1335 Y125.9776 F21000
M73 P16 R8
M73 Q16 S10
G1 X163.2243 Y140.0684 E0.83537 F2700 ; tab
G0 X162.4931 Y140.0684 F21000
G1 X148.4022 Y125.9776 E0.83537 F2700 ; tab
G0 X147.671 Y125.9776 F21000
G1 X161.7618 Y140.0684 E0.83537 F2700 ; tab
G0 X161.0306 Y140.0684 F21000
G1 X146.9397 Y125.9776 E0.83537 F2700 ; tab
G0 X146.2084 Y125.9776 F21000
G1 X160.2993 Y140.0684 E0.83537 F2700 ; tab
G0 X159.568 Y140.0684 F21000
G1 X145.4772 Y125.9776 E0.83537 F2700 ; tab
G0 X144.7459 Y125.9776 F21000
G1 X158.8368 Y140.0684 E0.83537 F2700 ; tab
G0 X158.1055 Y140.0684 F21000
G1 X144.0147 Y125.9776 E0.83537 F2700 ; tab
G0 X143.2834 Y125.9776 F21000
G1 X157.3743 Y140.0684 E0.83537 F2700 ; tab
G0 X156.643 Y140.0684 F21000
G1 X142.5521 Y125.9776 E0.83537 F2700 ; tab
G0 X141.8209 Y125.9776 F21000
G1 X155.9117 Y140.0684 E0.83537 F2700 ; tab
G0 X155.1805 Y140.0684 F21000
G1 X141.0896 Y125.9776 E0.83537 F2700 ; tab
G0 X140.3584 Y125.9776 F21000
G1 X154.4492 Y140.0684 E0.83537 F2700 ; tab
G0 X153.7179 Y140.0684 F21000
G1 X139.6271 Y125.9776 E0.83537 F2700 ; tab
G0 X138.8958 Y125.9776 F21000
G1 X152.9867 Y140.0684 E0.83537 F2700 ; tab
G0 X152.2554 Y140.0684 F21000
G1 X138.1646 Y125.9776 E0.83537 F2700 ; tab
G0 X137.4333 Y125.9776 F21000
G1 X151.5242 Y140.0684 E0.83537 F2700 ; tab
G0 X150.7929 Y140.0684 F21000
G1 X136.702 Y125.9776 E0.83537 F2700 ; tab
G0 X135.9708 Y125.9776 F21000
G1 X150.0616 Y140.0684 E0.83537 F2700 ; tab
G0 X149.3304 Y140.0684 F21000
M73 P18 R8
M73 Q18 S10
G1 X135.2395 Y125.9776 E0.83537 F2700 ; tab
G0 X134.5083 Y125.9776 F21000
G1 X148.5991 Y140.0684 E0.83537 F2700 ; tab
G0 X147.8679 Y140.0684 F21000
G1 X133.777 Y125.9776 E0.83537 F2700 ; tab
G0 X133.0457 Y125.9776 F21000
G1 X147.1366 Y140.0684 E0.83537 F2700 ; tab
G0 X146.4053 Y140.0684 F21000
G1 X132.3145 Y125.9776 E0.83537 F2700 ; tab
G0 X131.5832 Y125.9776 F21000
G1 X145.6741 Y140.0684 E0.83537 F2700 ; tab
G0 X144.9428 Y140.0684 F21000
G1 X130.852 Y125.9776 E0.83537 F2700 ; tab
G0 X130.1207 Y125.9776 F21000
G1 X144.2116 Y140.0684 E0.83537 F2700 ; tab
G0 X143.4803 Y140.0684 F21000
G1 X129.3894 Y125.9776 E0.83537 F2700 ; tab
G0 X128.6582 Y125.9776 F21000
G1 X142.749 Y140.0684 E0.83537 F2700 ; tab
G0 X142.0178 Y140.0684 F21000
G1 X127.9269 Y125.9776 E0.83537 F2700 ; tab
G0 X127.1957 Y125.9776 F21000
G1 X141.2865 Y140.0684 E0.83537 F2700 ; tab
G0 X140.5553 Y140.0684 F21000
G1 X126.4644 Y125.9776 E0.83537 F2700 ; tab
G0 X125.7331 Y125.9776 F21000
G1 X139.824 Y140.0684 E0.83537 F2700 ; tab
G0 X139.0927 Y140.0684 F21000
G1 X125.0019 Y125.9776 E0.83537 F2700 ; tab
G0 X124.2706 Y125.9776 F21000
G1 X138.3615 Y140.0684 E0.83537 F2700 ; tab
G0 X137.6302 Y140.0684 F21000
G1 X123.5394 Y125.9776 E0.83537 F2700 ; tab
G0 X122.8081 Y125.9776 F21000
G1 X136.8989 Y140.0684 E0.83537 F2700 ; tab
G0 X136.1677 Y140.0684 F21000
G1 X122.0768 Y125.9776 E0.83537 F2700 ; tab
G0 X121.3456 Y125.9776 F21000
M73 P20 R8
M73 Q20 S10
G1 X135.4364 Y140.0684 E0.83537 F2700 ; tab
G0 X134.7052 Y140.0684 F21000
G1 X120.6143 Y125.9776 E0.83537 F2700 ; tab
G0 X119.883 Y125.9776 F21000
G1 X133.9739 Y140.0684 E0.83537 F2700 ; tab
G0 X133.2426 Y140.0684 F21000
G1 X119.1518 Y125.9776 E0.83537 F2700 ; tab
G0 X118.4205 Y125.9776 F21000
G1 X132.5114 Y140.0684 E0.83537 F2700 ; tab
G0 X131.7801 Y140.0684 F21000
G1 X117.6893 Y125.9776 E0.83537 F2700 ; tab
G0 X116.958 Y125.9776 F21000
G1 X131.0489 Y140.0684 E0.83537 F2700 ; tab
G0 X130.3176 Y140.0684 F21000
G1 X116.2267 Y125.9776 E0.83537 F2700 ; tab
G0 X115.4955 Y125.9776 F21000
G1 X129.5863 Y140.0684 E0.83537 F2700 ; tab
G0 X128.8551 Y140.0684 F21000
G1 X114.7642 Y125.9776 E0.83537 F2700 ; tab
G0 X114.033 Y125.9776 F21000
G1 X128.1238 Y140.0684 E0.83537 F2700 ; tab
G0 X127.3926 Y140.0684 F21000
G1 X113.3017 Y125.9776 E0.83537 F2700 ; tab
G0 X112.5704 Y125.9776 F21000
G1 X126.6613 Y140.0684 E0.83537 F2700 ; tab
G0 X125.93 Y140.0684 F21000
G1 X111.8392 Y125.9776 E0.83537 F2700 ; tab
G0 X111.1079 Y125.9776 F21000
G1 X125.1988 Y140.0684 E0.83537 F2700 ; tab
G0 X124.4675 Y140.0684 F21000
G1 X110.3767 Y125.9776 E0.83537 F2700 ; tab
G0 X109.6454 Y125.9776 F21000
G1 X123.7362 Y140.0684 E0.83537 F2700 ; tab
G0 X123.005 Y140.0684 F21000
G1 X108.9141 Y125.9776 E0.83537 F2700 ; tab
G0 X108.1829 Y125.9776 F21000
G1 X122.2737 Y140.0684 E0.83537 F2700 ; tab
G0 X121.5425 Y140.0684 F21000
M73 P22 R7
M73 Q22 S9
G1 X107.4516 Y125.9776 E0.83537 F2700 ; tab
G0 X106.7203 Y125.9776 F21000
G1 X120.8112 Y140.0684 E0.83537 F2700 ; tab
G0 X120.0799 Y140.0684 F21000
G1 X105.9891 Y125.9776 E0.83537 F2700 ; tab
G0 X105.2578 Y125.9776 F21000
G1 X119.3487 Y140.0684 E0.83537 F2700 ; tab
G0 X118.6174 Y140.0684 F21000
G1 X104.5266 Y125.9776 E0.83537 F2700 ; tab
G0 X103.7953 Y125.9776 F21000
G1 X117.8862 Y140.0684 E0.83537 F2700 ; tab
G0 X117.1549 Y140.0684 F21000
G1 X103.064 Y125.9776 E0.83537 F2700 ; tab
G0 X102.3328 Y125.9776 F21000
G1 X116.4236 Y140.0684 E0.83537 F2700 ; tab
G0 X115.6924 Y140.0684 F21000
G1 X101.6015 Y125.9776 E0.83537 F2700 ; tab
G0 X100.8703 Y125.9776 F21000
G1 X114.9611 Y140.0684 E0.83537 F2700 ; tab
G0 X114.2299 Y140.0684 F21000
G1 X100.139 Y125.9776 E0.83537 F2700 ; tab
G0 X99.4077 Y125.9776 F21000
G1 X113.4986 Y140.0684 E0.83537 F2700 ; tab
G0 X112.7673 Y140.0684 F21000
G1 X98.6765 Y125.9776 E0.83537 F2700 ; tab
G0 X97.9452 Y125.9776 F21000
G1 X112.0361 Y140.0684 E0.83537 F2700 ; tab
G0 X111.3048 Y140.0684 F21000
G1 X97.214 Y125.9776 E0.83537 F2700 ; tab
G0 X96.4827 Y125.9776 F21000
G1 X110.5735 Y140.0684 E0.83537 F2700 ; tab
G0 X109.8423 Y140.0684 F21000
G1 X95.7514 Y125.9776 E0.83537 F2700 ; tab
G0 X95.0202 Y125.9776 F21000
G1 X109.111 Y140.0684 E0.83537 F2700 ; tab
G0 X108.3798 Y140.0684 F21000
G1 X94.2889 Y125.9776 E0.83537 F2700 ; tab
G0 X93.5576 Y125.9776 F21000
M73 P24 R7
M73 Q24 S9
G1 X107.6485 Y140.0684 E0.83537 F2700 ; tab
G0 X106.9172 Y140.0684 F21000
G1 X92.8264 Y125.9776 E0.83537 F2700 ; tab
G0 X92.0951 Y125.9776 F21000
G1 X106.186 Y140.0684 E0.83537 F2700 ; tab
G0 X105.4547 Y140.0684 F21000
G1 X91.3639 Y125.9776 E0.83537 F2700 ; tab
G0 X90.6326 Y125.9776 F21000
G1 X104.7235 Y140.0684 E0.83537 F2700 ; tab
G0 X103.9922 Y140.0684 F21000
G1 X89.9013 Y125.9776 E0.83537 F2700 ; tab
G0 X89.1701 Y125.9776 F21000
G1 X103.2609 Y140.0684 E0.83537 F2700 ; tab
G0 X102.5297 Y140.0684 F21000
G1 X88.4388 Y125.9776 E0.83537 F2700 ; tab
G0 X87.7076 Y125.9776 F21000
G1 X101.7984 Y140.0684 E0.83537 F2700 ; tab
G0 X101.0672 Y140.0684 F21000
G1 X86.9763 Y125.9776 E0.83537 F2700 ; tab
G0 X86.245 Y125.9776 F21000
G1 X100.3359 Y140.0684 E0.83537 F2700 ; tab
G0 X99.6046 Y140.0684 F21000
G1 X85.5138 Y125.9776 E0.83537 F2700 ; tab
G0 X84.7825 Y125.9776 F21000
G1 X98.8734 Y140.0684 E0.83537 F2700 ; tab
G0 X98.1421 Y140.0684 F21000
G1 X84.0513 Y125.9776 E0.83537 F2700 ; tab
G0 X83.32 Y125.9776 F21000
G1 X97.4108 Y140.0684 E0.83537 F2700 ; tab
G0 X96.6796 Y140.0684 F21000
G1 X82.5887 Y125.9776 E0.83537 F2700 ; tab
G0 X81.8575 Y125.9776 F21000
G1 X95.9483 Y140.0684 E0.83537 F2700 ; tab
G0 X95.2171 Y140.0684 F21000
G1 X81.1262 Y125.9776 E0.83537 F2700 ; tab
G0 X80.395 Y125.9776 F21000
G1 X94.4858 Y140.0684 E0.83537 F2700 ; tab
G0 X93.7545 Y140.0684 F21000
M73 P26 R7
M73 Q26 S9
G1 X79.6637 Y125.9776 E0.83537 F2700 ; tab
G0 X78.9324 Y125.9776 F21000
G1 X93.0233 Y140.0684 E0.83537 F2700 ; tab
G0 X92.292 Y140.0684 F21000
G1 X78.2012 Y125.9776 E0.83537 F2700 ; tab
G0 X77.4699 Y125.9776 F21000
G1 X91.5608 Y140.0684 E0.83537 F2700 ; tab
G0 X90.8295 Y140.0684 F21000
G1 X76.7386 Y125.9776 E0.83537 F2700 ; tab
G0 X76.0074 Y125.9776 F21000
G1 X90.0982 Y140.0684 E0.83537 F2700 ; tab
G0 X89.367 Y140.0684 F21000
G1 X75.2761 Y125.9776 E0.83537 F2700 ; tab
G0 X74.5449 Y125.9776 F21000
G1 X88.6357 Y140.0684 E0.83537 F2700 ; tab
G0 X87.9045 Y140.0684 F21000
G1 X73.8136 Y125.9776 E0.83537 F2700 ; tab
G0 X73.0823 Y125.9776 F21000
G1 X87.1732 Y140.0684 E0.83537 F2700 ; tab
G0 X86.4419 Y140.0684 F21000
G1 X72.3511 Y125.9776 E0.83537 F2700 ; tab
G0 X71.6198 Y125.9776 F21000
G1 X85.7107 Y140.0684 E0.83537 F2700 ; tab
G0 X84.9794 Y140.0684 F21000
G1 X70.8886 Y125.9776 E0.83537 F2700 ; tab
G0 X70.1573 Y125.9776 F21000
G1 X84.2482 Y140.0684 E0.83537 F2700 ; tab
G0 X83.5169 Y140.0684 F21000
G1 X69.426 Y125.9776 E0.83537 F2700 ; tab
G0 X68.6948 Y125.9776 F21000
G1 X82.7856 Y140.0684 E0.83537 F2700 ; tab
G0 X82.0544 Y140.0684 F21000
G1 X67.9635 Y125.9776 E0.83537 F2700 ; tab
G0 X67.2323 Y125.9776 F21000
G1 X81.3231 Y140.0684 E0.83537 F2700 ; tab
G0 X80.5918 Y140.0684 F21000
G1 X66.501 Y125.9776 E0.83537 F2700 ; tab
G0 X65.7697 Y125.9776 F21000
M73 P28 R7
M73 Q28 S9
G1 X79.8606 Y140.0684 E0.83537 F2700 ; tab
G0 X79.1293 Y140.0684 F21000
G1 X65.0385 Y125.9776 E0.83537 F2700 ; tab
G0 X64.3072 Y125.9776 F21000
G1 X78.3981 Y140.0684 E0.83537 F2700 ; tab
G0 X77.6668 Y140.0684 F21000
G1 X63.5759 Y125.9776 E0.83537 F2700 ; tab
G0 X63.5722 Y126.7051 F21000
G1 X76.9355 Y140.0684 E0.79224 F2700 ; tab
G0 X76.2043 Y140.0684 F21000
G1 X63.5722 Y127.4363 E0.74889 F2700 ; tab
G0 X63.5722 Y128.1676 F21000
G1 X75.473 Y140.0684 E0.70553 F2700 ; tab
G0 X74.7418 Y140.0684 F21000
G1 X63.5722 Y128.8989 E0.66218 F2700 ; tab
G0 X63.5722 Y129.6301 F21000
G1 X74.0105 Y140.0684 E0.61883 F2700 ; tab
G0 X73.2792 Y140.0684 F21000
G1 X63.5722 Y130.3614 E0.57548 F2700 ; tab
G0 X63.5722 Y131.0926 F21000
G1 X72.548 Y140.0684 E0.53212 F2700 ; tab
G0 X71.8167 Y140.0684 F21000
G1 X63.5722 Y131.8239 E0.48877 F2700 ; tab
G0 X63.5722 Y132.5552 F21000
G1 X71.0855 Y140.0684 E0.44542 F2700 ; tab
G0 X70.3542 Y140.0684 F21000
G1 X63.5722 Y133.2864 E0.40207 F2700 ; tab
G0 X63.5722 Y134.0177 F21000
G1 X69.6229 Y140.0684 E0.35871 F2700 ; tab
G0 X68.8917 Y140.0684 F21000
G1 X63.5722 Y134.7489 E0.31536 F2700 ; tab
G0 X63.5722 Y135.4802 F21000
G1 X68.1604 Y140.0684 E0.27201 F2700 ; tab
G0 X67.4291 Y140.0684 F21000
G1 X63.5722 Y136.2115 E0.22866 F2700 ; tab
G0 X63.5722 Y136.9427 F21000
G1 X66.6979 Y140.0684 E0.1853 F2700 ; tab
G0 X65.9666 Y140.0684 F21000
G1 X63.5722 Y137.674 E0.14195 F2700 ; tab
G0 X63.5722 Y138.4052 F21000
G1 X65.2354 Y140.0684 E0.0986 F2700 ; tab
G0 X64.5041 Y140.0684 F21000
G1 X63.5722 Y139.1365 E0.05525 F2700 ; tab
G0 X63.5722 Y139.8678 F21000
G1 X63.7728 Y140.0684 E0.01189 F2700 ; tab
;TYPE:External perimeter
M572 S0 ; pattern 1/28
G1 E-0.7 F2700 ; retract
G0 Z0.4 F720
G0 X65.1989 Y79.5583 F21000
G0 Z0.2 F720
G1 E0.7 F1500 ; unretract
G1 X86.4121 Y100.7715 E0.99008 F2700 ; pattern
G1 X65.1989 Y121.9847 E0.99008 F2700 ; pattern
G0 X65.7746 Y121.9847 F21000
M73 P30 R7
M73 Q30 S9
G1 X86.9878 Y100.7715 E0.99008 F2700 ; pattern
G1 X65.7746 Y79.5583 E0.99008 F2700 ; pattern
G0 X66.3503 Y79.5583 F21000
G1 X87.5635 Y100.7715 E0.99008 F2700 ; pattern
G1 X66.3503 Y121.9847 E0.99008 F2700 ; pattern
M572 S0.002 ; pattern 2/28
G1 E-0.7 F2700 ; retract
G0 Z0.4 F720
G0 X68.8003 Y79.5583 F21000
G0 Z0.2 F720
G1 E0.7 F1500 ; unretract
G1 X90.0135 Y100.7715 E0.99008 F2700 ; pattern
G1 X68.8003 Y121.9847 E0.99008 F2700 ; pattern
G0 X69.376 Y121.9847 F21000
G1 X90.5892 Y100.7715 E0.99008 F2700 ; pattern
G1 X69.376 Y79.5583 E0.99008 F2700 ; pattern
G0 X69.9517 Y79.5583 F21000
G1 X91.1649 Y100.7715 E0.99008 F2700 ; pattern
G1 X69.9517 Y121.9847 E0.99008 F2700 ; pattern
M572 S0.004 ; pattern 3/28
G1 E-0.7 F2700 ; retract
G0 Z0.4 F720
G0 X72.4017 Y79.5583 F21000
G0 Z0.2 F720
G1 E0.7 F1500 ; unretract
G1 X93.6149 Y100.7715 E0.99008 F2700 ; pattern
G1 X72.4017 Y121.9847 E0.99008 F2700 ; pattern
G0 X72.9774 Y121.9847 F21000
G1 X94.1906 Y100.7715 E0.99008 F2700 ; pattern
M73 P32 R6
M73 Q32 S8
G1 X72.9774 Y79.5583 E0.99008 F2700 ; pattern
G0 X73.5531 Y79.5583 F21000
G1 X94.7663 Y100.7715 E0.99008 F2700 ; pattern
G1 X73.5531 Y121.9847 E0.99008 F2700 ; pattern
M572 S0.006 ; pattern 4/28
G1 E-0.7 F2700 ; retract
G0 Z0.4 F720
G0 X76.0031 Y79.5583 F21000
G0 Z0.2 F720
G1 E0.7 F1500 ; unretract
G1 X97.2163 Y100.7715 E0.99008 F2700 ; pattern
G1 X76.0031 Y121.9847 E0.99008 F2700 ; pattern
G0 X76.5787 Y121.9847 F21000
G1 X97.792 Y100.7715 E0.99008 F2700 ; pattern
G1 X76.5787 Y79.5583 E0.99008 F2700 ; pattern
G0 X77.1544 Y79.5583 F21000
G1 X98.3677 Y100.7715 E0.99008 F2700 ; pattern
G1 X77.1544 Y121.9847 E0.99008 F2700 ; pattern
M572 S0.008 ; pattern 5/28
G1 E-0.7 F2700 ; retract
G0 Z0.4 F720
G0 X79.6044 Y79.5583 F21000
G0 Z0.2 F720
G1 E0.7 F1500 ; unretract
G1 X100.8177 Y100.7715 E0.99008 F2700 ; pattern
G1 X79.6044 Y121.9847 E0.99008 F2700 ; pattern
G0 X80.1801 Y121.9847 F21000
G1 X101.3933 Y100.7715 E0.99008 F2700 ; pattern
G1 X80.1801 Y79.5583 E0.99008 F2700 ; pattern
G0 X80.7558 Y79.5583 F21000
M73 P34 R6
M73 Q34 S8
G1 X101.969 Y100.7715 E0.99008 F2700 ; pattern
G1 X80.7558 Y121.9847 E0.99008 F2700 ; pattern
M572 S0.01 ; pattern 6/28
G1 E-0.7 F2700 ; retract
G0 Z0.4 F720
G0 X83.2058 Y79.5583 F21000
G0 Z0.2 F720
G1 E0.7 F1500 ; unretract
G1 X104.419 Y100.7715 E0.99008 F2700 ; pattern
G1 X83.2058 Y121.9847 E0.99008 F2700 ; pattern
G0 X83.7815 Y121.9847 F21000
G1 X104.9947 Y100.7715 E0.99008 F2700 ; pattern
G1 X83.7815 Y79.5583 E0.99008 F2700 ; pattern
G0 X84.3572 Y79.5583 F21000
G1 X105.5704 Y100.7715 E0.99008 F2700 ; pattern
G1 X84.3572 Y121.9847 E0.99008 F2700 ; pattern
M572 S0.012 ; pattern 7/28
G1 E-0.7 F2700 ; retract
G0 Z0.4 F720
G0 X86.8072 Y79.5583 F21000
G0 Z0.2 F720
G1 E0.7 F1500 ; unretract
G1 X108.0204 Y100.7715 E0.99008 F2700 ; pattern
G1 X86.8072 Y121.9847 E0.99008 F2700 ; pattern
G0 X87.3829 Y121.9847 F21000
G1 X108.5961 Y100.7715 E0.99008 F2700 ; pattern
G1 X87.3829 Y79.5583 E0.99008 F2700 ; pattern
G0 X87.9586 Y79.5583 F21000
G1 X109.1718 Y100.7715 E0.99008 F2700 ; pattern
M73 P36 R6
M73 Q36 S8
G1 X87.9586 Y121.9847 E0.99008 F2700 ; pattern
M572 S0.014 ; pattern 8/28
G1 E-0.7 F2700 ; retract
G0 Z0.4 F720
G0 X90.4086 Y79.5583 F21000
G0 Z0.2 F720
G1 E0.7 F1500 ; unretract
G1 X111.6218 Y100.7715 E0.99008 F2700 ; pattern
G1 X90.4086 Y121.9847 E0.99008 F2700 ; pattern
G0 X90.9843 Y121.9847 F21000
G1 X112.1975 Y100.7715 E0.99008 F2700 ; pattern
G1 X90.9843 Y79.5583 E0.99008 F2700 ; pattern
G0 X91.56 Y79.5583 F21000
G1 X112.7732 Y100.7715 E0.99008 F2700 ; pattern
G1 X91.56 Y121.9847 E0.99008 F2700 ; pattern
M572 S0.016 ; pattern 9/28
G1 E-0.7 F2700 ; retract
G0 Z0.4 F720
G0 X94.01 Y79.5583 F21000
G0 Z0.2 F720
G1 E0.7 F1500 ; unretract
G1 X115.2232 Y100.7715 E0.99008 F2700 ; pattern
G1 X94.01 Y121.9847 E0.99008 F2700 ; pattern
G0 X94.5857 Y121.9847 F21000
G1 X115.7989 Y100.7715 E0.99008 F2700 ; pattern
G1 X94.5857 Y79.5583 E0.99008 F2700 ; pattern
G0 X95.1614 Y79.5583 F21000
G1 X116.3746 Y100.7715 E0.99008 F2700 ; pattern
G1 X95.1614 Y121.9847 E0.99008 F2700 ; pattern
M572 S0.018 ; pattern 10/28
G1 E-0.7 F2700 ; retract
G0 Z0.4 F720
G0 X97.6114 Y79.5583 F21000
G0 Z0.2 F720
G1 E0.7 F1500 ; unretract
M73 P38 R6
M73 Q38 S8
G1 X118.8246 Y100.7715 E0.99008 F2700 ; pattern
G1 X97.6114 Y121.9847 E0.99008 F2700 ; pattern
G0 X98.1871 Y121.9847 F21000
G1 X119.4003 Y100.7715 E0.99008 F2700 ; pattern
G1 X98.1871 Y79.5583 E0.99008 F2700 ; pattern
G0 X98.7628 Y79.5583 F21000
G1 X119.976 Y100.7715 E0.99008 F2700 ; pattern
G1 X98.7628 Y121.9847 E0.99008 F2700 ; pattern
M572 S0.02 ; pattern 11/28
G1 E-0.7 F2700 ; retract
G0 Z0.4 F720
G0 X101.2128 Y79.5583 F21000
G0 Z0.2 F720
G1 E0.7 F1500 ; unretract
G1 X122.426 Y100.7715 E0.99008 F2700 ; pattern
G1 X101.2128 Y121.9847 E0.99008 F2700 ; pattern
G0 X101.7885 Y121.9847 F21000
G1 X123.0017 Y100.7715 E0.99008 F2700 ; pattern
G1 X101.7885 Y79.5583 E0.99008 F2700 ; pattern
G0 X102.3642 Y79.5583 F21000
G1 X123.5774 Y100.7715 E0.99008 F2700 ; pattern
G1 X102.3642 Y121.9847 E0.99008 F2700 ; pattern
M572 S0.022 ; pattern 12/28
G1 E-0.7 F2700 ; retract
G0 Z0.4 F720
G0 X104.8142 Y79.5583 F21000
G0 Z0.2 F720
G1 E0.7 F1500 ; unretract
G1 X126.0274 Y100.7715 E0.99008 F2700 ; pattern
M73 P40 R6
M73 Q40 S8
G1 X104.8142 Y121.9847 E0.99008 F2700 ; pattern
G0 X105.3899 Y121.9847 F21000
G1 X126.6031 Y100.7715 E0.99008 F2700 ; pattern
G1 X105.3899 Y79.5583 E0.99008 F2700 ; pattern
G0 X105.9656 Y79.5583 F21000
G1 X127.1788 Y100.7715 E0.99008 F2700 ; pattern
G1 X105.9656 Y121.9847 E0.99008 F2700 ; pattern
M572 S0.024 ; pattern 13/28
G1 E-0.7 F2700 ; retract
G0 Z0.4 F720
G0 X108.4156 Y79.5583 F21000
G0 Z0.2 F720
G1 E0.7 F1500 ; unretract
G1 X129.6288 Y100.7715 E0.99008 F2700 ; pattern
G1 X108.4156 Y121.9847 E0.99008 F2700 ; pattern
G0 X108.9913 Y121.9847 F21000
G1 X130.2045 Y100.7715 E0.99008 F2700 ; pattern
G1 X108.9913 Y79.5583 E0.99008 F2700 ; pattern
G0 X109.567 Y79.5583 F21000
G1 X130.7802 Y100.7715 E0.99008 F2700 ; pattern
G1 X109.567 Y121.9847 E0.99008 F2700 ; pattern
M572 S0.026 ; pattern 14/28
G1 E-0.7 F2700 ; retract
G0 Z0.4 F720
G0 X112.017 Y79.5583 F21000
G0 Z0.2 F720
G1 E0.7 F1500 ; unretract
G1 X133.2302 Y100.7715 E0.99008 F2700 ; pattern
G1 X112.017 Y121.9847 E0.99008 F2700 ; pattern
G0 X112.5927 Y121.9847 F21000
M73 P42 R6
M73 Q42 S8
G1 X133.8059 Y100.7715 E0.99008 F2700 ; pattern
G1 X112.5927 Y79.5583 E0.99008 F2700 ; pattern
G0 X113.1684 Y79.5583 F21000
G1 X134.3816 Y100.7715 E0.99008 F2700 ; pattern
G1 X113.1684 Y121.9847 E0.99008 F2700 ; pattern
M572 S0.028 ; pattern 15/28
G1 E-0.7 F2700 ; retract
G0 Z0.4 F720
G0 X115.6184 Y79.5583 F21000
G0 Z0.2 F720
G1 E0.7 F1500 ; unretract
G1 X136.8316 Y100.7715 E0.99008 F2700 ; pattern
G1 X115.6184 Y121.9847 E0.99008 F2700 ; pattern
G0 X116.1941 Y121.9847 F21000
G1 X137.4073 Y100.7715 E0.99008 F2700 ; pattern
G1 X116.1941 Y79.5583 E0.99008 F2700 ; pattern
G0 X116.7698 Y79.5583 F21000
G1 X137.983 Y100.7715 E0.99008 F2700 ; pattern
G1 X116.7698 Y121.9847 E0.99008 F2700 ; pattern
M572 S0.03 ; pattern 16/28
G1 E-0.7 F2700 ; retract
G0 Z0.4 F720
G0 X119.2198 Y79.5583 F21000
G0 Z0.2 F720
G1 E0.7 F1500 ; unretract
G1 X140.433 Y100.7715 E0.99008 F2700 ; pattern
G1 X119.2198 Y121.9847 E0.99008 F2700 ; pattern
G0 X119.7955 Y121.9847 F21000
G1 X141.0087 Y100.7715 E0.99008 F2700 ; pattern
M73 P44 R5
M73 Q44 S7
G1 X119.7955 Y79.5583 E0.99008 F2700 ; pattern
G0 X120.3712 Y79.5583 F21000
G1 X141.5844 Y100.7715 E0.99008 F2700 ; pattern
G1 X120.3712 Y121.9847 E0.99008 F2700 ; pattern
M572 S0.032 ; pattern 17/28
G1 E-0.7 F2700 ; retract
G0 Z0.4 F720
G0 X122.8212 Y79.5583 F21000
G0 Z0.2 F720
G1 E0.7 F1500 ; unretract
G1 X144.0344 Y100.7715 E0.99008 F2700 ; pattern
G1 X122.8212 Y121.9847 E0.99008 F2700 ; pattern
G0 X123.3969 Y121.9847 F21000
G1 X144.6101 Y100.7715 E0.99008 F2700 ; pattern
G1 X123.3969 Y79.5583 E0.99008 F2700 ; pattern
G0 X123.9726 Y79.5583 F21000
G1 X145.1858 Y100.7715 E0.99008 F2700 ; pattern
G1 X123.9726 Y121.9847 E0.99008 F2700 ; pattern
M572 S0.034 ; pattern 18/28
G1 E-0.7 F2700 ; retract
G0 Z0.4 F720
G0 X126.4226 Y79.5583 F21000
G0 Z0.2 F720
G1 E0.7 F1500 ; unretract
G1 X147.6358 Y100.7715 E0.99008 F2700 ; pattern
G1 X126.4226 Y121.9847 E0.99008 F2700 ; pattern
G0 X126.9983 Y121.9847 F21000
G1 X148.2115 Y100.7715 E0.99008 F2700 ; pattern
G1 X126.9983 Y79.5583 E0.99008 F2700 ; pattern
G0 X127.574 Y79.5583 F21000
M73 P46 R5
M73 Q46 S7
G1 X148.7872 Y100.7715 E0.99008 F2700 ; pattern
G1 X127.574 Y121.9847 E0.99008 F2700 ; pattern
M572 S0.036 ; pattern 19/28
G1 E-0.7 F2700 ; retract
G0 Z0.4 F720
G0 X130.024 Y79.5583 F21000
G0 Z0.2 F720
G1 E0.7 F1500 ; unretract
G1 X151.2372 Y100.7715 E0.99008 F2700 ; pattern
G1 X130.024 Y121.9847 E0.99008 F2700 ; pattern
G0 X130.5997 Y121.9847 F21000
G1 X151.8129 Y100.7715 E0.99008 F2700 ; pattern
G1 X130.5997 Y79.5583 E0.99008 F2700 ; pattern
G0 X131.1754 Y79.5583 F21000
G1 X152.3886 Y100.7715 E0.99008 F2700 ; pattern
G1 X131.1754 Y121.9847 E0.99008 F2700 ; pattern
M572 S0.038 ; pattern 20/28
G1 E-0.7 F2700 ; retract
G0 Z0.4 F720
G0 X133.6254 Y79.5583 F21000
G0 Z0.2 F720
G1 E0.7 F1500 ; unretract
G1 X154.8386 Y100.7715 E0.99008 F2700 ; pattern
G1 X133.6254 Y121.9847 E0.99008 F2700 ; pattern
G0 X134.2011 Y121.9847 F21000
G1 X155.4143 Y100.7715 E0.99008 F2700 ; pattern
G1 X134.2011 Y79.5583 E0.99008 F2700 ; pattern
G0 X134.7768 Y79.5583 F21000
G1 X155.99 Y100.7715 E0.99008 F2700 ; pattern
M73 P48 R5
M73 Q48 S7
G1 X134.7768 Y121.9847 E0.99008 F2700 ; pattern
M572 S0.04 ; pattern 21/28
G1 E-0.7 F2700 ; retract
G0 Z0.4 F720
G0 X137.2268 Y79.5583 F21000
G0 Z0.2 F720
G1 E0.7 F1500 ; unretract
G1 X158.44 Y100.7715 E0.99008 F2700 ; pattern
G1 X137.2268 Y121.9847 E0.99008 F2700 ; pattern
G0 X137.8025 Y121.9847 F21000
G1 X159.0157 Y100.7715 E0.99008 F2700 ; pattern
G1 X137.8025 Y79.5583 E0.99008 F2700 ; pattern
G0 X138.3782 Y79.5583 F21000
G1 X159.5914 Y100.7715 E0.99008 F2700 ; pattern
G1 X138.3782 Y121.9847 E0.99008 F2700 ; pattern
M572 S0.042 ; pattern 22/28
G1 E-0.7 F2700 ; retract
G0 Z0.4 F720
G0 X140.8282 Y79.5583 F21000
G0 Z0.2 F720
G1 E0.7 F1500 ; unretract
G1 X162.0414 Y100.7715 E0.99008 F2700 ; pattern
G1 X140.8282 Y121.9847 E0.99008 F2700 ; pattern
G0 X141.4039 Y121.9847 F21000
G1 X162.6171 Y100.7715 E0.99008 F2700 ; pattern
G1 X141.4039 Y79.5583 E0.99008 F2700 ; pattern
G0 X141.9796 Y79.5583 F21000
G1 X163.1928 Y100.7715 E0.99008 F2700 ; pattern
G1 X141.9796 Y121.9847 E0.99008 F2700 ; pattern
M572 S0.044 ; pattern 23/28
G1 E-0.7 F2700 ; retract
G0 Z0.4 F720
G0 X144.4296 Y79.5583 F21000
G0 Z0.2 F720
M73 P50 R5
M73 Q50 S7
G1 E0.7 F1500 ; unretract
G1 X165.6428 Y100.7715 E0.99008 F2700 ; pattern
G1 X144.4296 Y121.9847 E0.99008 F2700 ; pattern
G0 X145.0053 Y121.9847 F21000
G1 X166.2185 Y100.7715 E0.99008 F2700 ; pattern
G1 X145.0053 Y79.5583 E0.99008 F2700 ; pattern
G0 X145.581 Y79.5583 F21000
G1 X166.7942 Y100.7715 E0.99008 F2700 ; pattern
G1 X145.581 Y121.9847 E0.99008 F2700 ; pattern
M572 S0.046 ; pattern 24/28
G1 E-0.7 F2700 ; retract
G0 Z0.4 F720
G0 X148.031 Y79.5583 F21000
G0 Z0.2 F720
G1 E0.7 F1500 ; unretract
G1 X169.2442 Y100.7715 E0.99008 F2700 ; pattern
G1 X148.031 Y121.9847 E0.99008 F2700 ; pattern
G0 X148.6067 Y121.9847 F21000
G1 X169.8199 Y100.7715 E0.99008 F2700 ; pattern
G1 X148.6067 Y79.5583 E0.99008 F2700 ; pattern
G0 X149.1823 Y79.5583 F21000
G1 X170.3956 Y100.7715 E0.99008 F2700 ; pattern
G1 X149.1823 Y121.9847 E0.99008 F2700 ; pattern
M572 S0.048 ; pattern 25/28
G1 E-0.7 F2700 ; retract
G0 Z0.4 F720
G0 X151.6323 Y79.5583 F21000
G0 Z0.2 F720
G1 E0.7 F1500 ; unretract
G1 X172.8456 Y100.7715 E0.99008 F2700 ; pattern
M73 P52 R5
M73 Q52 S7
G1 X151.6323 Y121.9847 E0.99008 F2700 ; pattern
G0 X152.208 Y121.9847 F21000
G1 X173.4213 Y100.7715 E0.99008 F2700 ; pattern
G1 X152.208 Y79.5583 E0.99008 F2700 ; pattern
G0 X152.7837 Y79.5583 F21000
G1 X173.9969 Y100.7715 E0.99008 F2700 ; pattern
G1 X152.7837 Y121.9847 E0.99008 F2700 ; pattern
M572 S0.05 ; pattern 26/28
G1 E-0.7 F2700 ; retract
G0 Z0.4 F720
G0 X155.2337 Y79.5583 F21000
G0 Z0.2 F720
G1 E0.7 F1500 ; unretract
G1 X176.4469 Y100.7715 E0.99008 F2700 ; pattern
G1 X155.2337 Y121.9847 E0.99008 F2700 ; pattern
G0 X155.8094 Y121.9847 F21000
G1 X177.0226 Y100.7715 E0.99008 F2700 ; pattern
G1 X155.8094 Y79.5583 E0.99008 F2700 ; pattern
G0 X156.3851 Y79.5583 F21000
G1 X177.5983 Y100.7715 E0.99008 F2700 ; pattern
G1 X156.3851 Y121.9847 E0.99008 F2700 ; pattern
M572 S0.052 ; pattern 27/28
G1 E-0.7 F2700 ; retract
G0 Z0.4 F720
G0 X158.8351 Y79.5583 F21000
G0 Z0.2 F720
G1 E0.7 F1500 ; unretract
G1 X180.0483 Y100.7715 E0.99008 F2700 ; pattern
G1 X158.8351 Y121.9847 E0.99008 F2700 ; pattern
G0 X159.4108 Y121.9847 F21000
M73 P54 R5
M73 Q54 S7
G1 X180.624 Y100.7715 E0.99008 F2700 ; pattern
G1 X159.4108 Y79.5583 E0.99008 F2700 ; pattern
G0 X159.9865 Y79.5583 F21000
G1 X181.1997 Y100.7715 E0.99008 F2700 ; pattern
G1 X159.9865 Y121.9847 E0.99008 F2700 ; pattern
M572 S0.054 ; pattern 28/28
G1 E-0.7 F2700 ; retract
G0 Z0.4 F720
G0 X162.4365 Y79.5583 F21000
G0 Z0.2 F720
G1 E0.7 F1500 ; unretract
G1 X183.6497 Y100.7715 E0.99008 F2700 ; pattern
G1 X162.4365 Y121.9847 E0.99008 F2700 ; pattern
G0 X163.0122 Y121.9847 F21000
G1 X184.2254 Y100.7715 E0.99008 F2700 ; pattern
G1 X163.0122 Y79.5583 E0.99008 F2700 ; pattern
G0 X163.5879 Y79.5583 F21000
G1 X184.8011 Y100.7715 E0.99008 F2700 ; pattern
G1 X163.5879 Y121.9847 E0.99008 F2700 ; pattern
;LAYER_CHANGE
;Z:0.4
;HEIGHT:0.2
G0 Z0.4 F720
M106 S217 ; fan
M204 P3000 T7000 ; print acceleration
; pa value labels
;TYPE:Top solid infill
M572 S0 ; reset for labels
G1 E-0.7 F2700 ; retract
G0 Z0.6 F720
G0 X63.7746 Y125.053 F21000
G0 Z0.4 F720
G1 E0.7 F1500 ; unretract
G1 X65.7746 Y125.053 E0.06601 F2700 ; glyph
G1 X67.7746 Y125.053 E0.06601 F2700 ; glyph
G1 X67.7746 Y127.053 E0.06601 F2700 ; glyph
G1 X65.7746 Y127.053 E0.06601 F2700 ; glyph
G1 X63.7746 Y127.053 E0.06601 F2700 ; glyph
G1 X63.7746 Y125.053 E0.06601 F2700 ; glyph
G1 E-0.7 F2700 ; retract
G0 Z0.6 F720
G0 X70.9774 Y125.053 F21000
G0 Z0.4 F720
G1 E0.7 F1500 ; unretract
G1 X72.9774 Y125.053 E0.06601 F2700 ; glyph
G1 X74.9774 Y125.053 E0.06601 F2700 ; glyph
G1 X74.9774 Y127.053 E0.06601 F2700 ; glyph
G1 X72.9774 Y127.053 E0.06601 F2700 ; glyph
G1 X70.9774 Y127.053 E0.06601 F2700 ; glyph
G1 X70.9774 Y125.053 E0.06601 F2700 ; glyph
G1 E-0.7 F2700 ; retract
G0 Z0.6 F720
G0 X74.9774 Y128.053 F21000
G0 Z0.4 F720
G1 E0.7 F1500 ; unretract
G1 X74.2274 Y128.053 E0.02475 F2700 ; glyph
G1 E-0.7 F2700 ; retract
G0 Z0.6 F720
G0 X70.9774 Y129.053 F21000
G0 Z0.4 F720
G1 E0.7 F1500 ; unretract
G1 X72.9774 Y129.053 E0.06601 F2700 ; glyph
G1 X74.9774 Y129.053 E0.06601 F2700 ; glyph
G1 X74.9774 Y131.053 E0.06601 F2700 ; glyph
G1 X72.9774 Y131.053 E0.06601 F2700 ; glyph
G1 X70.9774 Y131.053 E0.06601 F2700 ; glyph
G1 X70.9774 Y129.053 E0.06601 F2700 ; glyph
G1 E-0.7 F2700 ; retract
G0 Z0.6 F720
G0 X70.9774 Y132.053 F21000
G0 Z0.4 F720
G1 E0.7 F1500 ; unretract
G1 X72.9774 Y132.053 E0.06601 F2700 ; glyph
G1 X74.9774 Y132.053 E0.06601 F2700 ; glyph
G1 X74.9774 Y134.053 E0.06601 F2700 ; glyph
G1 X72.9774 Y134.053 E0.06601 F2700 ; glyph
G1 X70.9774 Y134.053 E0.06601 F2700 ; glyph
G1 X70.9774 Y132.053 E0.06601 F2700 ; glyph
G1 E-0.7 F2700 ; retract
G0 Z0.6 F720
G0 X70.9774 Y137.053 F21000
G0 Z0.4 F720
G1 E0.7 F1500 ; unretract
M73 P56 R4
M73 Q56 S5
G1 X72.9774 Y137.053 E0.06601 F2700 ; glyph
G1 X74.9774 Y137.053 E0.06601 F2700 ; glyph
G0 X72.9774 Y137.053 F21000
G1 X72.9774 Y135.053 E0.06601 F2700 ; glyph
G1 X70.9774 Y135.053 E0.06601 F2700 ; glyph
G1 E-0.7 F2700 ; retract
G0 Z0.6 F720
G0 X78.1801 Y125.053 F21000
G0 Z0.4 F720
G1 E0.7 F1500 ; unretract
G1 X80.1801 Y125.053 E0.06601 F2700 ; glyph
G1 X82.1801 Y125.053 E0.06601 F2700 ; glyph
G1 X82.1801 Y127.053 E0.06601 F2700 ; glyph
G1 X80.1801 Y127.053 E0.06601 F2700 ; glyph
G1 X78.1801 Y127.053 E0.06601 F2700 ; glyph
G1 X78.1801 Y125.053 E0.06601 F2700 ; glyph
G1 E-0.7 F2700 ; retract
G0 Z0.6 F720
G0 X82.1801 Y128.053 F21000
G0 Z0.4 F720
G1 E0.7 F1500 ; unretract
G1 X81.4301 Y128.053 E0.02475 F2700 ; glyph
G1 E-0.7 F2700 ; retract
G0 Z0.6 F720
G0 X78.1801 Y129.053 F21000
G0 Z0.4 F720
G1 E0.7 F1500 ; unretract
G1 X80.1801 Y129.053 E0.06601 F2700 ; glyph
G1 X82.1801 Y129.053 E0.06601 F2700 ; glyph
G1 X82.1801 Y131.053 E0.06601 F2700 ; glyph
G1 X80.1801 Y131.053 E0.06601 F2700 ; glyph
G1 X78.1801 Y131.053 E0.06601 F2700 ; glyph
G1 X78.1801 Y129.053 E0.06601 F2700 ; glyph
G1 E-0.7 F2700 ; retract
G0 Z0.6 F720
G0 X78.1801 Y132.053 F21000
G0 Z0.4 F720
G1 E0.7 F1500 ; unretract
G1 X80.1801 Y132.053 E0.06601 F2700 ; glyph
G1 X82.1801 Y132.053 E0.06601 F2700 ; glyph
G1 X82.1801 Y134.053 E0.06601 F2700 ; glyph
G1 X80.1801 Y134.053 E0.06601 F2700 ; glyph
G1 X78.1801 Y134.053 E0.06601 F2700 ; glyph
G1 X78.1801 Y132.053 E0.06601 F2700 ; glyph
G1 E-0.7 F2700 ; retract
G0 Z0.6 F720
G0 X78.1801 Y135.053 F21000
G0 Z0.4 F720
G1 E0.7 F1500 ; unretract
G1 X80.1801 Y135.053 E0.06601 F2700 ; glyph
G1 X82.1801 Y135.053 E0.06601 F2700 ; glyph
G1 X82.1801 Y137.053 E0.06601 F2700 ; glyph
G1 X80.1801 Y137.053 E0.06601 F2700 ; glyph
G1 X78.1801 Y137.053 E0.06601 F2700 ; glyph
G1 X78.1801 Y135.053 E0.06601 F2700 ; glyph
G0 X80.1801 Y135.053 F21000
G1 X80.1801 Y137.053 E0.06601 F2700 ; glyph
G1 E-0.7 F2700 ; retract
G0 Z0.6 F720
G0 X85.3829 Y125.053 F21000
G0 Z0.4 F720
G1 E0.7 F1500 ; unretract
G1 X87.3829 Y125.053 E0.06601 F2700 ; glyph
G1 X89.3829 Y125.053 E0.06601 F2700 ; glyph
G1 X89.3829 Y127.053 E0.06601 F2700 ; glyph
G1 X87.3829 Y127.053 E0.06601 F2700 ; glyph
G1 X85.3829 Y127.053 E0.06601 F2700 ; glyph
G1 X85.3829 Y125.053 E0.06601 F2700 ; glyph
G1 E-0.7 F2700 ; retract
G0 Z0.6 F720
G0 X89.3829 Y128.053 F21000
G0 Z0.4 F720
G1 E0.7 F1500 ; unretract
G1 X88.6329 Y128.053 E0.02475 F2700 ; glyph
G1 E-0.7 F2700 ; retract
G0 Z0.6 F720
G0 X85.3829 Y129.053 F21000
G0 Z0.4 F720
G1 E0.7 F1500 ; unretract
G1 X87.3829 Y129.053 E0.06601 F2700 ; glyph
G1 X89.3829 Y129.053 E0.06601 F2700 ; glyph
G1 X89.3829 Y131.053 E0.06601 F2700 ; glyph
G1 X87.3829 Y131.053 E0.06601 F2700 ; glyph
G1 X85.3829 Y131.053 E0.06601 F2700 ; glyph
G1 X85.3829 Y129.053 E0.06601 F2700 ; glyph
G1 E-0.7 F2700 ; retract
G0 Z0.6 F720
G0 X85.3829 Y132.053 F21000
G0 Z0.4 F720
G1 E0.7 F1500 ; unretract
G1 X87.3829 Y132.053 E0.06601 F2700 ; glyph
G1 X89.3829 Y132.053 E0.06601 F2700 ; glyph
G1 E-0.7 F2700 ; retract
G0 Z0.6 F720
G0 X85.3829 Y133.053 F21000
G0 Z0.4 F720
G1 E0.7 F1500 ; unretract
G1 X85.3829 Y135.053 E0.06601 F2700 ; glyph
G1 X87.3829 Y135.053 E0.06601 F2700 ; glyph
G1 X87.3829 Y133.053 E0.06601 F2700 ; glyph
G1 X89.3829 Y133.053 E0.06601 F2700 ; glyph
G1 X89.3829 Y135.053 E0.06601 F2700 ; glyph
G1 E-0.7 F2700 ; retract
G0 Z0.6 F720
G0 X92.5857 Y125.053 F21000
G0 Z0.4 F720
G1 E0.7 F1500 ; unretract
G1 X94.5857 Y125.053 E0.06601 F2700 ; glyph
G1 X96.5857 Y125.053 E0.06601 F2700 ; glyph
G1 X96.5857 Y127.053 E0.06601 F2700 ; glyph
G1 X94.5857 Y127.053 E0.06601 F2700 ; glyph
G1 X92.5857 Y127.053 E0.06601 F2700 ; glyph
G1 X92.5857 Y125.053 E0.06601 F2700 ; glyph
G1 E-0.7 F2700 ; retract
G0 Z0.6 F720
G0 X96.5857 Y128.053 F21000
G0 Z0.4 F720
G1 E0.7 F1500 ; unretract
G1 X95.8357 Y128.053 E0.02475 F2700 ; glyph
G1 E-0.7 F2700 ; retract
G0 Z0.6 F720
G0 X92.5857 Y129.053 F21000
G0 Z0.4 F720
G1 E0.7 F1500 ; unretract
G1 X94.5857 Y129.053 E0.06601 F2700 ; glyph
G1 X96.5857 Y129.053 E0.06601 F2700 ; glyph
G1 X96.5857 Y131.053 E0.06601 F2700 ; glyph
G1 X94.5857 Y131.053 E0.06601 F2700 ; glyph
G1 X92.5857 Y131.053 E0.06601 F2700 ; glyph
G1 X92.5857 Y129.053 E0.06601 F2700 ; glyph
G1 E-0.7 F2700 ; retract
G0 Z0.6 F720
G0 X92.5857 Y132.053 F21000
G0 Z0.4 F720
G1 E0.7 F1500 ; unretract
G1 X94.5857 Y132.053 E0.06601 F2700 ; glyph
G1 X96.5857 Y132.053 E0.06601 F2700 ; glyph
G1 E-0.7 F2700 ; retract
G0 Z0.6 F720
G0 X92.5857 Y135.053 F21000
G0 Z0.4 F720
G1 E0.7 F1500 ; unretract
G1 X92.5857 Y133.053 E0.06601 F2700 ; glyph
G1 X94.5857 Y133.053 E0.06601 F2700 ; glyph
G1 X96.5857 Y133.053 E0.06601 F2700 ; glyph
G1 X96.5857 Y135.053 E0.06601 F2700 ; glyph
G1 X94.5857 Y135.053 E0.06601 F2700 ; glyph
G1 X94.5857 Y133.053 E0.06601 F2700 ; glyph
G1 E-0.7 F2700 ; retract
G0 Z0.6 F720
G0 X99.7885 Y125.053 F21000
G0 Z0.4 F720
G1 E0.7 F1500 ; unretract
G1 X101.7885 Y125.053 E0.06601 F2700 ; glyph
G1 X103.7885 Y125.053 E0.06601 F2700 ; glyph
G1 X103.7885 Y127.053 E0.06601 F2700 ; glyph
G1 X101.7885 Y127.053 E0.06601 F2700 ; glyph
G1 X99.7885 Y127.053 E0.06601 F2700 ; glyph
G1 X99.7885 Y125.053 E0.06601 F2700 ; glyph
G1 E-0.7 F2700 ; retract
G0 Z0.6 F720
G0 X103.7885 Y128.053 F21000
G0 Z0.4 F720
G1 E0.7 F1500 ; unretract
G1 X103.0385 Y128.053 E0.02475 F2700 ; glyph
G1 E-0.7 F2700 ; retract
G0 Z0.6 F720
G0 X99.7885 Y129.053 F21000
G0 Z0.4 F720
G1 E0.7 F1500 ; unretract
G1 X101.7885 Y129.053 E0.06601 F2700 ; glyph
G1 X103.7885 Y129.053 E0.06601 F2700 ; glyph
G1 X103.7885 Y131.053 E0.06601 F2700 ; glyph
G1 X101.7885 Y131.053 E0.06601 F2700 ; glyph
G1 X99.7885 Y131.053 E0.06601 F2700 ; glyph
G1 X99.7885 Y129.053 E0.06601 F2700 ; glyph
G1 E-0.7 F2700 ; retract
G0 Z0.6 F720
G0 X99.7885 Y132.053 F21000
G0 Z0.4 F720
G1 E0.7 F1500 ; unretract
G1 X99.7885 Y134.053 E0.06601 F2700 ; glyph
G1 X101.7885 Y134.053 E0.06601 F2700 ; glyph
G1 X101.7885 Y132.053 E0.06601 F2700 ; glyph
G1 X103.7885 Y132.053 E0.06601 F2700 ; glyph
G1 X103.7885 Y134.053 E0.06601 F2700 ; glyph
G1 E-0.7 F2700 ; retract
G0 Z0.6 F720
G0 X106.9913 Y125.053 F21000
G0 Z0.4 F720
G1 E0.7 F1500 ; unretract
G1 X108.9913 Y125.053 E0.06601 F2700 ; glyph
G1 X110.9913 Y125.053 E0.06601 F2700 ; glyph
G1 X110.9913 Y127.053 E0.06601 F2700 ; glyph
G1 X108.9913 Y127.053 E0.06601 F2700 ; glyph
G1 X106.9913 Y127.053 E0.06601 F2700 ; glyph
G1 X106.9913 Y125.053 E0.06601 F2700 ; glyph
G1 E-0.7 F2700 ; retract
G0 Z0.6 F720
G0 X110.9913 Y128.053 F21000
G0 Z0.4 F720
G1 E0.7 F1500 ; unretract
G1 X110.2413 Y128.053 E0.02475 F2700 ; glyph
G1 E-0.7 F2700 ; retract
G0 Z0.6 F720
G0 X106.9913 Y129.053 F21000
G0 Z0.4 F720
G1 E0.7 F1500 ; unretract
G1 X108.9913 Y129.053 E0.06601 F2700 ; glyph
G1 X110.9913 Y129.053 E0.06601 F2700 ; glyph
G1 X110.9913 Y131.053 E0.06601 F2700 ; glyph
G1 X108.9913 Y131.053 E0.06601 F2700 ; glyph
G1 X106.9913 Y131.053 E0.06601 F2700 ; glyph
G1 X106.9913 Y129.053 E0.06601 F2700 ; glyph
G1 E-0.7 F2700 ; retract
G0 Z0.6 F720
G0 X106.9913 Y132.053 F21000
G0 Z0.4 F720
G1 E0.7 F1500 ; unretract
G1 X106.9913 Y134.053 E0.06601 F2700 ; glyph
G1 X108.9913 Y134.053 E0.06601 F2700 ; glyph
G1 X108.9913 Y132.053 E0.06601 F2700 ; glyph
G1 X110.9913 Y132.053 E0.06601 F2700 ; glyph
G1 X110.9913 Y134.053 E0.06601 F2700 ; glyph
G1 E-0.7 F2700 ; retract
G0 Z0.6 F720
G0 X106.9913 Y137.053 F21000
G0 Z0.4 F720
G1 E0.7 F1500 ; unretract
G1 X108.9913 Y137.053 E0.06601 F2700 ; glyph
G1 X110.9913 Y137.053 E0.06601 F2700 ; glyph
G0 X108.9913 Y137.053 F21000
G1 X108.9913 Y135.053 E0.06601 F2700 ; glyph
G1 X106.9913 Y135.053 E0.06601 F2700 ; glyph
G1 E-0.7 F2700 ; retract
G0 Z0.6 F720
G0 X114.1941 Y125.053 F21000
G0 Z0.4 F720
G1 E0.7 F1500 ; unretract
G1 X116.1941 Y125.053 E0.06601 F2700 ; glyph
G1 X118.1941 Y125.053 E0.06601 F2700 ; glyph
G1 X118.1941 Y127.053 E0.06601 F2700 ; glyph
G1 X116.1941 Y127.053 E0.06601 F2700 ; glyph
G1 X114.1941 Y127.053 E0.06601 F2700 ; glyph
G1 X114.1941 Y125.053 E0.06601 F2700 ; glyph
G1 E-0.7 F2700 ; retract
G0 Z0.6 F720
G0 X118.1941 Y128.053 F21000
G0 Z0.4 F720
M73 P58 R4
M73 Q58 S5
G1 E0.7 F1500 ; unretract
G1 X117.4441 Y128.053 E0.02475 F2700 ; glyph
G1 E-0.7 F2700 ; retract
G0 Z0.6 F720
G0 X114.1941 Y129.053 F21000
G0 Z0.4 F720
G1 E0.7 F1500 ; unretract
G1 X116.1941 Y129.053 E0.06601 F2700 ; glyph
G1 X118.1941 Y129.053 E0.06601 F2700 ; glyph
G1 X118.1941 Y131.053 E0.06601 F2700 ; glyph
G1 X116.1941 Y131.053 E0.06601 F2700 ; glyph
G1 X114.1941 Y131.053 E0.06601 F2700 ; glyph
G1 X114.1941 Y129.053 E0.06601 F2700 ; glyph
G1 E-0.7 F2700 ; retract
G0 Z0.6 F720
G0 X114.1941 Y132.053 F21000
G0 Z0.4 F720
G1 E0.7 F1500 ; unretract
G1 X114.1941 Y134.053 E0.06601 F2700 ; glyph
G1 X116.1941 Y134.053 E0.06601 F2700 ; glyph
G1 X116.1941 Y132.053 E0.06601 F2700 ; glyph
G1 X118.1941 Y132.053 E0.06601 F2700 ; glyph
G1 X118.1941 Y134.053 E0.06601 F2700 ; glyph
G1 E-0.7 F2700 ; retract
G0 Z0.6 F720
G0 X114.1941 Y135.053 F21000
G0 Z0.4 F720
G1 E0.7 F1500 ; unretract
G1 X116.1941 Y135.053 E0.06601 F2700 ; glyph
G1 X118.1941 Y135.053 E0.06601 F2700 ; glyph
G1 X118.1941 Y137.053 E0.06601 F2700 ; glyph
G1 X116.1941 Y137.053 E0.06601 F2700 ; glyph
G1 X114.1941 Y137.053 E0.06601 F2700 ; glyph
G1 X114.1941 Y135.053 E0.06601 F2700 ; glyph
G0 X116.1941 Y135.053 F21000
G1 X116.1941 Y137.053 E0.06601 F2700 ; glyph
G1 E-0.7 F2700 ; retract
G0 Z0.6 F720
G0 X121.3969 Y125.053 F21000
G0 Z0.4 F720
G1 E0.7 F1500 ; unretract
G1 X123.3969 Y125.053 E0.06601 F2700 ; glyph
G1 X125.3969 Y125.053 E0.06601 F2700 ; glyph
G1 X125.3969 Y127.053 E0.06601 F2700 ; glyph
G1 X123.3969 Y127.053 E0.06601 F2700 ; glyph
G1 X121.3969 Y127.053 E0.06601 F2700 ; glyph
G1 X121.3969 Y125.053 E0.06601 F2700 ; glyph
G1 E-0.7 F2700 ; retract
G0 Z0.6 F720
G0 X125.3969 Y128.053 F21000
G0 Z0.4 F720
G1 E0.7 F1500 ; unretract
G1 X124.6469 Y128.053 E0.02475 F2700 ; glyph
G1 E-0.7 F2700 ; retract
G0 Z0.6 F720
G0 X121.3969 Y129.053 F21000
G0 Z0.4 F720
G1 E0.7 F1500 ; unretract
G1 X123.3969 Y129.053 E0.06601 F2700 ; glyph
G1 X125.3969 Y129.053 E0.06601 F2700 ; glyph
G1 X125.3969 Y131.053 E0.06601 F2700 ; glyph
G1 X123.3969 Y131.053 E0.06601 F2700 ; glyph
G1 X121.3969 Y131.053 E0.06601 F2700 ; glyph
G1 X121.3969 Y129.053 E0.06601 F2700 ; glyph
G1 E-0.7 F2700 ; retract
G0 Z0.6 F720
G0 X121.3969 Y132.053 F21000
G0 Z0.4 F720
G1 E0.7 F1500 ; unretract
G1 X121.3969 Y134.053 E0.06601 F2700 ; glyph
G1 X123.3969 Y134.053 E0.06601 F2700 ; glyph
G1 X123.3969 Y132.053 E0.06601 F2700 ; glyph
G0 X123.3969 Y134.053 F21000
G1 X125.3969 Y134.053 E0.06601 F2700 ; glyph
G1 X125.3969 Y132.053 E0.06601 F2700 ; glyph
G1 E-0.7 F2700 ; retract
G0 Z0.6 F720
G0 X121.3969 Y135.053 F21000
G0 Z0.4 F720
G1 E0.7 F1500 ; unretract
G1 X121.3969 Y137.053 E0.06601 F2700 ; glyph
G1 X123.3969 Y137.053 E0.06601 F2700 ; glyph
G1 X123.3969 Y135.053 E0.06601 F2700 ; glyph
G1 X125.3969 Y135.053 E0.06601 F2700 ; glyph
G1 X125.3969 Y137.053 E0.06601 F2700 ; glyph
G1 E-0.7 F2700 ; retract
G0 Z0.6 F720
G0 X128.5997 Y125.053 F21000
G0 Z0.4 F720
G1 E0.7 F1500 ; unretract
G1 X130.5997 Y125.053 E0.06601 F2700 ; glyph
G1 X132.5997 Y125.053 E0.06601 F2700 ; glyph
G1 X132.5997 Y127.053 E0.06601 F2700 ; glyph
G1 X130.5997 Y127.053 E0.06601 F2700 ; glyph
G1 X128.5997 Y127.053 E0.06601 F2700 ; glyph
G1 X128.5997 Y125.053 E0.06601 F2700 ; glyph
G1 E-0.7 F2700 ; retract
G0 Z0.6 F720
G0 X132.5997 Y128.053 F21000
G0 Z0.4 F720
G1 E0.7 F1500 ; unretract
G1 X131.8497 Y128.053 E0.02475 F2700 ; glyph
G1 E-0.7 F2700 ; retract
G0 Z0.6 F720
G0 X128.5997 Y129.053 F21000
G0 Z0.4 F720
G1 E0.7 F1500 ; unretract
G1 X130.5997 Y129.053 E0.06601 F2700 ; glyph
G1 X132.5997 Y129.053 E0.06601 F2700 ; glyph
G1 X132.5997 Y131.053 E0.06601 F2700 ; glyph
G1 X130.5997 Y131.053 E0.06601 F2700 ; glyph
G1 X128.5997 Y131.053 E0.06601 F2700 ; glyph
G1 X128.5997 Y129.053 E0.06601 F2700 ; glyph
G1 E-0.7 F2700 ; retract
G0 Z0.6 F720
G0 X128.5997 Y132.053 F21000
G0 Z0.4 F720
G1 E0.7 F1500 ; unretract
G1 X128.5997 Y134.053 E0.06601 F2700 ; glyph
G1 X130.5997 Y134.053 E0.06601 F2700 ; glyph
G1 X130.5997 Y132.053 E0.06601 F2700 ; glyph
G0 X130.5997 Y134.053 F21000
G1 X132.5997 Y134.053 E0.06601 F2700 ; glyph
G1 X132.5997 Y132.053 E0.06601 F2700 ; glyph
G1 E-0.7 F2700 ; retract
G0 Z0.6 F720
G0 X128.5997 Y137.053 F21000
G0 Z0.4 F720
G1 E0.7 F1500 ; unretract
G1 X128.5997 Y135.053 E0.06601 F2700 ; glyph
G1 X130.5997 Y135.053 E0.06601 F2700 ; glyph
G1 X132.5997 Y135.053 E0.06601 F2700 ; glyph
G1 X132.5997 Y137.053 E0.06601 F2700 ; glyph
G1 X130.5997 Y137.053 E0.06601 F2700 ; glyph
G1 X130.5997 Y135.053 E0.06601 F2700 ; glyph
G1 E-0.7 F2700 ; retract
G0 Z0.6 F720
G0 X135.8025 Y125.053 F21000
G0 Z0.4 F720
G1 E0.7 F1500 ; unretract
G1 X137.8025 Y125.053 E0.06601 F2700 ; glyph
G1 X139.8025 Y125.053 E0.06601 F2700 ; glyph
G1 X139.8025 Y127.053 E0.06601 F2700 ; glyph
G1 X137.8025 Y127.053 E0.06601 F2700 ; glyph
G1 X135.8025 Y127.053 E0.06601 F2700 ; glyph
G1 X135.8025 Y125.053 E0.06601 F2700 ; glyph
G1 E-0.7 F2700 ; retract
G0 Z0.6 F720
G0 X139.8025 Y128.053 F21000
G0 Z0.4 F720
G1 E0.7 F1500 ; unretract
G1 X139.0525 Y128.053 E0.02475 F2700 ; glyph
G1 E-0.7 F2700 ; retract
G0 Z0.6 F720
G0 X135.8025 Y129.053 F21000
G0 Z0.4 F720
G1 E0.7 F1500 ; unretract
G1 X137.8025 Y129.053 E0.06601 F2700 ; glyph
G1 X139.8025 Y129.053 E0.06601 F2700 ; glyph
G1 X139.8025 Y131.053 E0.06601 F2700 ; glyph
G1 X137.8025 Y131.053 E0.06601 F2700 ; glyph
G1 X135.8025 Y131.053 E0.06601 F2700 ; glyph
G1 X135.8025 Y129.053 E0.06601 F2700 ; glyph
G1 E-0.7 F2700 ; retract
G0 Z0.6 F720
G0 X135.8025 Y134.053 F21000
G0 Z0.4 F720
G1 E0.7 F1500 ; unretract
G1 X137.8025 Y134.053 E0.06601 F2700 ; glyph
G1 X139.8025 Y134.053 E0.06601 F2700 ; glyph
G0 X137.8025 Y134.053 F21000
G1 X137.8025 Y132.053 E0.06601 F2700 ; glyph
G1 X135.8025 Y132.053 E0.06601 F2700 ; glyph
G1 E-0.7 F2700 ; retract
G0 Z0.6 F720
G0 X143.0053 Y125.053 F21000
G0 Z0.4 F720
G1 E0.7 F1500 ; unretract
G1 X145.0053 Y125.053 E0.06601 F2700 ; glyph
G1 X147.0053 Y125.053 E0.06601 F2700 ; glyph
G1 X147.0053 Y127.053 E0.06601 F2700 ; glyph
G1 X145.0053 Y127.053 E0.06601 F2700 ; glyph
G1 X143.0053 Y127.053 E0.06601 F2700 ; glyph
G1 X143.0053 Y125.053 E0.06601 F2700 ; glyph
G1 E-0.7 F2700 ; retract
G0 Z0.6 F720
G0 X147.0053 Y128.053 F21000
G0 Z0.4 F720
G1 E0.7 F1500 ; unretract
G1 X146.2553 Y128.053 E0.02475 F2700 ; glyph
G1 E-0.7 F2700 ; retract
G0 Z0.6 F720
G0 X143.0053 Y129.053 F21000
G0 Z0.4 F720
G1 E0.7 F1500 ; unretract
G1 X145.0053 Y129.053 E0.06601 F2700 ; glyph
G1 X147.0053 Y129.053 E0.06601 F2700 ; glyph
G1 X147.0053 Y131.053 E0.06601 F2700 ; glyph
G1 X145.0053 Y131.053 E0.06601 F2700 ; glyph
G1 X143.0053 Y131.053 E0.06601 F2700 ; glyph
G1 X143.0053 Y129.053 E0.06601 F2700 ; glyph
G1 E-0.7 F2700 ; retract
G0 Z0.6 F720
G0 X143.0053 Y134.053 F21000
G0 Z0.4 F720
G1 E0.7 F1500 ; unretract
G1 X145.0053 Y134.053 E0.06601 F2700 ; glyph
G1 X147.0053 Y134.053 E0.06601 F2700 ; glyph
G0 X145.0053 Y134.053 F21000
G1 X145.0053 Y132.053 E0.06601 F2700 ; glyph
G1 X143.0053 Y132.053 E0.06601 F2700 ; glyph
G1 E-0.7 F2700 ; retract
G0 Z0.6 F720
G0 X143.0053 Y137.053 F21000
G0 Z0.4 F720
G1 E0.7 F1500 ; unretract
G1 X145.0053 Y137.053 E0.06601 F2700 ; glyph
G1 X147.0053 Y137.053 E0.06601 F2700 ; glyph
G0 X145.0053 Y137.053 F21000
G1 X145.0053 Y135.053 E0.06601 F2700 ; glyph
G1 X143.0053 Y135.053 E0.06601 F2700 ; glyph
G1 E-0.7 F2700 ; retract
G0 Z0.6 F720
G0 X150.208 Y125.053 F21000
G0 Z0.4 F720
G1 E0.7 F1500 ; unretract
G1 X152.208 Y125.053 E0.06601 F2700 ; glyph
G1 X154.208 Y125.053 E0.06601 F2700 ; glyph
G1 X154.208 Y127.053 E0.06601 F2700 ; glyph
G1 X152.208 Y127.053 E0.06601 F2700 ; glyph
G1 X150.208 Y127.053 E0.06601 F2700 ; glyph
G1 X150.208 Y125.053 E0.06601 F2700 ; glyph
G1 E-0.7 F2700 ; retract
G0 Z0.6 F720
G0 X154.208 Y128.053 F21000
G0 Z0.4 F720
G1 E0.7 F1500 ; unretract
G1 X153.458 Y128.053 E0.02475 F2700 ; glyph
G1 E-0.7 F2700 ; retract
G0 Z0.6 F720
G0 X150.208 Y129.053 F21000
G0 Z0.4 F720
G1 E0.7 F1500 ; unretract
G1 X152.208 Y129.053 E0.06601 F2700 ; glyph
G1 X154.208 Y129.053 E0.06601 F2700 ; glyph
G1 X154.208 Y131.053 E0.06601 F2700 ; glyph
G1 X152.208 Y131.053 E0.06601 F2700 ; glyph
G1 X150.208 Y131.053 E0.06601 F2700 ; glyph
M73 P60 R4
M73 Q60 S5
G1 X150.208 Y129.053 E0.06601 F2700 ; glyph
G1 E-0.7 F2700 ; retract
G0 Z0.6 F720
G0 X150.208 Y134.053 F21000
G0 Z0.4 F720
G1 E0.7 F1500 ; unretract
G1 X152.208 Y134.053 E0.06601 F2700 ; glyph
G1 X154.208 Y134.053 E0.06601 F2700 ; glyph
G0 X152.208 Y134.053 F21000
G1 X152.208 Y132.053 E0.06601 F2700 ; glyph
G1 X150.208 Y132.053 E0.06601 F2700 ; glyph
G1 E-0.7 F2700 ; retract
G0 Z0.6 F720
G0 X150.208 Y135.053 F21000
G0 Z0.4 F720
G1 E0.7 F1500 ; unretract
G1 X152.208 Y135.053 E0.06601 F2700 ; glyph
G1 X154.208 Y135.053 E0.06601 F2700 ; glyph
G1 X154.208 Y137.053 E0.06601 F2700 ; glyph
G1 X152.208 Y137.053 E0.06601 F2700 ; glyph
G1 X150.208 Y137.053 E0.06601 F2700 ; glyph
G1 X150.208 Y135.053 E0.06601 F2700 ; glyph
G0 X152.208 Y135.053 F21000
G1 X152.208 Y137.053 E0.06601 F2700 ; glyph
G1 E-0.7 F2700 ; retract
G0 Z0.6 F720
G0 X157.4108 Y125.053 F21000
G0 Z0.4 F720
G1 E0.7 F1500 ; unretract
G1 X159.4108 Y125.053 E0.06601 F2700 ; glyph
G1 X161.4108 Y125.053 E0.06601 F2700 ; glyph
G1 X161.4108 Y127.053 E0.06601 F2700 ; glyph
G1 X159.4108 Y127.053 E0.06601 F2700 ; glyph
G1 X157.4108 Y127.053 E0.06601 F2700 ; glyph
G1 X157.4108 Y125.053 E0.06601 F2700 ; glyph
G1 E-0.7 F2700 ; retract
G0 Z0.6 F720
G0 X161.4108 Y128.053 F21000
G0 Z0.4 F720
G1 E0.7 F1500 ; unretract
G1 X160.6608 Y128.053 E0.02475 F2700 ; glyph
G1 E-0.7 F2700 ; retract
G0 Z0.6 F720
G0 X157.4108 Y129.053 F21000
G0 Z0.4 F720
G1 E0.7 F1500 ; unretract
G1 X159.4108 Y129.053 E0.06601 F2700 ; glyph
G1 X161.4108 Y129.053 E0.06601 F2700 ; glyph
G1 X161.4108 Y131.053 E0.06601 F2700 ; glyph
G1 X159.4108 Y131.053 E0.06601 F2700 ; glyph
G1 X157.4108 Y131.053 E0.06601 F2700 ; glyph
G1 X157.4108 Y129.053 E0.06601 F2700 ; glyph
G1 E-0.7 F2700 ; retract
G0 Z0.6 F720
G0 X157.4108 Y134.053 F21000
G0 Z0.4 F720
G1 E0.7 F1500 ; unretract
G1 X157.4108 Y132.053 E0.06601 F2700 ; glyph
G1 X159.4108 Y132.053 E0.06601 F2700 ; glyph
G1 X159.4108 Y134.053 E0.06601 F2700 ; glyph
G1 X161.4108 Y134.053 E0.06601 F2700 ; glyph
G1 X161.4108 Y132.053 E0.06601 F2700 ; glyph
G1 E-0.7 F2700 ; retract
G0 Z0.6 F720
G0 X157.4108 Y135.053 F21000
G0 Z0.4 F720
G1 E0.7 F1500 ; unretract
G1 X157.4108 Y137.053 E0.06601 F2700 ; glyph
G1 X159.4108 Y137.053 E0.06601 F2700 ; glyph
G1 X159.4108 Y135.053 E0.06601 F2700 ; glyph
G1 X161.4108 Y135.053 E0.06601 F2700 ; glyph
G1 X161.4108 Y137.053 E0.06601 F2700 ; glyph
; scale ticks
G1 E-0.7 F2700 ; retract
G0 Z0.6 F720
G0 X65.7746 Y139.053 F21000
G0 Z0.4 F720
G1 E0.7 F1500 ; unretract
G1 X65.7746 Y141.553 E0.08251 F2700 ; glyph
G1 E-0.7 F2700 ; retract
G0 Z0.6 F720
G0 X69.376 Y139.053 F21000
G0 Z0.4 F720
G1 E0.7 F1500 ; unretract
G1 X69.376 Y140.053 E0.033 F2700 ; glyph
G1 E-0.7 F2700 ; retract
G0 Z0.6 F720
G0 X72.9774 Y139.053 F21000
G0 Z0.4 F720
G1 E0.7 F1500 ; unretract
G1 X72.9774 Y140.053 E0.033 F2700 ; glyph
G1 E-0.7 F2700 ; retract
G0 Z0.6 F720
G0 X76.5787 Y139.053 F21000
G0 Z0.4 F720
G1 E0.7 F1500 ; unretract
G1 X76.5787 Y140.053 E0.033 F2700 ; glyph
G1 E-0.7 F2700 ; retract
G0 Z0.6 F720
G0 X80.1801 Y139.053 F21000
G0 Z0.4 F720
G1 E0.7 F1500 ; unretract
G1 X80.1801 Y140.053 E0.033 F2700 ; glyph
G1 E-0.7 F2700 ; retract
G0 Z0.6 F720
G0 X83.7815 Y139.053 F21000
G0 Z0.4 F720
G1 E0.7 F1500 ; unretract
G1 X83.7815 Y141.553 E0.08251 F2700 ; glyph
G1 E-0.7 F2700 ; retract
G0 Z0.6 F720
G0 X87.3829 Y139.053 F21000
G0 Z0.4 F720
G1 E0.7 F1500 ; unretract
G1 X87.3829 Y140.053 E0.033 F2700 ; glyph
G1 E-0.7 F2700 ; retract
G0 Z0.6 F720
G0 X90.9843 Y139.053 F21000
G0 Z0.4 F720
G1 E0.7 F1500 ; unretract
G1 X90.9843 Y140.053 E0.033 F2700 ; glyph
G1 E-0.7 F2700 ; retract
G0 Z0.6 F720
G0 X94.5857 Y139.053 F21000
G0 Z0.4 F720
G1 E0.7 F1500 ; unretract
G1 X94.5857 Y140.053 E0.033 F2700 ; glyph
G1 E-0.7 F2700 ; retract
G0 Z0.6 F720
G0 X98.1871 Y139.053 F21000
G0 Z0.4 F720
G1 E0.7 F1500 ; unretract
G1 X98.1871 Y140.053 E0.033 F2700 ; glyph
G1 E-0.7 F2700 ; retract
G0 Z0.6 F720
G0 X101.7885 Y139.053 F21000
G0 Z0.4 F720
G1 E0.7 F1500 ; unretract
G1 X101.7885 Y141.553 E0.08251 F2700 ; glyph
G1 E-0.7 F2700 ; retract
G0 Z0.6 F720
G0 X105.3899 Y139.053 F21000
G0 Z0.4 F720
G1 E0.7 F1500 ; unretract
G1 X105.3899 Y140.053 E0.033 F2700 ; glyph
G1 E-0.7 F2700 ; retract
G0 Z0.6 F720
G0 X108.9913 Y139.053 F21000
G0 Z0.4 F720
G1 E0.7 F1500 ; unretract
G1 X108.9913 Y140.053 E0.033 F2700 ; glyph
G1 E-0.7 F2700 ; retract
G0 Z0.6 F720
G0 X112.5927 Y139.053 F21000
G0 Z0.4 F720
G1 E0.7 F1500 ; unretract
G1 X112.5927 Y140.053 E0.033 F2700 ; glyph
G1 E-0.7 F2700 ; retract
G0 Z0.6 F720
G0 X116.1941 Y139.053 F21000
G0 Z0.4 F720
G1 E0.7 F1500 ; unretract
G1 X116.1941 Y140.053 E0.033 F2700 ; glyph
G1 E-0.7 F2700 ; retract
G0 Z0.6 F720
G0 X119.7955 Y139.053 F21000
G0 Z0.4 F720
G1 E0.7 F1500 ; unretract
G1 X119.7955 Y141.553 E0.08251 F2700 ; glyph
G1 E-0.7 F2700 ; retract
G0 Z0.6 F720
G0 X123.3969 Y139.053 F21000
G0 Z0.4 F720
G1 E0.7 F1500 ; unretract
G1 X123.3969 Y140.053 E0.033 F2700 ; glyph
G1 E-0.7 F2700 ; retract
G0 Z0.6 F720
G0 X126.9983 Y139.053 F21000
G0 Z0.4 F720
G1 E0.7 F1500 ; unretract
G1 X126.9983 Y140.053 E0.033 F2700 ; glyph
G1 E-0.7 F2700 ; retract
G0 Z0.6 F720
G0 X130.5997 Y139.053 F21000
G0 Z0.4 F720
G1 E0.7 F1500 ; unretract
G1 X130.5997 Y140.053 E0.033 F2700 ; glyph
G1 E-0.7 F2700 ; retract
G0 Z0.6 F720
G0 X134.2011 Y139.053 F21000
G0 Z0.4 F720
G1 E0.7 F1500 ; unretract
G1 X134.2011 Y140.053 E0.033 F2700 ; glyph
G1 E-0.7 F2700 ; retract
G0 Z0.6 F720
G0 X137.8025 Y139.053 F21000
G0 Z0.4 F720
G1 E0.7 F1500 ; unretract
G1 X137.8025 Y141.553 E0.08251 F2700 ; glyph
G1 E-0.7 F2700 ; retract
G0 Z0.6 F720
G0 X141.4039 Y139.053 F21000
G0 Z0.4 F720
G1 E0.7 F1500 ; unretract
G1 X141.4039 Y140.053 E0.033 F2700 ; glyph
G1 E-0.7 F2700 ; retract
G0 Z0.6 F720
G0 X145.0053 Y139.053 F21000
G0 Z0.4 F720
G1 E0.7 F1500 ; unretract
G1 X145.0053 Y140.053 E0.033 F2700 ; glyph
G1 E-0.7 F2700 ; retract
G0 Z0.6 F720
G0 X148.6067 Y139.053 F21000
G0 Z0.4 F720
G1 E0.7 F1500 ; unretract
G1 X148.6067 Y140.053 E0.033 F2700 ; glyph
G1 E-0.7 F2700 ; retract
G0 Z0.6 F720
G0 X152.208 Y139.053 F21000
G0 Z0.4 F720
G1 E0.7 F1500 ; unretract
G1 X152.208 Y140.053 E0.033 F2700 ; glyph
G1 E-0.7 F2700 ; retract
G0 Z0.6 F720
G0 X155.8094 Y139.053 F21000
G0 Z0.4 F720
G1 E0.7 F1500 ; unretract
G1 X155.8094 Y141.553 E0.08251 F2700 ; glyph
G1 E-0.7 F2700 ; retract
G0 Z0.6 F720
G0 X159.4108 Y139.053 F21000
G0 Z0.4 F720
G1 E0.7 F1500 ; unretract
G1 X159.4108 Y140.053 E0.033 F2700 ; glyph
G1 E-0.7 F2700 ; retract
G0 Z0.6 F720
G0 X163.0122 Y139.053 F21000
G0 Z0.4 F720
G1 E0.7 F1500 ; unretract
G1 X163.0122 Y140.053 E0.033 F2700 ; glyph
;TYPE:External perimeter
M572 S0 ; pattern 1/28
G1 E-0.7 F2700 ; retract
G0 Z0.6 F720
G0 X65.1989 Y79.5583 F21000
G0 Z0.4 F720
G1 E0.7 F1500 ; unretract
G1 X86.4121 Y100.7715 E0.99008 F9000 ; pattern
G1 X65.1989 Y121.9847 E0.99008 F9000 ; pattern
G0 X65.7746 Y121.9847 F21000
G1 X86.9878 Y100.7715 E0.99008 F9000 ; pattern
G1 X65.7746 Y79.5583 E0.99008 F9000 ; pattern
G0 X66.3503 Y79.5583 F21000
G1 X87.5635 Y100.7715 E0.99008 F9000 ; pattern
G1 X66.3503 Y121.9847 E0.99008 F9000 ; pattern
M572 S0.002 ; pattern 2/28
G1 E-0.7 F2700 ; retract
G0 Z0.6 F720
G0 X68.8003 Y79.5583 F21000
G0 Z0.4 F720
M73 P62 R4
M73 Q62 S5
G1 E0.7 F1500 ; unretract
G1 X90.0135 Y100.7715 E0.99008 F9000 ; pattern
G1 X68.8003 Y121.9847 E0.99008 F9000 ; pattern
G0 X69.376 Y121.9847 F21000
G1 X90.5892 Y100.7715 E0.99008 F9000 ; pattern
G1 X69.376 Y79.5583 E0.99008 F9000 ; pattern
G0 X69.9517 Y79.5583 F21000
G1 X91.1649 Y100.7715 E0.99008 F9000 ; pattern
G1 X69.9517 Y121.9847 E0.99008 F9000 ; pattern
M572 S0.004 ; pattern 3/28
G1 E-0.7 F2700 ; retract
G0 Z0.6 F720
G0 X72.4017 Y79.5583 F21000
G0 Z0.4 F720
G1 E0.7 F1500 ; unretract
G1 X93.6149 Y100.7715 E0.99008 F9000 ; pattern
G1 X72.4017 Y121.9847 E0.99008 F9000 ; pattern
G0 X72.9774 Y121.9847 F21000
G1 X94.1906 Y100.7715 E0.99008 F9000 ; pattern
G1 X72.9774 Y79.5583 E0.99008 F9000 ; pattern
G0 X73.5531 Y79.5583 F21000
G1 X94.7663 Y100.7715 E0.99008 F9000 ; pattern
G1 X73.5531 Y121.9847 E0.99008 F9000 ; pattern
M572 S0.006 ; pattern 4/28
G1 E-0.7 F2700 ; retract
G0 Z0.6 F720
G0 X76.0031 Y79.5583 F21000
G0 Z0.4 F720
G1 E0.7 F1500 ; unretract
G1 X97.2163 Y100.7715 E0.99008 F9000 ; pattern
G1 X76.0031 Y121.9847 E0.99008 F9000 ; pattern
G0 X76.5787 Y121.9847 F21000
G1 X97.792 Y100.7715 E0.99008 F9000 ; pattern
G1 X76.5787 Y79.5583 E0.99008 F9000 ; pattern
G0 X77.1544 Y79.5583 F21000
G1 X98.3677 Y100.7715 E0.99008 F9000 ; pattern
G1 X77.1544 Y121.9847 E0.99008 F9000 ; pattern
M572 S0.008 ; pattern 5/28
G1 E-0.7 F2700 ; retract
G0 Z0.6 F720
G0 X79.6044 Y79.5583 F21000
G0 Z0.4 F720
G1 E0.7 F1500 ; unretract
G1 X100.8177 Y100.7715 E0.99008 F9000 ; pattern
G1 X79.6044 Y121.9847 E0.99008 F9000 ; pattern
G0 X80.1801 Y121.9847 F21000
G1 X101.3933 Y100.7715 E0.99008 F9000 ; pattern
G1 X80.1801 Y79.5583 E0.99008 F9000 ; pattern
G0 X80.7558 Y79.5583 F21000
G1 X101.969 Y100.7715 E0.99008 F9000 ; pattern
G1 X80.7558 Y121.9847 E0.99008 F9000 ; pattern
M572 S0.01 ; pattern 6/28
G1 E-0.7 F2700 ; retract
G0 Z0.6 F720
G0 X83.2058 Y79.5583 F21000
G0 Z0.4 F720
G1 E0.7 F1500 ; unretract
G1 X104.419 Y100.7715 E0.99008 F9000 ; pattern
G1 X83.2058 Y121.9847 E0.99008 F9000 ; pattern
G0 X83.7815 Y121.9847 F21000
G1 X104.9947 Y100.7715 E0.99008 F9000 ; pattern
G1 X83.7815 Y79.5583 E0.99008 F9000 ; pattern
G0 X84.3572 Y79.5583 F21000
G1 X105.5704 Y100.7715 E0.99008 F9000 ; pattern
G1 X84.3572 Y121.9847 E0.99008 F9000 ; pattern
M572 S0.012 ; pattern 7/28
G1 E-0.7 F2700 ; retract
G0 Z0.6 F720
G0 X86.8072 Y79.5583 F21000
G0 Z0.4 F720
G1 E0.7 F1500 ; unretract
G1 X108.0204 Y100.7715 E0.99008 F9000 ; pattern
G1 X86.8072 Y121.9847 E0.99008 F9000 ; pattern
G0 X87.3829 Y121.9847 F21000
G1 X108.5961 Y100.7715 E0.99008 F9000 ; pattern
G1 X87.3829 Y79.5583 E0.99008 F9000 ; pattern
G0 X87.9586 Y79.5583 F21000
G1 X109.1718 Y100.7715 E0.99008 F9000 ; pattern
G1 X87.9586 Y121.9847 E0.99008 F9000 ; pattern
M572 S0.014 ; pattern 8/28
M73 P64 R4
M73 Q64 S5
G1 E-0.7 F2700 ; retract
G0 Z0.6 F720
G0 X90.4086 Y79.5583 F21000
G0 Z0.4 F720
G1 E0.7 F1500 ; unretract
G1 X111.6218 Y100.7715 E0.99008 F9000 ; pattern
G1 X90.4086 Y121.9847 E0.99008 F9000 ; pattern
G0 X90.9843 Y121.9847 F21000
G1 X112.1975 Y100.7715 E0.99008 F9000 ; pattern
G1 X90.9843 Y79.5583 E0.99008 F9000 ; pattern
G0 X91.56 Y79.5583 F21000
G1 X112.7732 Y100.7715 E0.99008 F9000 ; pattern
G1 X91.56 Y121.9847 E0.99008 F9000 ; pattern
M572 S0.016 ; pattern 9/28
G1 E-0.7 F2700 ; retract
G0 Z0.6 F720
G0 X94.01 Y79.5583 F21000
G0 Z0.4 F720
G1 E0.7 F1500 ; unretract
G1 X115.2232 Y100.7715 E0.99008 F9000 ; pattern
G1 X94.01 Y121.9847 E0.99008 F9000 ; pattern
G0 X94.5857 Y121.9847 F21000
G1 X115.7989 Y100.7715 E0.99008 F9000 ; pattern
G1 X94.5857 Y79.5583 E0.99008 F9000 ; pattern
G0 X95.1614 Y79.5583 F21000
G1 X116.3746 Y100.7715 E0.99008 F9000 ; pattern
G1 X95.1614 Y121.9847 E0.99008 F9000 ; pattern
M572 S0.018 ; pattern 10/28
G1 E-0.7 F2700 ; retract
G0 Z0.6 F720
G0 X97.6114 Y79.5583 F21000
G0 Z0.4 F720
G1 E0.7 F1500 ; unretract
G1 X118.8246 Y100.7715 E0.99008 F9000 ; pattern
G1 X97.6114 Y121.9847 E0.99008 F9000 ; pattern
G0 X98.1871 Y121.9847 F21000
G1 X119.4003 Y100.7715 E0.99008 F9000 ; pattern
G1 X98.1871 Y79.5583 E0.99008 F9000 ; pattern
G0 X98.7628 Y79.5583 F21000
G1 X119.976 Y100.7715 E0.99008 F9000 ; pattern
G1 X98.7628 Y121.9847 E0.99008 F9000 ; pattern
M572 S0.02 ; pattern 11/28
G1 E-0.7 F2700 ; retract
G0 Z0.6 F720
G0 X101.2128 Y79.5583 F21000
G0 Z0.4 F720
G1 E0.7 F1500 ; unretract
G1 X122.426 Y100.7715 E0.99008 F9000 ; pattern
G1 X101.2128 Y121.9847 E0.99008 F9000 ; pattern
G0 X101.7885 Y121.9847 F21000
G1 X123.0017 Y100.7715 E0.99008 F9000 ; pattern
G1 X101.7885 Y79.5583 E0.99008 F9000 ; pattern
G0 X102.3642 Y79.5583 F21000
G1 X123.5774 Y100.7715 E0.99008 F9000 ; pattern
G1 X102.3642 Y121.9847 E0.99008 F9000 ; pattern
M572 S0.022 ; pattern 12/28
G1 E-0.7 F2700 ; retract
G0 Z0.6 F720
G0 X104.8142 Y79.5583 F21000
G0 Z0.4 F720
G1 E0.7 F1500 ; unretract
G1 X126.0274 Y100.7715 E0.99008 F9000 ; pattern
G1 X104.8142 Y121.9847 E0.99008 F9000 ; pattern
G0 X105.3899 Y121.9847 F21000
G1 X126.6031 Y100.7715 E0.99008 F9000 ; pattern
G1 X105.3899 Y79.5583 E0.99008 F9000 ; pattern
G0 X105.9656 Y79.5583 F21000
G1 X127.1788 Y100.7715 E0.99008 F9000 ; pattern
G1 X105.9656 Y121.9847 E0.99008 F9000 ; pattern
M572 S0.024 ; pattern 13/28
G1 E-0.7 F2700 ; retract
G0 Z0.6 F720
G0 X108.4156 Y79.5583 F21000
G0 Z0.4 F720
G1 E0.7 F1500 ; unretract
G1 X129.6288 Y100.7715 E0.99008 F9000 ; pattern
G1 X108.4156 Y121.9847 E0.99008 F9000 ; pattern
G0 X108.9913 Y121.9847 F21000
G1 X130.2045 Y100.7715 E0.99008 F9000 ; pattern
G1 X108.9913 Y79.5583 E0.99008 F9000 ; pattern
G0 X109.567 Y79.5583 F21000
G1 X130.7802 Y100.7715 E0.99008 F9000 ; pattern
M73 P66 R3
M73 Q66 S4
G1 X109.567 Y121.9847 E0.99008 F9000 ; pattern
M572 S0.026 ; pattern 14/28
G1 E-0.7 F2700 ; retract
G0 Z0.6 F720
G0 X112.017 Y79.5583 F21000
G0 Z0.4 F720
G1 E0.7 F1500 ; unretract
G1 X133.2302 Y100.7715 E0.99008 F9000 ; pattern
G1 X112.017 Y121.9847 E0.99008 F9000 ; pattern
G0 X112.5927 Y121.9847 F21000
G1 X133.8059 Y100.7715 E0.99008 F9000 ; pattern
G1 X112.5927 Y79.5583 E0.99008 F9000 ; pattern
G0 X113.1684 Y79.5583 F21000
G1 X134.3816 Y100.7715 E0.99008 F9000 ; pattern
G1 X113.1684 Y121.9847 E0.99008 F9000 ; pattern
M572 S0.028 ; pattern 15/28
G1 E-0.7 F2700 ; retract
G0 Z0.6 F720
G0 X115.6184 Y79.5583 F21000
G0 Z0.4 F720
G1 E0.7 F1500 ; unretract
G1 X136.8316 Y100.7715 E0.99008 F9000 ; pattern
G1 X115.6184 Y121.9847 E0.99008 F9000 ; pattern
G0 X116.1941 Y121.9847 F21000
G1 X137.4073 Y100.7715 E0.99008 F9000 ; pattern
G1 X116.1941 Y79.5583 E0.99008 F9000 ; pattern
G0 X116.7698 Y79.5583 F21000
G1 X137.983 Y100.7715 E0.99008 F9000 ; pattern
G1 X116.7698 Y121.9847 E0.99008 F9000 ; pattern
M572 S0.03 ; pattern 16/28
G1 E-0.7 F2700 ; retract
G0 Z0.6 F720
G0 X119.2198 Y79.5583 F21000
G0 Z0.4 F720
G1 E0.7 F1500 ; unretract
G1 X140.433 Y100.7715 E0.99008 F9000 ; pattern
G1 X119.2198 Y121.9847 E0.99008 F9000 ; pattern
G0 X119.7955 Y121.9847 F21000
G1 X141.0087 Y100.7715 E0.99008 F9000 ; pattern
G1 X119.7955 Y79.5583 E0.99008 F9000 ; pattern
G0 X120.3712 Y79.5583 F21000
G1 X141.5844 Y100.7715 E0.99008 F9000 ; pattern
G1 X120.3712 Y121.9847 E0.99008 F9000 ; pattern
M572 S0.032 ; pattern 17/28
G1 E-0.7 F2700 ; retract
G0 Z0.6 F720
G0 X122.8212 Y79.5583 F21000
G0 Z0.4 F720
G1 E0.7 F1500 ; unretract
G1 X144.0344 Y100.7715 E0.99008 F9000 ; pattern
G1 X122.8212 Y121.9847 E0.99008 F9000 ; pattern
G0 X123.3969 Y121.9847 F21000
G1 X144.6101 Y100.7715 E0.99008 F9000 ; pattern
G1 X123.3969 Y79.5583 E0.99008 F9000 ; pattern
G0 X123.9726 Y79.5583 F21000
G1 X145.1858 Y100.7715 E0.99008 F9000 ; pattern
G1 X123.9726 Y121.9847 E0.99008 F9000 ; pattern
M572 S0.034 ; pattern 18/28
G1 E-0.7 F2700 ; retract
G0 Z0.6 F720
G0 X126.4226 Y79.5583 F21000
G0 Z0.4 F720
G1 E0.7 F1500 ; unretract
G1 X147.6358 Y100.7715 E0.99008 F9000 ; pattern
G1 X126.4226 Y121.9847 E0.99008 F9000 ; pattern
G0 X126.9983 Y121.9847 F21000
G1 X148.2115 Y100.7715 E0.99008 F9000 ; pattern
G1 X126.9983 Y79.5583 E0.99008 F9000 ; pattern
G0 X127.574 Y79.5583 F21000
G1 X148.7872 Y100.7715 E0.99008 F9000 ; pattern
G1 X127.574 Y121.9847 E0.99008 F9000 ; pattern
M572 S0.036 ; pattern 19/28
G1 E-0.7 F2700 ; retract
G0 Z0.6 F720
G0 X130.024 Y79.5583 F21000
G0 Z0.4 F720
G1 E0.7 F1500 ; unretract
G1 X151.2372 Y100.7715 E0.99008 F9000 ; pattern
G1 X130.024 Y121.9847 E0.99008 F9000 ; pattern
G0 X130.5997 Y121.9847 F21000
G1 X151.8129 Y100.7715 E0.99008 F9000 ; pattern
G1 X130.5997 Y79.5583 E0.99008 F9000 ; pattern
G0 X131.1754 Y79.5583 F21000
M73 P68 R3
M73 Q68 S4
G1 X152.3886 Y100.7715 E0.99008 F9000 ; pattern
G1 X131.1754 Y121.9847 E0.99008 F9000 ; pattern
M572 S0.038 ; pattern 20/28
G1 E-0.7 F2700 ; retract
G0 Z0.6 F720
G0 X133.6254 Y79.5583 F21000
G0 Z0.4 F720
G1 E0.7 F1500 ; unretract
G1 X154.8386 Y100.7715 E0.99008 F9000 ; pattern
G1 X133.6254 Y121.9847 E0.99008 F9000 ; pattern
G0 X134.2011 Y121.9847 F21000
G1 X155.4143 Y100.7715 E0.99008 F9000 ; pattern
G1 X134.2011 Y79.5583 E0.99008 F9000 ; pattern
G0 X134.7768 Y79.5583 F21000
G1 X155.99 Y100.7715 E0.99008 F9000 ; pattern
G1 X134.7768 Y121.9847 E0.99008 F9000 ; pattern
M572 S0.04 ; pattern 21/28
G1 E-0.7 F2700 ; retract
G0 Z0.6 F720
G0 X137.2268 Y79.5583 F21000
G0 Z0.4 F720
G1 E0.7 F1500 ; unretract
G1 X158.44 Y100.7715 E0.99008 F9000 ; pattern
G1 X137.2268 Y121.9847 E0.99008 F9000 ; pattern
G0 X137.8025 Y121.9847 F21000
G1 X159.0157 Y100.7715 E0.99008 F9000 ; pattern
G1 X137.8025 Y79.5583 E0.99008 F9000 ; pattern
G0 X138.3782 Y79.5583 F21000
G1 X159.5914 Y100.7715 E0.99008 F9000 ; pattern
G1 X138.3782 Y121.9847 E0.99008 F9000 ; pattern
M572 S0.042 ; pattern 22/28
G1 E-0.7 F2700 ; retract
G0 Z0.6 F720
G0 X140.8282 Y79.5583 F21000
G0 Z0.4 F720
G1 E0.7 F1500 ; unretract
G1 X162.0414 Y100.7715 E0.99008 F9000 ; pattern
G1 X140.8282 Y121.9847 E0.99008 F9000 ; pattern
G0 X141.4039 Y121.9847 F21000
G1 X162.6171 Y100.7715 E0.99008 F9000 ; pattern
G1 X141.4039 Y79.5583 E0.99008 F9000 ; pattern
G0 X141.9796 Y79.5583 F21000
G1 X163.1928 Y100.7715 E0.99008 F9000 ; pattern
G1 X141.9796 Y121.9847 E0.99008 F9000 ; pattern
M572 S0.044 ; pattern 23/28
G1 E-0.7 F2700 ; retract
G0 Z0.6 F720
G0 X144.4296 Y79.5583 F21000
G0 Z0.4 F720
G1 E0.7 F1500 ; unretract
G1 X165.6428 Y100.7715 E0.99008 F9000 ; pattern
G1 X144.4296 Y121.9847 E0.99008 F9000 ; pattern
G0 X145.0053 Y121.9847 F21000
G1 X166.2185 Y100.7715 E0.99008 F9000 ; pattern
G1 X145.0053 Y79.5583 E0.99008 F9000 ; pattern
G0 X145.581 Y79.5583 F21000
G1 X166.7942 Y100.7715 E0.99008 F9000 ; pattern
G1 X145.581 Y121.9847 E0.99008 F9000 ; pattern
M572 S0.046 ; pattern 24/28
G1 E-0.7 F2700 ; retract
G0 Z0.6 F720
G0 X148.031 Y79.5583 F21000
G0 Z0.4 F720
G1 E0.7 F1500 ; unretract
G1 X169.2442 Y100.7715 E0.99008 F9000 ; pattern
G1 X148.031 Y121.9847 E0.99008 F9000 ; pattern
G0 X148.6067 Y121.9847 F21000
G1 X169.8199 Y100.7715 E0.99008 F9000 ; pattern
G1 X148.6067 Y79.5583 E0.99008 F9000 ; pattern
G0 X149.1823 Y79.5583 F21000
G1 X170.3956 Y100.7715 E0.99008 F9000 ; pattern
G1 X149.1823 Y121.9847 E0.99008 F9000 ; pattern
M572 S0.048 ; pattern 25/28
G1 E-0.7 F2700 ; retract
G0 Z0.6 F720
G0 X151.6323 Y79.5583 F21000
G0 Z0.4 F720
G1 E0.7 F1500 ; unretract
G1 X172.8456 Y100.7715 E0.99008 F9000 ; pattern
G1 X151.6323 Y121.9847 E0.99008 F9000 ; pattern
G0 X152.208 Y121.9847 F21000
G1 X173.4213 Y100.7715 E0.99008 F9000 ; pattern
M73 P70 R3
M73 Q70 S4
G1 X152.208 Y79.5583 E0.99008 F9000 ; pattern
G0 X152.7837 Y79.5583 F21000
G1 X173.9969 Y100.7715 E0.99008 F9000 ; pattern
G1 X152.7837 Y121.9847 E0.99008 F9000 ; pattern
M572 S0.05 ; pattern 26/28
G1 E-0.7 F2700 ; retract
G0 Z0.6 F720
G0 X155.2337 Y79.5583 F21000
G0 Z0.4 F720
G1 E0.7 F1500 ; unretract
G1 X176.4469 Y100.7715 E0.99008 F9000 ; pattern
G1 X155.2337 Y121.9847 E0.99008 F9000 ; pattern
G0 X155.8094 Y121.9847 F21000
G1 X177.0226 Y100.7715 E0.99008 F9000 ; pattern
G1 X155.8094 Y79.5583 E0.99008 F9000 ; pattern
G0 X156.3851 Y79.5583 F21000
G1 X177.5983 Y100.7715 E0.99008 F9000 ; pattern
G1 X156.3851 Y121.9847 E0.99008 F9000 ; pattern
M572 S0.052 ; pattern 27/28
G1 E-0.7 F2700 ; retract
G0 Z0.6 F720
G0 X158.8351 Y79.5583 F21000
G0 Z0.4 F720
G1 E0.7 F1500 ; unretract
G1 X180.0483 Y100.7715 E0.99008 F9000 ; pattern
G1 X158.8351 Y121.9847 E0.99008 F9000 ; pattern
G0 X159.4108 Y121.9847 F21000
G1 X180.624 Y100.7715 E0.99008 F9000 ; pattern
G1 X159.4108 Y79.5583 E0.99008 F9000 ; pattern
G0 X159.9865 Y79.5583 F21000
G1 X181.1997 Y100.7715 E0.99008 F9000 ; pattern
G1 X159.9865 Y121.9847 E0.99008 F9000 ; pattern
M572 S0.054 ; pattern 28/28
G1 E-0.7 F2700 ; retract
G0 Z0.6 F720
G0 X162.4365 Y79.5583 F21000
G0 Z0.4 F720
G1 E0.7 F1500 ; unretract
G1 X183.6497 Y100.7715 E0.99008 F9000 ; pattern
G1 X162.4365 Y121.9847 E0.99008 F9000 ; pattern
G0 X163.0122 Y121.9847 F21000
G1 X184.2254 Y100.7715 E0.99008 F9000 ; pattern
G1 X163.0122 Y79.5583 E0.99008 F9000 ; pattern
G0 X163.5879 Y79.5583 F21000
G1 X184.8011 Y100.7715 E0.99008 F9000 ; pattern
G1 X163.5879 Y121.9847 E0.99008 F9000 ; pattern
;LAYER_CHANGE
;Z:0.6
;HEIGHT:0.2
G0 Z0.6 F720
;TYPE:External perimeter
M572 S0 ; pattern 1/28
G1 E-0.7 F2700 ; retract
G0 Z0.8 F720
G0 X65.1989 Y79.5583 F21000
G0 Z0.6 F720
G1 E0.7 F1500 ; unretract
G1 X86.4121 Y100.7715 E0.99008 F9000 ; pattern
G1 X65.1989 Y121.9847 E0.99008 F9000 ; pattern
G0 X65.7746 Y121.9847 F21000
G1 X86.9878 Y100.7715 E0.99008 F9000 ; pattern
G1 X65.7746 Y79.5583 E0.99008 F9000 ; pattern
G0 X66.3503 Y79.5583 F21000
G1 X87.5635 Y100.7715 E0.99008 F9000 ; pattern
G1 X66.3503 Y121.9847 E0.99008 F9000 ; pattern
M572 S0.002 ; pattern 2/28
G1 E-0.7 F2700 ; retract
G0 Z0.8 F720
G0 X68.8003 Y79.5583 F21000
G0 Z0.6 F720
G1 E0.7 F1500 ; unretract
G1 X90.0135 Y100.7715 E0.99008 F9000 ; pattern
G1 X68.8003 Y121.9847 E0.99008 F9000 ; pattern
G0 X69.376 Y121.9847 F21000
G1 X90.5892 Y100.7715 E0.99008 F9000 ; pattern
G1 X69.376 Y79.5583 E0.99008 F9000 ; pattern
G0 X69.9517 Y79.5583 F21000
G1 X91.1649 Y100.7715 E0.99008 F9000 ; pattern
G1 X69.9517 Y121.9847 E0.99008 F9000 ; pattern
M572 S0.004 ; pattern 3/28
G1 E-0.7 F2700 ; retract
G0 Z0.8 F720
G0 X72.4017 Y79.5583 F21000
G0 Z0.6 F720
G1 E0.7 F1500 ; unretract
G1 X93.6149 Y100.7715 E0.99008 F9000 ; pattern
M73 P72 R3
M73 Q72 S4
G1 X72.4017 Y121.9847 E0.99008 F9000 ; pattern
G0 X72.9774 Y121.9847 F21000
G1 X94.1906 Y100.7715 E0.99008 F9000 ; pattern
G1 X72.9774 Y79.5583 E0.99008 F9000 ; pattern
G0 X73.5531 Y79.5583 F21000
G1 X94.7663 Y100.7715 E0.99008 F9000 ; pattern
G1 X73.5531 Y121.9847 E0.99008 F9000 ; pattern
M572 S0.006 ; pattern 4/28
G1 E-0.7 F2700 ; retract
G0 Z0.8 F720
G0 X76.0031 Y79.5583 F21000
G0 Z0.6 F720
G1 E0.7 F1500 ; unretract
G1 X97.2163 Y100.7715 E0.99008 F9000 ; pattern
G1 X76.0031 Y121.9847 E0.99008 F9000 ; pattern
G0 X76.5787 Y121.9847 F21000
G1 X97.792 Y100.7715 E0.99008 F9000 ; pattern
G1 X76.5787 Y79.5583 E0.99008 F9000 ; pattern
G0 X77.1544 Y79.5583 F21000
G1 X98.3677 Y100.7715 E0.99008 F9000 ; pattern
G1 X77.1544 Y121.9847 E0.99008 F9000 ; pattern
M572 S0.008 ; pattern 5/28
G1 E-0.7 F2700 ; retract
G0 Z0.8 F720
G0 X79.6044 Y79.5583 F21000
G0 Z0.6 F720
G1 E0.7 F1500 ; unretract
G1 X100.8177 Y100.7715 E0.99008 F9000 ; pattern
G1 X79.6044 Y121.9847 E0.99008 F9000 ; pattern
G0 X80.1801 Y121.9847 F21000
G1 X101.3933 Y100.7715 E0.99008 F9000 ; pattern
G1 X80.1801 Y79.5583 E0.99008 F9000 ; pattern
G0 X80.7558 Y79.5583 F21000
G1 X101.969 Y100.7715 E0.99008 F9000 ; pattern
G1 X80.7558 Y121.9847 E0.99008 F9000 ; pattern
M572 S0.01 ; pattern 6/28
G1 E-0.7 F2700 ; retract
G0 Z0.8 F720
G0 X83.2058 Y79.5583 F21000
G0 Z0.6 F720
G1 E0.7 F1500 ; unretract
G1 X104.419 Y100.7715 E0.99008 F9000 ; pattern
G1 X83.2058 Y121.9847 E0.99008 F9000 ; pattern
G0 X83.7815 Y121.9847 F21000
G1 X104.9947 Y100.7715 E0.99008 F9000 ; pattern
G1 X83.7815 Y79.5583 E0.99008 F9000 ; pattern
G0 X84.3572 Y79.5583 F21000
G1 X105.5704 Y100.7715 E0.99008 F9000 ; pattern
G1 X84.3572 Y121.9847 E0.99008 F9000 ; pattern
M572 S0.012 ; pattern 7/28
G1 E-0.7 F2700 ; retract
G0 Z0.8 F720
G0 X86.8072 Y79.5583 F21000
G0 Z0.6 F720
G1 E0.7 F1500 ; unretract
G1 X108.0204 Y100.7715 E0.99008 F9000 ; pattern
G1 X86.8072 Y121.9847 E0.99008 F9000 ; pattern
G0 X87.3829 Y121.9847 F21000
G1 X108.5961 Y100.7715 E0.99008 F9000 ; pattern
G1 X87.3829 Y79.5583 E0.99008 F9000 ; pattern
G0 X87.9586 Y79.5583 F21000
G1 X109.1718 Y100.7715 E0.99008 F9000 ; pattern
G1 X87.9586 Y121.9847 E0.99008 F9000 ; pattern
M572 S0.014 ; pattern 8/28
G1 E-0.7 F2700 ; retract
G0 Z0.8 F720
G0 X90.4086 Y79.5583 F21000
G0 Z0.6 F720
G1 E0.7 F1500 ; unretract
G1 X111.6218 Y100.7715 E0.99008 F9000 ; pattern
G1 X90.4086 Y121.9847 E0.99008 F9000 ; pattern
G0 X90.9843 Y121.9847 F21000
G1 X112.1975 Y100.7715 E0.99008 F9000 ; pattern
G1 X90.9843 Y79.5583 E0.99008 F9000 ; pattern
G0 X91.56 Y79.5583 F21000
G1 X112.7732 Y100.7715 E0.99008 F9000 ; pattern
G1 X91.56 Y121.9847 E0.99008 F9000 ; pattern
M572 S0.016 ; pattern 9/28
G1 E-0.7 F2700 ; retract
G0 Z0.8 F720
G0 X94.01 Y79.5583 F21000
G0 Z0.6 F720
G1 E0.7 F1500 ; unretract
M73 P74 R3
M73 Q74 S4
G1 X115.2232 Y100.7715 E0.99008 F9000 ; pattern
G1 X94.01 Y121.9847 E0.99008 F9000 ; pattern
G0 X94.5857 Y121.9847 F21000
G1 X115.7989 Y100.7715 E0.99008 F9000 ; pattern
G1 X94.5857 Y79.5583 E0.99008 F9000 ; pattern
G0 X95.1614 Y79.5583 F21000
G1 X116.3746 Y100.7715 E0.99008 F9000 ; pattern
G1 X95.1614 Y121.9847 E0.99008 F9000 ; pattern
M572 S0.018 ; pattern 10/28
G1 E-0.7 F2700 ; retract
G0 Z0.8 F720
G0 X97.6114 Y79.5583 F21000
G0 Z0.6 F720
G1 E0.7 F1500 ; unretract
G1 X118.8246 Y100.7715 E0.99008 F9000 ; pattern
G1 X97.6114 Y121.9847 E0.99008 F9000 ; pattern
G0 X98.1871 Y121.9847 F21000
G1 X119.4003 Y100.7715 E0.99008 F9000 ; pattern
G1 X98.1871 Y79.5583 E0.99008 F9000 ; pattern
G0 X98.7628 Y79.5583 F21000
G1 X119.976 Y100.7715 E0.99008 F9000 ; pattern
G1 X98.7628 Y121.9847 E0.99008 F9000 ; pattern
M572 S0.02 ; pattern 11/28
G1 E-0.7 F2700 ; retract
G0 Z0.8 F720
G0 X101.2128 Y79.5583 F21000
G0 Z0.6 F720
G1 E0.7 F1500 ; unretract
G1 X122.426 Y100.7715 E0.99008 F9000 ; pattern
G1 X101.2128 Y121.9847 E0.99008 F9000 ; pattern
G0 X101.7885 Y121.9847 F21000
G1 X123.0017 Y100.7715 E0.99008 F9000 ; pattern
G1 X101.7885 Y79.5583 E0.99008 F9000 ; pattern
G0 X102.3642 Y79.5583 F21000
G1 X123.5774 Y100.7715 E0.99008 F9000 ; pattern
G1 X102.3642 Y121.9847 E0.99008 F9000 ; pattern
M572 S0.022 ; pattern 12/28
G1 E-0.7 F2700 ; retract
G0 Z0.8 F720
G0 X104.8142 Y79.5583 F21000
G0 Z0.6 F720
G1 E0.7 F1500 ; unretract
G1 X126.0274 Y100.7715 E0.99008 F9000 ; pattern
G1 X104.8142 Y121.9847 E0.99008 F9000 ; pattern
G0 X105.3899 Y121.9847 F21000
G1 X126.6031 Y100.7715 E0.99008 F9000 ; pattern
G1 X105.3899 Y79.5583 E0.99008 F9000 ; pattern
G0 X105.9656 Y79.5583 F21000
G1 X127.1788 Y100.7715 E0.99008 F9000 ; pattern
G1 X105.9656 Y121.9847 E0.99008 F9000 ; pattern
M572 S0.024 ; pattern 13/28
G1 E-0.7 F2700 ; retract
G0 Z0.8 F720
G0 X108.4156 Y79.5583 F21000
G0 Z0.6 F720
G1 E0.7 F1500 ; unretract
G1 X129.6288 Y100.7715 E0.99008 F9000 ; pattern
G1 X108.4156 Y121.9847 E0.99008 F9000 ; pattern
G0 X108.9913 Y121.9847 F21000
G1 X130.2045 Y100.7715 E0.99008 F9000 ; pattern
G1 X108.9913 Y79.5583 E0.99008 F9000 ; pattern
G0 X109.567 Y79.5583 F21000
G1 X130.7802 Y100.7715 E0.99008 F9000 ; pattern
G1 X109.567 Y121.9847 E0.99008 F9000 ; pattern
M572 S0.026 ; pattern 14/28
G1 E-0.7 F2700 ; retract
G0 Z0.8 F720
G0 X112.017 Y79.5583 F21000
G0 Z0.6 F720
G1 E0.7 F1500 ; unretract
G1 X133.2302 Y100.7715 E0.99008 F9000 ; pattern
G1 X112.017 Y121.9847 E0.99008 F9000 ; pattern
G0 X112.5927 Y121.9847 F21000
G1 X133.8059 Y100.7715 E0.99008 F9000 ; pattern
G1 X112.5927 Y79.5583 E0.99008 F9000 ; pattern
G0 X113.1684 Y79.5583 F21000
G1 X134.3816 Y100.7715 E0.99008 F9000 ; pattern
G1 X113.1684 Y121.9847 E0.99008 F9000 ; pattern
M572 S0.028 ; pattern 15/28
G1 E-0.7 F2700 ; retract
G0 Z0.8 F720
M73 P76 R3
M73 Q76 S4
G0 X115.6184 Y79.5583 F21000
G0 Z0.6 F720
G1 E0.7 F1500 ; unretract
G1 X136.8316 Y100.7715 E0.99008 F9000 ; pattern
G1 X115.6184 Y121.9847 E0.99008 F9000 ; pattern
G0 X116.1941 Y121.9847 F21000
G1 X137.4073 Y100.7715 E0.99008 F9000 ; pattern
G1 X116.1941 Y79.5583 E0.99008 F9000 ; pattern
G0 X116.7698 Y79.5583 F21000
G1 X137.983 Y100.7715 E0.99008 F9000 ; pattern
G1 X116.7698 Y121.9847 E0.99008 F9000 ; pattern
M572 S0.03 ; pattern 16/28
G1 E-0.7 F2700 ; retract
G0 Z0.8 F720
G0 X119.2198 Y79.5583 F21000
G0 Z0.6 F720
G1 E0.7 F1500 ; unretract
G1 X140.433 Y100.7715 E0.99008 F9000 ; pattern
G1 X119.2198 Y121.9847 E0.99008 F9000 ; pattern
G0 X119.7955 Y121.9847 F21000
G1 X141.0087 Y100.7715 E0.99008 F9000 ; pattern
G1 X119.7955 Y79.5583 E0.99008 F9000 ; pattern
G0 X120.3712 Y79.5583 F21000
G1 X141.5844 Y100.7715 E0.99008 F9000 ; pattern
G1 X120.3712 Y121.9847 E0.99008 F9000 ; pattern
M572 S0.032 ; pattern 17/28
G1 E-0.7 F2700 ; retract
G0 Z0.8 F720
G0 X122.8212 Y79.5583 F21000
G0 Z0.6 F720
G1 E0.7 F1500 ; unretract
G1 X144.0344 Y100.7715 E0.99008 F9000 ; pattern
G1 X122.8212 Y121.9847 E0.99008 F9000 ; pattern
G0 X123.3969 Y121.9847 F21000
G1 X144.6101 Y100.7715 E0.99008 F9000 ; pattern
G1 X123.3969 Y79.5583 E0.99008 F9000 ; pattern
G0 X123.9726 Y79.5583 F21000
G1 X145.1858 Y100.7715 E0.99008 F9000 ; pattern
G1 X123.9726 Y121.9847 E0.99008 F9000 ; pattern
M572 S0.034 ; pattern 18/28
G1 E-0.7 F2700 ; retract
G0 Z0.8 F720
G0 X126.4226 Y79.5583 F21000
G0 Z0.6 F720
G1 E0.7 F1500 ; unretract
G1 X147.6358 Y100.7715 E0.99008 F9000 ; pattern
G1 X126.4226 Y121.9847 E0.99008 F9000 ; pattern
G0 X126.9983 Y121.9847 F21000
G1 X148.2115 Y100.7715 E0.99008 F9000 ; pattern
G1 X126.9983 Y79.5583 E0.99008 F9000 ; pattern
G0 X127.574 Y79.5583 F21000
G1 X148.7872 Y100.7715 E0.99008 F9000 ; pattern
G1 X127.574 Y121.9847 E0.99008 F9000 ; pattern
M572 S0.036 ; pattern 19/28
G1 E-0.7 F2700 ; retract
G0 Z0.8 F720
G0 X130.024 Y79.5583 F21000
G0 Z0.6 F720
G1 E0.7 F1500 ; unretract
G1 X151.2372 Y100.7715 E0.99008 F9000 ; pattern
G1 X130.024 Y121.9847 E0.99008 F9000 ; pattern
G0 X130.5997 Y121.9847 F21000
G1 X151.8129 Y100.7715 E0.99008 F9000 ; pattern
G1 X130.5997 Y79.5583 E0.99008 F9000 ; pattern
G0 X131.1754 Y79.5583 F21000
G1 X152.3886 Y100.7715 E0.99008 F9000 ; pattern
G1 X131.1754 Y121.9847 E0.99008 F9000 ; pattern
M572 S0.038 ; pattern 20/28
G1 E-0.7 F2700 ; retract
G0 Z0.8 F720
G0 X133.6254 Y79.5583 F21000
G0 Z0.6 F720
G1 E0.7 F1500 ; unretract
G1 X154.8386 Y100.7715 E0.99008 F9000 ; pattern
G1 X133.6254 Y121.9847 E0.99008 F9000 ; pattern
G0 X134.2011 Y121.9847 F21000
G1 X155.4143 Y100.7715 E0.99008 F9000 ; pattern
G1 X134.2011 Y79.5583 E0.99008 F9000 ; pattern
G0 X134.7768 Y79.5583 F21000
G1 X155.99 Y100.7715 E0.99008 F9000 ; pattern
M73 P78 R2
M73 Q78 S3
G1 X134.7768 Y121.9847 E0.99008 F9000 ; pattern
M572 S0.04 ; pattern 21/28
G1 E-0.7 F2700 ; retract
G0 Z0.8 F720
G0 X137.2268 Y79.5583 F21000
G0 Z0.6 F720
G1 E0.7 F1500 ; unretract
G1 X158.44 Y100.7715 E0.99008 F9000 ; pattern
G1 X137.2268 Y121.9847 E0.99008 F9000 ; pattern
G0 X137.8025 Y121.9847 F21000
G1 X159.0157 Y100.7715 E0.99008 F9000 ; pattern
G1 X137.8025 Y79.5583 E0.99008 F9000 ; pattern
G0 X138.3782 Y79.5583 F21000
G1 X159.5914 Y100.7715 E0.99008 F9000 ; pattern
G1 X138.3782 Y121.9847 E0.99008 F9000 ; pattern
M572 S0.042 ; pattern 22/28
G1 E-0.7 F2700 ; retract
G0 Z0.8 F720
G0 X140.8282 Y79.5583 F21000
G0 Z0.6 F720
G1 E0.7 F1500 ; unretract
G1 X162.0414 Y100.7715 E0.99008 F9000 ; pattern
G1 X140.8282 Y121.9847 E0.99008 F9000 ; pattern
G0 X141.4039 Y121.9847 F21000
G1 X162.6171 Y100.7715 E0.99008 F9000 ; pattern
G1 X141.4039 Y79.5583 E0.99008 F9000 ; pattern
G0 X141.9796 Y79.5583 F21000
G1 X163.1928 Y100.7715 E0.99008 F9000 ; pattern
G1 X141.9796 Y121.9847 E0.99008 F9000 ; pattern
M572 S0.044 ; pattern 23/28
G1 E-0.7 F2700 ; retract
G0 Z0.8 F720
G0 X144.4296 Y79.5583 F21000
G0 Z0.6 F720
G1 E0.7 F1500 ; unretract
G1 X165.6428 Y100.7715 E0.99008 F9000 ; pattern
G1 X144.4296 Y121.9847 E0.99008 F9000 ; pattern
G0 X145.0053 Y121.9847 F21000
G1 X166.2185 Y100.7715 E0.99008 F9000 ; pattern
G1 X145.0053 Y79.5583 E0.99008 F9000 ; pattern
G0 X145.581 Y79.5583 F21000
G1 X166.7942 Y100.7715 E0.99008 F9000 ; pattern
G1 X145.581 Y121.9847 E0.99008 F9000 ; pattern
M572 S0.046 ; pattern 24/28
G1 E-0.7 F2700 ; retract
G0 Z0.8 F720
G0 X148.031 Y79.5583 F21000
G0 Z0.6 F720
G1 E0.7 F1500 ; unretract
G1 X169.2442 Y100.7715 E0.99008 F9000 ; pattern
G1 X148.031 Y121.9847 E0.99008 F9000 ; pattern
G0 X148.6067 Y121.9847 F21000
G1 X169.8199 Y100.7715 E0.99008 F9000 ; pattern
G1 X148.6067 Y79.5583 E0.99008 F9000 ; pattern
G0 X149.1823 Y79.5583 F21000
G1 X170.3956 Y100.7715 E0.99008 F9000 ; pattern
G1 X149.1823 Y121.9847 E0.99008 F9000 ; pattern
M572 S0.048 ; pattern 25/28
G1 E-0.7 F2700 ; retract
G0 Z0.8 F720
G0 X151.6323 Y79.5583 F21000
G0 Z0.6 F720
G1 E0.7 F1500 ; unretract
G1 X172.8456 Y100.7715 E0.99008 F9000 ; pattern
G1 X151.6323 Y121.9847 E0.99008 F9000 ; pattern
G0 X152.208 Y121.9847 F21000
G1 X173.4213 Y100.7715 E0.99008 F9000 ; pattern
G1 X152.208 Y79.5583 E0.99008 F9000 ; pattern
G0 X152.7837 Y79.5583 F21000
G1 X173.9969 Y100.7715 E0.99008 F9000 ; pattern
G1 X152.7837 Y121.9847 E0.99008 F9000 ; pattern
M572 S0.05 ; pattern 26/28
G1 E-0.7 F2700 ; retract
G0 Z0.8 F720
G0 X155.2337 Y79.5583 F21000
G0 Z0.6 F720
G1 E0.7 F1500 ; unretract
G1 X176.4469 Y100.7715 E0.99008 F9000 ; pattern
G1 X155.2337 Y121.9847 E0.99008 F9000 ; pattern
G0 X155.8094 Y121.9847 F21000
G1 X177.0226 Y100.7715 E0.99008 F9000 ; pattern
G1 X155.8094 Y79.5583 E0.99008 F9000 ; pattern
G0 X156.3851 Y79.5583 F21000
M73 P80 R2
M73 Q80 S3
G1 X177.5983 Y100.7715 E0.99008 F9000 ; pattern
G1 X156.3851 Y121.9847 E0.99008 F9000 ; pattern
M572 S0.052 ; pattern 27/28
G1 E-0.7 F2700 ; retract
G0 Z0.8 F720
G0 X158.8351 Y79.5583 F21000
G0 Z0.6 F720
G1 E0.7 F1500 ; unretract
G1 X180.0483 Y100.7715 E0.99008 F9000 ; pattern
G1 X158.8351 Y121.9847 E0.99008 F9000 ; pattern
G0 X159.4108 Y121.9847 F21000
G1 X180.624 Y100.7715 E0.99008 F9000 ; pattern
G1 X159.4108 Y79.5583 E0.99008 F9000 ; pattern
G0 X159.9865 Y79.5583 F21000
G1 X181.1997 Y100.7715 E0.99008 F9000 ; pattern
G1 X159.9865 Y121.9847 E0.99008 F9000 ; pattern
M572 S0.054 ; pattern 28/28
G1 E-0.7 F2700 ; retract
G0 Z0.8 F720
G0 X162.4365 Y79.5583 F21000
G0 Z0.6 F720
G1 E0.7 F1500 ; unretract
G1 X183.6497 Y100.7715 E0.99008 F9000 ; pattern
G1 X162.4365 Y121.9847 E0.99008 F9000 ; pattern
G0 X163.0122 Y121.9847 F21000
G1 X184.2254 Y100.7715 E0.99008 F9000 ; pattern
G1 X163.0122 Y79.5583 E0.99008 F9000 ; pattern
G0 X163.5879 Y79.5583 F21000
G1 X184.8011 Y100.7715 E0.99008 F9000 ; pattern
G1 X163.5879 Y121.9847 E0.99008 F9000 ; pattern
;LAYER_CHANGE
;Z:0.8
;HEIGHT:0.2
G0 Z0.8 F720
;TYPE:External perimeter
M572 S0 ; pattern 1/28
G1 E-0.7 F2700 ; retract
G0 Z1 F720
G0 X65.1989 Y79.5583 F21000
G0 Z0.8 F720
G1 E0.7 F1500 ; unretract
G1 X86.4121 Y100.7715 E0.99008 F9000 ; pattern
G1 X65.1989 Y121.9847 E0.99008 F9000 ; pattern
G0 X65.7746 Y121.9847 F21000
G1 X86.9878 Y100.7715 E0.99008 F9000 ; pattern
G1 X65.7746 Y79.5583 E0.99008 F9000 ; pattern
G0 X66.3503 Y79.5583 F21000
G1 X87.5635 Y100.7715 E0.99008 F9000 ; pattern
G1 X66.3503 Y121.9847 E0.99008 F9000 ; pattern
M572 S0.002 ; pattern 2/28
G1 E-0.7 F2700 ; retract
G0 Z1 F720
G0 X68.8003 Y79.5583 F21000
G0 Z0.8 F720
G1 E0.7 F1500 ; unretract
G1 X90.0135 Y100.7715 E0.99008 F9000 ; pattern
G1 X68.8003 Y121.9847 E0.99008 F9000 ; pattern
G0 X69.376 Y121.9847 F21000
G1 X90.5892 Y100.7715 E0.99008 F9000 ; pattern
G1 X69.376 Y79.5583 E0.99008 F9000 ; pattern
G0 X69.9517 Y79.5583 F21000
G1 X91.1649 Y100.7715 E0.99008 F9000 ; pattern
G1 X69.9517 Y121.9847 E0.99008 F9000 ; pattern
M572 S0.004 ; pattern 3/28
G1 E-0.7 F2700 ; retract
G0 Z1 F720
G0 X72.4017 Y79.5583 F21000
G0 Z0.8 F720
G1 E0.7 F1500 ; unretract
G1 X93.6149 Y100.7715 E0.99008 F9000 ; pattern
G1 X72.4017 Y121.9847 E0.99008 F9000 ; pattern
G0 X72.9774 Y121.9847 F21000
G1 X94.1906 Y100.7715 E0.99008 F9000 ; pattern
G1 X72.9774 Y79.5583 E0.99008 F9000 ; pattern
G0 X73.5531 Y79.5583 F21000
G1 X94.7663 Y100.7715 E0.99008 F9000 ; pattern
G1 X73.5531 Y121.9847 E0.99008 F9000 ; pattern
M572 S0.006 ; pattern 4/28
G1 E-0.7 F2700 ; retract
G0 Z1 F720
G0 X76.0031 Y79.5583 F21000
G0 Z0.8 F720
G1 E0.7 F1500 ; unretract
G1 X97.2163 Y100.7715 E0.99008 F9000 ; pattern
G1 X76.0031 Y121.9847 E0.99008 F9000 ; pattern
G0 X76.5787 Y121.9847 F21000
M73 P82 R2
M73 Q82 S3
G1 X97.792 Y100.7715 E0.99008 F9000 ; pattern
G1 X76.5787 Y79.5583 E0.99008 F9000 ; pattern
G0 X77.1544 Y79.5583 F21000
G1 X98.3677 Y100.7715 E0.99008 F9000 ; pattern
G1 X77.1544 Y121.9847 E0.99008 F9000 ; pattern
M572 S0.008 ; pattern 5/28
G1 E-0.7 F2700 ; retract
G0 Z1 F720
G0 X79.6044 Y79.5583 F21000
G0 Z0.8 F720
G1 E0.7 F1500 ; unretract
G1 X100.8177 Y100.7715 E0.99008 F9000 ; pattern
G1 X79.6044 Y121.9847 E0.99008 F9000 ; pattern
G0 X80.1801 Y121.9847 F21000
G1 X101.3933 Y100.7715 E0.99008 F9000 ; pattern
G1 X80.1801 Y79.5583 E0.99008 F9000 ; pattern
G0 X80.7558 Y79.5583 F21000
G1 X101.969 Y100.7715 E0.99008 F9000 ; pattern
G1 X80.7558 Y121.9847 E0.99008 F9000 ; pattern
M572 S0.01 ; pattern 6/28
G1 E-0.7 F2700 ; retract
G0 Z1 F720
G0 X83.2058 Y79.5583 F21000
G0 Z0.8 F720
G1 E0.7 F1500 ; unretract
G1 X104.419 Y100.7715 E0.99008 F9000 ; pattern
G1 X83.2058 Y121.9847 E0.99008 F9000 ; pattern
G0 X83.7815 Y121.9847 F21000
G1 X104.9947 Y100.7715 E0.99008 F9000 ; pattern
G1 X83.7815 Y79.5583 E0.99008 F9000 ; pattern
G0 X84.3572 Y79.5583 F21000
G1 X105.5704 Y100.7715 E0.99008 F9000 ; pattern
G1 X84.3572 Y121.9847 E0.99008 F9000 ; pattern
M572 S0.012 ; pattern 7/28
G1 E-0.7 F2700 ; retract
G0 Z1 F720
G0 X86.8072 Y79.5583 F21000
G0 Z0.8 F720
G1 E0.7 F1500 ; unretract
G1 X108.0204 Y100.7715 E0.99008 F9000 ; pattern
G1 X86.8072 Y121.9847 E0.99008 F9000 ; pattern
G0 X87.3829 Y121.9847 F21000
G1 X108.5961 Y100.7715 E0.99008 F9000 ; pattern
G1 X87.3829 Y79.5583 E0.99008 F9000 ; pattern
G0 X87.9586 Y79.5583 F21000
G1 X109.1718 Y100.7715 E0.99008 F9000 ; pattern
G1 X87.9586 Y121.9847 E0.99008 F9000 ; pattern
M572 S0.014 ; pattern 8/28
G1 E-0.7 F2700 ; retract
G0 Z1 F720
G0 X90.4086 Y79.5583 F21000
G0 Z0.8 F720
G1 E0.7 F1500 ; unretract
G1 X111.6218 Y100.7715 E0.99008 F9000 ; pattern
G1 X90.4086 Y121.9847 E0.99008 F9000 ; pattern
G0 X90.9843 Y121.9847 F21000
G1 X112.1975 Y100.7715 E0.99008 F9000 ; pattern
G1 X90.9843 Y79.5583 E0.99008 F9000 ; pattern
G0 X91.56 Y79.5583 F21000
G1 X112.7732 Y100.7715 E0.99008 F9000 ; pattern
G1 X91.56 Y121.9847 E0.99008 F9000 ; pattern
M572 S0.016 ; pattern 9/28
G1 E-0.7 F2700 ; retract
G0 Z1 F720
G0 X94.01 Y79.5583 F21000
G0 Z0.8 F720
G1 E0.7 F1500 ; unretract
G1 X115.2232 Y100.7715 E0.99008 F9000 ; pattern
G1 X94.01 Y121.9847 E0.99008 F9000 ; pattern
G0 X94.5857 Y121.9847 F21000
G1 X115.7989 Y100.7715 E0.99008 F9000 ; pattern
G1 X94.5857 Y79.5583 E0.99008 F9000 ; pattern
G0 X95.1614 Y79.5583 F21000
G1 X116.3746 Y100.7715 E0.99008 F9000 ; pattern
G1 X95.1614 Y121.9847 E0.99008 F9000 ; pattern
M572 S0.018 ; pattern 10/28
G1 E-0.7 F2700 ; retract
G0 Z1 F720
G0 X97.6114 Y79.5583 F21000
G0 Z0.8 F720
G1 E0.7 F1500 ; unretract
G1 X118.8246 Y100.7715 E0.99008 F9000 ; pattern
G1 X97.6114 Y121.9847 E0.99008 F9000 ; pattern
M73 P84 R2
M73 Q84 S3
G0 X98.1871 Y121.9847 F21000
G1 X119.4003 Y100.7715 E0.99008 F9000 ; pattern
G1 X98.1871 Y79.5583 E0.99008 F9000 ; pattern
G0 X98.7628 Y79.5583 F21000
G1 X119.976 Y100.7715 E0.99008 F9000 ; pattern
G1 X98.7628 Y121.9847 E0.99008 F9000 ; pattern
M572 S0.02 ; pattern 11/28
G1 E-0.7 F2700 ; retract
G0 Z1 F720
G0 X101.2128 Y79.5583 F21000
G0 Z0.8 F720
G1 E0.7 F1500 ; unretract
G1 X122.426 Y100.7715 E0.99008 F9000 ; pattern
G1 X101.2128 Y121.9847 E0.99008 F9000 ; pattern
G0 X101.7885 Y121.9847 F21000
G1 X123.0017 Y100.7715 E0.99008 F9000 ; pattern
G1 X101.7885 Y79.5583 E0.99008 F9000 ; pattern
G0 X102.3642 Y79.5583 F21000
G1 X123.5774 Y100.7715 E0.99008 F9000 ; pattern
G1 X102.3642 Y121.9847 E0.99008 F9000 ; pattern
M572 S0.022 ; pattern 12/28
G1 E-0.7 F2700 ; retract
G0 Z1 F720
G0 X104.8142 Y79.5583 F21000
G0 Z0.8 F720
G1 E0.7 F1500 ; unretract
G1 X126.0274 Y100.7715 E0.99008 F9000 ; pattern
G1 X104.8142 Y121.9847 E0.99008 F9000 ; pattern
G0 X105.3899 Y121.9847 F21000
G1 X126.6031 Y100.7715 E0.99008 F9000 ; pattern
G1 X105.3899 Y79.5583 E0.99008 F9000 ; pattern
G0 X105.9656 Y79.5583 F21000
G1 X127.1788 Y100.7715 E0.99008 F9000 ; pattern
G1 X105.9656 Y121.9847 E0.99008 F9000 ; pattern
M572 S0.024 ; pattern 13/28
G1 E-0.7 F2700 ; retract
G0 Z1 F720
G0 X108.4156 Y79.5583 F21000
G0 Z0.8 F720
G1 E0.7 F1500 ; unretract
G1 X129.6288 Y100.7715 E0.99008 F9000 ; pattern
G1 X108.4156 Y121.9847 E0.99008 F9000 ; pattern
G0 X108.9913 Y121.9847 F21000
G1 X130.2045 Y100.7715 E0.99008 F9000 ; pattern
G1 X108.9913 Y79.5583 E0.99008 F9000 ; pattern
G0 X109.567 Y79.5583 F21000
G1 X130.7802 Y100.7715 E0.99008 F9000 ; pattern
G1 X109.567 Y121.9847 E0.99008 F9000 ; pattern
M572 S0.026 ; pattern 14/28
G1 E-0.7 F2700 ; retract
G0 Z1 F720
G0 X112.017 Y79.5583 F21000
G0 Z0.8 F720
G1 E0.7 F1500 ; unretract
G1 X133.2302 Y100.7715 E0.99008 F9000 ; pattern
G1 X112.017 Y121.9847 E0.99008 F9000 ; pattern
G0 X112.5927 Y121.9847 F21000
G1 X133.8059 Y100.7715 E0.99008 F9000 ; pattern
G1 X112.5927 Y79.5583 E0.99008 F9000 ; pattern
G0 X113.1684 Y79.5583 F21000
G1 X134.3816 Y100.7715 E0.99008 F9000 ; pattern
G1 X113.1684 Y121.9847 E0.99008 F9000 ; pattern
M572 S0.028 ; pattern 15/28
G1 E-0.7 F2700 ; retract
G0 Z1 F720
G0 X115.6184 Y79.5583 F21000
G0 Z0.8 F720
G1 E0.7 F1500 ; unretract
G1 X136.8316 Y100.7715 E0.99008 F9000 ; pattern
G1 X115.6184 Y121.9847 E0.99008 F9000 ; pattern
G0 X116.1941 Y121.9847 F21000
G1 X137.4073 Y100.7715 E0.99008 F9000 ; pattern
G1 X116.1941 Y79.5583 E0.99008 F9000 ; pattern
G0 X116.7698 Y79.5583 F21000
G1 X137.983 Y100.7715 E0.99008 F9000 ; pattern
G1 X116.7698 Y121.9847 E0.99008 F9000 ; pattern
M572 S0.03 ; pattern 16/28
G1 E-0.7 F2700 ; retract
G0 Z1 F720
G0 X119.2198 Y79.5583 F21000
G0 Z0.8 F720
G1 E0.7 F1500 ; unretract
G1 X140.433 Y100.7715 E0.99008 F9000 ; pattern
M73 P86 R2
M73 Q86 S3
G1 X119.2198 Y121.9847 E0.99008 F9000 ; pattern
G0 X119.7955 Y121.9847 F21000
G1 X141.0087 Y100.7715 E0.99008 F9000 ; pattern
G1 X119.7955 Y79.5583 E0.99008 F9000 ; pattern
G0 X120.3712 Y79.5583 F21000
G1 X141.5844 Y100.7715 E0.99008 F9000 ; pattern
G1 X120.3712 Y121.9847 E0.99008 F9000 ; pattern
M572 S0.032 ; pattern 17/28
G1 E-0.7 F2700 ; retract
G0 Z1 F720
G0 X122.8212 Y79.5583 F21000
G0 Z0.8 F720
G1 E0.7 F1500 ; unretract
G1 X144.0344 Y100.7715 E0.99008 F9000 ; pattern
G1 X122.8212 Y121.9847 E0.99008 F9000 ; pattern
G0 X123.3969 Y121.9847 F21000
G1 X144.6101 Y100.7715 E0.99008 F9000 ; pattern
G1 X123.3969 Y79.5583 E0.99008 F9000 ; pattern
G0 X123.9726 Y79.5583 F21000
G1 X145.1858 Y100.7715 E0.99008 F9000 ; pattern
G1 X123.9726 Y121.9847 E0.99008 F9000 ; pattern
M572 S0.034 ; pattern 18/28
G1 E-0.7 F2700 ; retract
G0 Z1 F720
G0 X126.4226 Y79.5583 F21000
G0 Z0.8 F720
G1 E0.7 F1500 ; unretract
G1 X147.6358 Y100.7715 E0.99008 F9000 ; pattern
G1 X126.4226 Y121.9847 E0.99008 F9000 ; pattern
G0 X126.9983 Y121.9847 F21000
G1 X148.2115 Y100.7715 E0.99008 F9000 ; pattern
G1 X126.9983 Y79.5583 E0.99008 F9000 ; pattern
G0 X127.574 Y79.5583 F21000
G1 X148.7872 Y100.7715 E0.99008 F9000 ; pattern
G1 X127.574 Y121.9847 E0.99008 F9000 ; pattern
M572 S0.036 ; pattern 19/28
G1 E-0.7 F2700 ; retract
G0 Z1 F720
G0 X130.024 Y79.5583 F21000
G0 Z0.8 F720
G1 E0.7 F1500 ; unretract
G1 X151.2372 Y100.7715 E0.99008 F9000 ; pattern
G1 X130.024 Y121.9847 E0.99008 F9000 ; pattern
G0 X130.5997 Y121.9847 F21000
G1 X151.8129 Y100.7715 E0.99008 F9000 ; pattern
G1 X130.5997 Y79.5583 E0.99008 F9000 ; pattern
G0 X131.1754 Y79.5583 F21000
G1 X152.3886 Y100.7715 E0.99008 F9000 ; pattern
G1 X131.1754 Y121.9847 E0.99008 F9000 ; pattern
M572 S0.038 ; pattern 20/28
G1 E-0.7 F2700 ; retract
G0 Z1 F720
G0 X133.6254 Y79.5583 F21000
G0 Z0.8 F720
G1 E0.7 F1500 ; unretract
G1 X154.8386 Y100.7715 E0.99008 F9000 ; pattern
G1 X133.6254 Y121.9847 E0.99008 F9000 ; pattern
G0 X134.2011 Y121.9847 F21000
G1 X155.4143 Y100.7715 E0.99008 F9000 ; pattern
G1 X134.2011 Y79.5583 E0.99008 F9000 ; pattern
G0 X134.7768 Y79.5583 F21000
G1 X155.99 Y100.7715 E0.99008 F9000 ; pattern
G1 X134.7768 Y121.9847 E0.99008 F9000 ; pattern
M572 S0.04 ; pattern 21/28
G1 E-0.7 F2700 ; retract
G0 Z1 F720
G0 X137.2268 Y79.5583 F21000
G0 Z0.8 F720
G1 E0.7 F1500 ; unretract
G1 X158.44 Y100.7715 E0.99008 F9000 ; pattern
G1 X137.2268 Y121.9847 E0.99008 F9000 ; pattern
G0 X137.8025 Y121.9847 F21000
G1 X159.0157 Y100.7715 E0.99008 F9000 ; pattern
G1 X137.8025 Y79.5583 E0.99008 F9000 ; pattern
G0 X138.3782 Y79.5583 F21000
G1 X159.5914 Y100.7715 E0.99008 F9000 ; pattern
G1 X138.3782 Y121.9847 E0.99008 F9000 ; pattern
M572 S0.042 ; pattern 22/28
G1 E-0.7 F2700 ; retract
G0 Z1 F720
G0 X140.8282 Y79.5583 F21000
G0 Z0.8 F720
G1 E0.7 F1500 ; unretract
M73 P88 R2
M73 Q88 S3
G1 X162.0414 Y100.7715 E0.99008 F9000 ; pattern
G1 X140.8282 Y121.9847 E0.99008 F9000 ; pattern
G0 X141.4039 Y121.9847 F21000
G1 X162.6171 Y100.7715 E0.99008 F9000 ; pattern
G1 X141.4039 Y79.5583 E0.99008 F9000 ; pattern
G0 X141.9796 Y79.5583 F21000
G1 X163.1928 Y100.7715 E0.99008 F9000 ; pattern
G1 X141.9796 Y121.9847 E0.99008 F9000 ; pattern
M572 S0.044 ; pattern 23/28
G1 E-0.7 F2700 ; retract
G0 Z1 F720
G0 X144.4296 Y79.5583 F21000
G0 Z0.8 F720
G1 E0.7 F1500 ; unretract
G1 X165.6428 Y100.7715 E0.99008 F9000 ; pattern
G1 X144.4296 Y121.9847 E0.99008 F9000 ; pattern
G0 X145.0053 Y121.9847 F21000
G1 X166.2185 Y100.7715 E0.99008 F9000 ; pattern
G1 X145.0053 Y79.5583 E0.99008 F9000 ; pattern
G0 X145.581 Y79.5583 F21000
G1 X166.7942 Y100.7715 E0.99008 F9000 ; pattern
G1 X145.581 Y121.9847 E0.99008 F9000 ; pattern
M572 S0.046 ; pattern 24/28
G1 E-0.7 F2700 ; retract
G0 Z1 F720
G0 X148.031 Y79.5583 F21000
G0 Z0.8 F720
G1 E0.7 F1500 ; unretract
G1 X169.2442 Y100.7715 E0.99008 F9000 ; pattern
G1 X148.031 Y121.9847 E0.99008 F9000 ; pattern
G0 X148.6067 Y121.9847 F21000
G1 X169.8199 Y100.7715 E0.99008 F9000 ; pattern
G1 X148.6067 Y79.5583 E0.99008 F9000 ; pattern
G0 X149.1823 Y79.5583 F21000
G1 X170.3956 Y100.7715 E0.99008 F9000 ; pattern
G1 X149.1823 Y121.9847 E0.99008 F9000 ; pattern
M572 S0.048 ; pattern 25/28
G1 E-0.7 F2700 ; retract
G0 Z1 F720
G0 X151.6323 Y79.5583 F21000
G0 Z0.8 F720
G1 E0.7 F1500 ; unretract
G1 X172.8456 Y100.7715 E0.99008 F9000 ; pattern
G1 X151.6323 Y121.9847 E0.99008 F9000 ; pattern
G0 X152.208 Y121.9847 F21000
G1 X173.4213 Y100.7715 E0.99008 F9000 ; pattern
G1 X152.208 Y79.5583 E0.99008 F9000 ; pattern
G0 X152.7837 Y79.5583 F21000
G1 X173.9969 Y100.7715 E0.99008 F9000 ; pattern
G1 X152.7837 Y121.9847 E0.99008 F9000 ; pattern
M572 S0.05 ; pattern 26/28
G1 E-0.7 F2700 ; retract
G0 Z1 F720
G0 X155.2337 Y79.5583 F21000
G0 Z0.8 F720
G1 E0.7 F1500 ; unretract
G1 X176.4469 Y100.7715 E0.99008 F9000 ; pattern
G1 X155.2337 Y121.9847 E0.99008 F9000 ; pattern
G0 X155.8094 Y121.9847 F21000
G1 X177.0226 Y100.7715 E0.99008 F9000 ; pattern
G1 X155.8094 Y79.5583 E0.99008 F9000 ; pattern
G0 X156.3851 Y79.5583 F21000
G1 X177.5983 Y100.7715 E0.99008 F9000 ; pattern
G1 X156.3851 Y121.9847 E0.99008 F9000 ; pattern
M572 S0.052 ; pattern 27/28
G1 E-0.7 F2700 ; retract
G0 Z1 F720
G0 X158.8351 Y79.5583 F21000
G0 Z0.8 F720
G1 E0.7 F1500 ; unretract
G1 X180.0483 Y100.7715 E0.99008 F9000 ; pattern
G1 X158.8351 Y121.9847 E0.99008 F9000 ; pattern
G0 X159.4108 Y121.9847 F21000
G1 X180.624 Y100.7715 E0.99008 F9000 ; pattern
G1 X159.4108 Y79.5583 E0.99008 F9000 ; pattern
G0 X159.9865 Y79.5583 F21000
G1 X181.1997 Y100.7715 E0.99008 F9000 ; pattern
G1 X159.9865 Y121.9847 E0.99008 F9000 ; pattern
M572 S0.054 ; pattern 28/28
G1 E-0.7 F2700 ; retract
G0 Z1 F720
M73 P90 R1
M73 Q90 S2
G0 X162.4365 Y79.5583 F21000
G0 Z0.8 F720
G1 E0.7 F1500 ; unretract
G1 X183.6497 Y100.7715 E0.99008 F9000 ; pattern
G1 X162.4365 Y121.9847 E0.99008 F9000 ; pattern
G0 X163.0122 Y121.9847 F21000
G1 X184.2254 Y100.7715 E0.99008 F9000 ; pattern
G1 X163.0122 Y79.5583 E0.99008 F9000 ; pattern
G0 X163.5879 Y79.5583 F21000
G1 X184.8011 Y100.7715 E0.99008 F9000 ; pattern
G1 X163.5879 Y121.9847 E0.99008 F9000 ; pattern
;LAYER_CHANGE
;Z:1
;HEIGHT:0.2
G0 Z1 F720
;TYPE:External perimeter
M572 S0 ; pattern 1/28
G1 E-0.7 F2700 ; retract
G0 Z1.2 F720
G0 X65.1989 Y79.5583 F21000
G0 Z1 F720
G1 E0.7 F1500 ; unretract
G1 X86.4121 Y100.7715 E0.99008 F9000 ; pattern
G1 X65.1989 Y121.9847 E0.99008 F9000 ; pattern
G0 X65.7746 Y121.9847 F21000
G1 X86.9878 Y100.7715 E0.99008 F9000 ; pattern
G1 X65.7746 Y79.5583 E0.99008 F9000 ; pattern
G0 X66.3503 Y79.5583 F21000
G1 X87.5635 Y100.7715 E0.99008 F9000 ; pattern
G1 X66.3503 Y121.9847 E0.99008 F9000 ; pattern
M572 S0.002 ; pattern 2/28
G1 E-0.7 F2700 ; retract
G0 Z1.2 F720
G0 X68.8003 Y79.5583 F21000
G0 Z1 F720
G1 E0.7 F1500 ; unretract
G1 X90.0135 Y100.7715 E0.99008 F9000 ; pattern
G1 X68.8003 Y121.9847 E0.99008 F9000 ; pattern
G0 X69.376 Y121.9847 F21000
G1 X90.5892 Y100.7715 E0.99008 F9000 ; pattern
G1 X69.376 Y79.5583 E0.99008 F9000 ; pattern
G0 X69.9517 Y79.5583 F21000
G1 X91.1649 Y100.7715 E0.99008 F9000 ; pattern
G1 X69.9517 Y121.9847 E0.99008 F9000 ; pattern
M572 S0.004 ; pattern 3/28
G1 E-0.7 F2700 ; retract
G0 Z1.2 F720
G0 X72.4017 Y79.5583 F21000
G0 Z1 F720
G1 E0.7 F1500 ; unretract
G1 X93.6149 Y100.7715 E0.99008 F9000 ; pattern
G1 X72.4017 Y121.9847 E0.99008 F9000 ; pattern
G0 X72.9774 Y121.9847 F21000
G1 X94.1906 Y100.7715 E0.99008 F9000 ; pattern
G1 X72.9774 Y79.5583 E0.99008 F9000 ; pattern
G0 X73.5531 Y79.5583 F21000
G1 X94.7663 Y100.7715 E0.99008 F9000 ; pattern
G1 X73.5531 Y121.9847 E0.99008 F9000 ; pattern
M572 S0.006 ; pattern 4/28
G1 E-0.7 F2700 ; retract
G0 Z1.2 F720
G0 X76.0031 Y79.5583 F21000
G0 Z1 F720
G1 E0.7 F1500 ; unretract
G1 X97.2163 Y100.7715 E0.99008 F9000 ; pattern
G1 X76.0031 Y121.9847 E0.99008 F9000 ; pattern
G0 X76.5787 Y121.9847 F21000
G1 X97.792 Y100.7715 E0.99008 F9000 ; pattern
G1 X76.5787 Y79.5583 E0.99008 F9000 ; pattern
G0 X77.1544 Y79.5583 F21000
G1 X98.3677 Y100.7715 E0.99008 F9000 ; pattern
G1 X77.1544 Y121.9847 E0.99008 F9000 ; pattern
M572 S0.008 ; pattern 5/28
G1 E-0.7 F2700 ; retract
G0 Z1.2 F720
G0 X79.6044 Y79.5583 F21000
G0 Z1 F720
G1 E0.7 F1500 ; unretract
G1 X100.8177 Y100.7715 E0.99008 F9000 ; pattern
G1 X79.6044 Y121.9847 E0.99008 F9000 ; pattern
G0 X80.1801 Y121.9847 F21000
G1 X101.3933 Y100.7715 E0.99008 F9000 ; pattern
G1 X80.1801 Y79.5583 E0.99008 F9000 ; pattern
G0 X80.7558 Y79.5583 F21000
M73 P92 R1
M73 Q92 S2
G1 X101.969 Y100.7715 E0.99008 F9000 ; pattern
G1 X80.7558 Y121.9847 E0.99008 F9000 ; pattern
M572 S0.01 ; pattern 6/28
G1 E-0.7 F2700 ; retract
G0 Z1.2 F720
G0 X83.2058 Y79.5583 F21000
G0 Z1 F720
G1 E0.7 F1500 ; unretract
G1 X104.419 Y100.7715 E0.99008 F9000 ; pattern
G1 X83.2058 Y121.9847 E0.99008 F9000 ; pattern
G0 X83.7815 Y121.9847 F21000
G1 X104.9947 Y100.7715 E0.99008 F9000 ; pattern
G1 X83.7815 Y79.5583 E0.99008 F9000 ; pattern
G0 X84.3572 Y79.5583 F21000
G1 X105.5704 Y100.7715 E0.99008 F9000 ; pattern
G1 X84.3572 Y121.9847 E0.99008 F9000 ; pattern
M572 S0.012 ; pattern 7/28
G1 E-0.7 F2700 ; retract
G0 Z1.2 F720
G0 X86.8072 Y79.5583 F21000
G0 Z1 F720
G1 E0.7 F1500 ; unretract
G1 X108.0204 Y100.7715 E0.99008 F9000 ; pattern
G1 X86.8072 Y121.9847 E0.99008 F9000 ; pattern
G0 X87.3829 Y121.9847 F21000
G1 X108.5961 Y100.7715 E0.99008 F9000 ; pattern
G1 X87.3829 Y79.5583 E0.99008 F9000 ; pattern
G0 X87.9586 Y79.5583 F21000
G1 X109.1718 Y100.7715 E0.99008 F9000 ; pattern
G1 X87.9586 Y121.9847 E0.99008 F9000 ; pattern
M572 S0.014 ; pattern 8/28
G1 E-0.7 F2700 ; retract
G0 Z1.2 F720
G0 X90.4086 Y79.5583 F21000
G0 Z1 F720
G1 E0.7 F1500 ; unretract
G1 X111.6218 Y100.7715 E0.99008 F9000 ; pattern
G1 X90.4086 Y121.9847 E0.99008 F9000 ; pattern
G0 X90.9843 Y121.9847 F21000
G1 X112.1975 Y100.7715 E0.99008 F9000 ; pattern
G1 X90.9843 Y79.5583 E0.99008 F9000 ; pattern
G0 X91.56 Y79.5583 F21000
G1 X112.7732 Y100.7715 E0.99008 F9000 ; pattern
G1 X91.56 Y121.9847 E0.99008 F9000 ; pattern
M572 S0.016 ; pattern 9/28
G1 E-0.7 F2700 ; retract
G0 Z1.2 F720
G0 X94.01 Y79.5583 F21000
G0 Z1 F720
G1 E0.7 F1500 ; unretract
G1 X115.2232 Y100.7715 E0.99008 F9000 ; pattern
G1 X94.01 Y121.9847 E0.99008 F9000 ; pattern
G0 X94.5857 Y121.9847 F21000
G1 X115.7989 Y100.7715 E0.99008 F9000 ; pattern
G1 X94.5857 Y79.5583 E0.99008 F9000 ; pattern
G0 X95.1614 Y79.5583 F21000
G1 X116.3746 Y100.7715 E0.99008 F9000 ; pattern
G1 X95.1614 Y121.9847 E0.99008 F9000 ; pattern
M572 S0.018 ; pattern 10/28
G1 E-0.7 F2700 ; retract
G0 Z1.2 F720
G0 X97.6114 Y79.5583 F21000
G0 Z1 F720
G1 E0.7 F1500 ; unretract
G1 X118.8246 Y100.7715 E0.99008 F9000 ; pattern
G1 X97.6114 Y121.9847 E0.99008 F9000 ; pattern
G0 X98.1871 Y121.9847 F21000
G1 X119.4003 Y100.7715 E0.99008 F9000 ; pattern
G1 X98.1871 Y79.5583 E0.99008 F9000 ; pattern
G0 X98.7628 Y79.5583 F21000
G1 X119.976 Y100.7715 E0.99008 F9000 ; pattern
G1 X98.7628 Y121.9847 E0.99008 F9000 ; pattern
M572 S0.02 ; pattern 11/28
G1 E-0.7 F2700 ; retract
G0 Z1.2 F720
G0 X101.2128 Y79.5583 F21000
G0 Z1 F720
G1 E0.7 F1500 ; unretract
G1 X122.426 Y100.7715 E0.99008 F9000 ; pattern
G1 X101.2128 Y121.9847 E0.99008 F9000 ; pattern
G0 X101.7885 Y121.9847 F21000
G1 X123.0017 Y100.7715 E0.99008 F9000 ; pattern
M73 P94 R1
M73 Q94 S2
G1 X101.7885 Y79.5583 E0.99008 F9000 ; pattern
G0 X102.3642 Y79.5583 F21000
G1 X123.5774 Y100.7715 E0.99008 F9000 ; pattern
G1 X102.3642 Y121.9847 E0.99008 F9000 ; pattern
M572 S0.022 ; pattern 12/28
G1 E-0.7 F2700 ; retract
G0 Z1.2 F720
G0 X104.8142 Y79.5583 F21000
G0 Z1 F720
G1 E0.7 F1500 ; unretract
G1 X126.0274 Y100.7715 E0.99008 F9000 ; pattern
G1 X104.8142 Y121.9847 E0.99008 F9000 ; pattern
G0 X105.3899 Y121.9847 F21000
G1 X126.6031 Y100.7715 E0.99008 F9000 ; pattern
G1 X105.3899 Y79.5583 E0.99008 F9000 ; pattern
G0 X105.9656 Y79.5583 F21000
G1 X127.1788 Y100.7715 E0.99008 F9000 ; pattern
G1 X105.9656 Y121.9847 E0.99008 F9000 ; pattern
M572 S0.024 ; pattern 13/28
G1 E-0.7 F2700 ; retract
G0 Z1.2 F720
G0 X108.4156 Y79.5583 F21000
G0 Z1 F720
G1 E0.7 F1500 ; unretract
G1 X129.6288 Y100.7715 E0.99008 F9000 ; pattern
G1 X108.4156 Y121.9847 E0.99008 F9000 ; pattern
G0 X108.9913 Y121.9847 F21000
G1 X130.2045 Y100.7715 E0.99008 F9000 ; pattern
G1 X108.9913 Y79.5583 E0.99008 F9000 ; pattern
G0 X109.567 Y79.5583 F21000
G1 X130.7802 Y100.7715 E0.99008 F9000 ; pattern
G1 X109.567 Y121.9847 E0.99008 F9000 ; pattern
M572 S0.026 ; pattern 14/28
G1 E-0.7 F2700 ; retract
G0 Z1.2 F720
G0 X112.017 Y79.5583 F21000
G0 Z1 F720
G1 E0.7 F1500 ; unretract
G1 X133.2302 Y100.7715 E0.99008 F9000 ; pattern
G1 X112.017 Y121.9847 E0.99008 F9000 ; pattern
G0 X112.5927 Y121.9847 F21000
G1 X133.8059 Y100.7715 E0.99008 F9000 ; pattern
G1 X112.5927 Y79.5583 E0.99008 F9000 ; pattern
G0 X113.1684 Y79.5583 F21000
G1 X134.3816 Y100.7715 E0.99008 F9000 ; pattern
G1 X113.1684 Y121.9847 E0.99008 F9000 ; pattern
M572 S0.028 ; pattern 15/28
G1 E-0.7 F2700 ; retract
G0 Z1.2 F720
G0 X115.6184 Y79.5583 F21000
G0 Z1 F720
G1 E0.7 F1500 ; unretract
G1 X136.8316 Y100.7715 E0.99008 F9000 ; pattern
G1 X115.6184 Y121.9847 E0.99008 F9000 ; pattern
G0 X116.1941 Y121.9847 F21000
G1 X137.4073 Y100.7715 E0.99008 F9000 ; pattern
G1 X116.1941 Y79.5583 E0.99008 F9000 ; pattern
G0 X116.7698 Y79.5583 F21000
G1 X137.983 Y100.7715 E0.99008 F9000 ; pattern
G1 X116.7698 Y121.9847 E0.99008 F9000 ; pattern
M572 S0.03 ; pattern 16/28
G1 E-0.7 F2700 ; retract
G0 Z1.2 F720
G0 X119.2198 Y79.5583 F21000
G0 Z1 F720
G1 E0.7 F1500 ; unretract
G1 X140.433 Y100.7715 E0.99008 F9000 ; pattern
G1 X119.2198 Y121.9847 E0.99008 F9000 ; pattern
G0 X119.7955 Y121.9847 F21000
G1 X141.0087 Y100.7715 E0.99008 F9000 ; pattern
G1 X119.7955 Y79.5583 E0.99008 F9000 ; pattern
G0 X120.3712 Y79.5583 F21000
G1 X141.5844 Y100.7715 E0.99008 F9000 ; pattern
G1 X120.3712 Y121.9847 E0.99008 F9000 ; pattern
M572 S0.032 ; pattern 17/28
G1 E-0.7 F2700 ; retract
G0 Z1.2 F720
G0 X122.8212 Y79.5583 F21000
G0 Z1 F720
G1 E0.7 F1500 ; unretract
G1 X144.0344 Y100.7715 E0.99008 F9000 ; pattern
G1 X122.8212 Y121.9847 E0.99008 F9000 ; pattern
G0 X123.3969 Y121.9847 F21000
M73 P96 R1
M73 Q96 S2
G1 X144.6101 Y100.7715 E0.99008 F9000 ; pattern
G1 X123.3969 Y79.5583 E0.99008 F9000 ; pattern
G0 X123.9726 Y79.5583 F21000
G1 X145.1858 Y100.7715 E0.99008 F9000 ; pattern
G1 X123.9726 Y121.9847 E0.99008 F9000 ; pattern
M572 S0.034 ; pattern 18/28
G1 E-0.7 F2700 ; retract
G0 Z1.2 F720
G0 X126.4226 Y79.5583 F21000
G0 Z1 F720
G1 E0.7 F1500 ; unretract
G1 X147.6358 Y100.7715 E0.99008 F9000 ; pattern
G1 X126.4226 Y121.9847 E0.99008 F9000 ; pattern
G0 X126.9983 Y121.9847 F21000
G1 X148.2115 Y100.7715 E0.99008 F9000 ; pattern
G1 X126.9983 Y79.5583 E0.99008 F9000 ; pattern
G0 X127.574 Y79.5583 F21000
G1 X148.7872 Y100.7715 E0.99008 F9000 ; pattern
G1 X127.574 Y121.9847 E0.99008 F9000 ; pattern
M572 S0.036 ; pattern 19/28
G1 E-0.7 F2700 ; retract
G0 Z1.2 F720
G0 X130.024 Y79.5583 F21000
G0 Z1 F720
G1 E0.7 F1500 ; unretract
G1 X151.2372 Y100.7715 E0.99008 F9000 ; pattern
G1 X130.024 Y121.9847 E0.99008 F9000 ; pattern
G0 X130.5997 Y121.9847 F21000
G1 X151.8129 Y100.7715 E0.99008 F9000 ; pattern
G1 X130.5997 Y79.5583 E0.99008 F9000 ; pattern
G0 X131.1754 Y79.5583 F21000
G1 X152.3886 Y100.7715 E0.99008 F9000 ; pattern
G1 X131.1754 Y121.9847 E0.99008 F9000 ; pattern
M572 S0.038 ; pattern 20/28
G1 E-0.7 F2700 ; retract
G0 Z1.2 F720
G0 X133.6254 Y79.5583 F21000
G0 Z1 F720
G1 E0.7 F1500 ; unretract
G1 X154.8386 Y100.7715 E0.99008 F9000 ; pattern
G1 X133.6254 Y121.9847 E0.99008 F9000 ; pattern
G0 X134.2011 Y121.9847 F21000
G1 X155.4143 Y100.7715 E0.99008 F9000 ; pattern
G1 X134.2011 Y79.5583 E0.99008 F9000 ; pattern
G0 X134.7768 Y79.5583 F21000
G1 X155.99 Y100.7715 E0.99008 F9000 ; pattern
G1 X134.7768 Y121.9847 E0.99008 F9000 ; pattern
M572 S0.04 ; pattern 21/28
G1 E-0.7 F2700 ; retract
G0 Z1.2 F720
G0 X137.2268 Y79.5583 F21000
G0 Z1 F720
G1 E0.7 F1500 ; unretract
G1 X158.44 Y100.7715 E0.99008 F9000 ; pattern
G1 X137.2268 Y121.9847 E0.99008 F9000 ; pattern
G0 X137.8025 Y121.9847 F21000
G1 X159.0157 Y100.7715 E0.99008 F9000 ; pattern
G1 X137.8025 Y79.5583 E0.99008 F9000 ; pattern
G0 X138.3782 Y79.5583 F21000
G1 X159.5914 Y100.7715 E0.99008 F9000 ; pattern
G1 X138.3782 Y121.9847 E0.99008 F9000 ; pattern
M572 S0.042 ; pattern 22/28
G1 E-0.7 F2700 ; retract
G0 Z1.2 F720
G0 X140.8282 Y79.5583 F21000
G0 Z1 F720
G1 E0.7 F1500 ; unretract
G1 X162.0414 Y100.7715 E0.99008 F9000 ; pattern
G1 X140.8282 Y121.9847 E0.99008 F9000 ; pattern
G0 X141.4039 Y121.9847 F21000
G1 X162.6171 Y100.7715 E0.99008 F9000 ; pattern
G1 X141.4039 Y79.5583 E0.99008 F9000 ; pattern
G0 X141.9796 Y79.5583 F21000
G1 X163.1928 Y100.7715 E0.99008 F9000 ; pattern
G1 X141.9796 Y121.9847 E0.99008 F9000 ; pattern
M572 S0.044 ; pattern 23/28
G1 E-0.7 F2700 ; retract
G0 Z1.2 F720
G0 X144.4296 Y79.5583 F21000
G0 Z1 F720
G1 E0.7 F1500 ; unretract
G1 X165.6428 Y100.7715 E0.99008 F9000 ; pattern
M73 P98 R1
M73 Q98 S2
G1 X144.4296 Y121.9847 E0.99008 F9000 ; pattern
G0 X145.0053 Y121.9847 F21000
G1 X166.2185 Y100.7715 E0.99008 F9000 ; pattern
G1 X145.0053 Y79.5583 E0.99008 F9000 ; pattern
G0 X145.581 Y79.5583 F21000
G1 X166.7942 Y100.7715 E0.99008 F9000 ; pattern
G1 X145.581 Y121.9847 E0.99008 F9000 ; pattern
M572 S0.046 ; pattern 24/28
G1 E-0.7 F2700 ; retract
G0 Z1.2 F720
G0 X148.031 Y79.5583 F21000
G0 Z1 F720
G1 E0.7 F1500 ; unretract
G1 X169.2442 Y100.7715 E0.99008 F9000 ; pattern
G1 X148.031 Y121.9847 E0.99008 F9000 ; pattern
G0 X148.6067 Y121.9847 F21000
G1 X169.8199 Y100.7715 E0.99008 F9000 ; pattern
G1 X148.6067 Y79.5583 E0.99008 F9000 ; pattern
G0 X149.1823 Y79.5583 F21000
G1 X170.3956 Y100.7715 E0.99008 F9000 ; pattern
G1 X149.1823 Y121.9847 E0.99008 F9000 ; pattern
M572 S0.048 ; pattern 25/28
G1 E-0.7 F2700 ; retract
G0 Z1.2 F720
G0 X151.6323 Y79.5583 F21000
G0 Z1 F720
G1 E0.7 F1500 ; unretract
G1 X172.8456 Y100.7715 E0.99008 F9000 ; pattern
G1 X151.6323 Y121.9847 E0.99008 F9000 ; pattern
G0 X152.208 Y121.9847 F21000
G1 X173.4213 Y100.7715 E0.99008 F9000 ; pattern
G1 X152.208 Y79.5583 E0.99008 F9000 ; pattern
G0 X152.7837 Y79.5583 F21000
G1 X173.9969 Y100.7715 E0.99008 F9000 ; pattern
G1 X152.7837 Y121.9847 E0.99008 F9000 ; pattern
M572 S0.05 ; pattern 26/28
G1 E-0.7 F2700 ; retract
G0 Z1.2 F720
G0 X155.2337 Y79.5583 F21000
G0 Z1 F720
G1 E0.7 F1500 ; unretract
G1 X176.4469 Y100.7715 E0.99008 F9000 ; pattern
G1 X155.2337 Y121.9847 E0.99008 F9000 ; pattern
G0 X155.8094 Y121.9847 F21000
G1 X177.0226 Y100.7715 E0.99008 F9000 ; pattern
G1 X155.8094 Y79.5583 E0.99008 F9000 ; pattern
G0 X156.3851 Y79.5583 F21000
G1 X177.5983 Y100.7715 E0.99008 F9000 ; pattern
G1 X156.3851 Y121.9847 E0.99008 F9000 ; pattern
M572 S0.052 ; pattern 27/28
G1 E-0.7 F2700 ; retract
G0 Z1.2 F720
G0 X158.8351 Y79.5583 F21000
G0 Z1 F720
G1 E0.7 F1500 ; unretract
G1 X180.0483 Y100.7715 E0.99008 F9000 ; pattern
G1 X158.8351 Y121.9847 E0.99008 F9000 ; pattern
G0 X159.4108 Y121.9847 F21000
G1 X180.624 Y100.7715 E0.99008 F9000 ; pattern
G1 X159.4108 Y79.5583 E0.99008 F9000 ; pattern
G0 X159.9865 Y79.5583 F21000
G1 X181.1997 Y100.7715 E0.99008 F9000 ; pattern
G1 X159.9865 Y121.9847 E0.99008 F9000 ; pattern
M572 S0.054 ; pattern 28/28
G1 E-0.7 F2700 ; retract
G0 Z1.2 F720
G0 X162.4365 Y79.5583 F21000
G0 Z1 F720
G1 E0.7 F1500 ; unretract
G1 X183.6497 Y100.7715 E0.99008 F9000 ; pattern
G1 X162.4365 Y121.9847 E0.99008 F9000 ; pattern
G0 X163.0122 Y121.9847 F21000
G1 X184.2254 Y100.7715 E0.99008 F9000 ; pattern
G1 X163.0122 Y79.5583 E0.99008 F9000 ; pattern
G0 X163.5879 Y79.5583 F21000
G1 X184.8011 Y100.7715 E0.99008 F9000 ; pattern
G1 X163.5879 Y121.9847 E0.99008 F9000 ; pattern
M572 S0 ; back to start value
G1 E-0.7 F2700 ; retract
M73 P100 R0
M73 Q100 S0
G0 Z6 F720
M107 ; part fan off
M204 P7000 T7000 ; restore machine acceleration
M83 ; restore relative extrusion
G92 E0
; <<< print_calibration_tool pattern end
; Filament-specific end gcode
G1 Z59.4 F720
M104 S0
M140 S0
M141 S0
M107
G1 X242 Y211 F10200
G4
M572 S0
M84 X Y E
; max_layer_z = 58.4
M73 P100 R0
M73 Q100 S0

; filament used [mm] = 1096.23
; filament used [cm3] = 2.64
; filament used [g] = 3.43
; filament cost = 0.07
; total filament used [g] = 3.43
; total filament cost = 0.07
; total filament used for wipe tower [g] = 0.00
; estimated printing time (normal mode) = 8m 46s
; estimated first layer printing time (normal mode) = 4m 52s
; estimated printing time (silent mode) = 10m 46s
; estimated first layer printing time (silent mode) = 1m 51s

; prusaslicer_config = begin
; arc_fitting = emit_center
; autoemit_temperature_commands = 1
; automatic_extrusion_widths = 0
; automatic_infill_combination = 0
; automatic_infill_combination_max_layer_height = 100%
; avoid_crossing_curled_overhangs = 0
; avoid_crossing_perimeters = 0
; avoid_crossing_perimeters_max_detour = 0
; bed_custom_model = 
; bed_custom_texture = 
; bed_shape = 0x0,250x0,250x220,0x220
; bed_temperature = 60
; bed_temperature_extruder = 0
; before_layer_gcode = ;BEFORE_LAYER_CHANGE\nG92 E0.0\n;[layer_z]\n{if layer_z > 150}\nM201 X{interpolate_table(layer_z, (0,7000), (150,7000), (200,4000), (270,2000))} Y{interpolate_table(layer_z, (0,7000), (150,7000), (200,4000), (270,2000))}\n{endif}\n
; between_objects_gcode = 
; binary_gcode = 1
; bottom_fill_pattern = monotonic
; bottom_solid_layers = 3
; bottom_solid_min_thickness = 0.5
; bridge_acceleration = 1500
; bridge_angle = 0
; bridge_fan_speed = 100
; bridge_flow_ratio = 1
; bridge_speed = 50
; brim_separation = 0.1
; brim_type = outer_only
; brim_width = 0
; chamber_minimal_temperature = 0
; chamber_temperature = 20
; color_change_gcode = M600\nG1 E0.3 F1500 ; prime after color change
; colorprint_heights = 
; compatible_printers_condition_cummulative = "printer_model=~/(COREONE|COREONEOAK|COREONEMMU3)/ and nozzle_diameter[0]==0.4 and nozzle_high_flow[0]";"printer_model=~/(COREONE|COREONEOAK|COREONEMMU3|COREONEL|COREONELMMU3)/ and nozzle_diameter[0]!=0.8 and nozzle_diameter[0]!=0.6 and nozzle_diameter[0]!=0.5 and nozzle_high_flow[0]"
; complete_objects = 0
; cooling = 1
; cooling_perimeter_transition_distance = 10
; cooling_slowdown_logic = consistent_surface
; cooling_tube_length = 20
; cooling_tube_retraction = 45
; custom_parameters_filament = ""
; custom_parameters_print = 
; custom_parameters_printer = 
; default_acceleration = 3000
; default_filament_profile = "Prusament PLA @COREONE HF0.4"
; default_print_profile = 0.20mm BALANCED @COREONE HF0.4
; deretract_speed = 25
; disable_fan_first_layers = 1
; dont_support_bridges = 0
; draft_shield = disabled
; duplicate_distance = 6
; elefant_foot_compensation = 0.2
; enable_dynamic_fan_speeds = 1
; enable_dynamic_overhang_speeds = 1
; end_filament_gcode = "; Filament-specific end gcode"
; end_gcode = {if layer_z < max_print_height}G1 Z{z_offset+min(max_layer_z+1, max_print_height)} F720 ; Move print head up{endif}\nM104 S0 ; turn off temperature\nM140 S0 ; turn off heatbed\nM141 S0 ; disable chamber control\nM107 ; turn off fan\nG1 X242 Y211 F10200 ; park\nG4 ; wait\nM572 S0 ; reset PA\nM84 X Y E ; disable motors\n; max_layer_z = [max_layer_z]
; ensure_vertical_shell_thickness = enabled
; external_perimeter_acceleration = 2500
; external_perimeter_extrusion_width = 0.45
; external_perimeter_speed = 200
; external_perimeters_first = 0
; extra_loading_move = -52
; extra_perimeters = 0
; extra_perimeters_on_overhangs = 0
; extruder_clearance_height = 33
; extruder_clearance_radius = 75
; extruder_colour = ""
; extruder_offset = 0x0
; extrusion_axis = E
; extrusion_multiplier = 0.975
; extrusion_width = 0.45
; fan_always_on = 1
; fan_below_layer_time = 40
; filament_abrasive = 0
; filament_colour = #FFFFFF
; filament_cooling_final_speed = 3.5
; filament_cooling_initial_speed = 10
; filament_cooling_moves = 2
; filament_cost = 19.56
; filament_density = 1.3
; filament_deretract_speed = nil
; filament_diameter = 1.75
; filament_flush_speed = 0
; filament_flush_volume = 0
; filament_infill_max_crossing_speed = 200
; filament_infill_max_speed = 0
; filament_load_time = 10.9
; filament_loading_speed = 10
; filament_loading_speed_start = 50
; filament_max_volumetric_speed = 22
; filament_minimal_purge_on_wipe_tower = 15
; filament_multitool_ramming = 0
; filament_multitool_ramming_flow = 10
; filament_multitool_ramming_volume = 10
; filament_notes = ""
; filament_purge_multiplier = 81.25%
; filament_ramming_parameters = "250 100 39.871 39.871| 0.05 39.9547 0.45 39.9547 0.95 39.9547 1.45 39.9547 1.95 39.9547 2.45 39.9547 2.95 39.9547 3.45 39.9547 3.95 39.9547 4.45 39.9547 4.95 39.9547"
; filament_retract_before_travel = nil
; filament_retract_before_wipe = nil
; filament_retract_layer_change = nil
; filament_retract_length = nil
; filament_retract_length_toolchange = nil
; filament_retract_lift = nil
; filament_retract_lift_above = nil
; filament_retract_lift_below = nil
; filament_retract_restart_extra = nil
; filament_retract_restart_extra_toolchange = nil
; filament_retract_speed = nil
; filament_seam_gap_distance = nil
; filament_settings_id = "PLA p - 3DJake - matte white - CHT 0.4"
; filament_shrinkage_compensation_xy = 0%
; filament_shrinkage_compensation_z = 0%
; filament_soluble = 0
; filament_spool_weight = 605
; filament_stamping_distance = 45
; filament_stamping_loading_speed = 29
; filament_toolchange_delay = 0
; filament_travel_lift_before_obstacle = nil
; filament_travel_max_lift = 0.6
; filament_travel_ramping_lift = 1
; filament_travel_slope = 1
; filament_type = PLA
; filament_unload_time = 8.9
; filament_unloading_speed = 40
; filament_unloading_speed_start = 30
; filament_vendor = Generic
; filament_wipe = nil
; fill_angle = 45
; fill_density = 40%
; fill_pattern = cubic
; first_layer_acceleration = 500
; first_layer_acceleration_over_raft = 0
; first_layer_bed_temperature = 61
; first_layer_extrusion_width = 0.5
; first_layer_height = 0.2
; first_layer_infill_speed = 100
; first_layer_speed = 45
; first_layer_speed_over_raft = 30
; first_layer_temperature = 225
; full_fan_speed_layer = 3
; fuzzy_skin = none
; fuzzy_skin_point_dist = 0.8
; fuzzy_skin_thickness = 0.3
; gap_fill_enabled = 1
; gap_fill_speed = 120
; gcode_comments = 0
; gcode_flavor = marlin2
; gcode_label_objects = firmware
; gcode_resolution = 0.008
; gcode_substitutions = 
; high_current_on_filament_swap = 0
; host_type = prusalink
; idle_temperature = 170
; infill_acceleration = 5000
; infill_anchor = 2
; infill_anchor_max = 12
; infill_every_layers = 1
; infill_extruder = 1
; infill_extrusion_width = 0.45
; infill_first = 0
; infill_overlap = 15%
; infill_speed = 150
; inherits_cummulative = "0.20mm BALANCED @COREONE HF0.4";"Generic PLA @COREONE HF0.4";"Prusa CORE One HF0.4 nozzle"
; interface_shells = 0
; interlocking_beam = 0
; interlocking_beam_layer_count = 2
; interlocking_beam_width = 0.8
; interlocking_boundary_avoidance = 2
; interlocking_depth = 2
; interlocking_orientation = 22.5
; ironing = 0
; ironing_flowrate = 15%
; ironing_spacing = 0.1
; ironing_speed = 15
; ironing_type = top
; layer_gcode = ;AFTER_LAYER_CHANGE\n;[layer_z]
; layer_height = 0.2
; machine_limits_usage = emit_to_gcode
; machine_max_acceleration_e = 5000,2500
; machine_max_acceleration_extruding = 7000,2500
; machine_max_acceleration_retracting = 2500,2500
; machine_max_acceleration_travel = 7000,2500
; machine_max_acceleration_x = 10000,2500
; machine_max_acceleration_y = 10000,2500
; machine_max_acceleration_z = 400,200
; machine_max_feedrate_e = 100,100
; machine_max_feedrate_x = 350,160
; machine_max_feedrate_y = 350,160
; machine_max_feedrate_z = 12,12
; machine_max_jerk_e = 10,10
; machine_max_jerk_x = 10,8
; machine_max_jerk_y = 10,8
; machine_max_jerk_z = 2,2
; machine_max_junction_deviation = 0,0
; machine_min_extruding_rate = 0,0
; machine_min_travel_rate = 0,0
; max_fan_speed = 100
; max_layer_height = 0.3
; max_print_height = 270
; max_print_speed = 300
; max_volumetric_extrusion_rate_slope_negative = 0
; max_volumetric_extrusion_rate_slope_positive = 0
; max_volumetric_speed = 0
; min_bead_width = 85%
; min_fan_speed = 85
; min_feature_size = 25%
; min_layer_height = 0.07
; min_print_speed = 20
; min_skirt_length = 4
; mmu_segmented_region_interlocking_depth = 0
; mmu_segmented_region_max_width = 0
; multimaterial_purging = 140
; notes = 
; nozzle_diameter = 0.4
; nozzle_high_flow = 1
; only_one_perimeter_first_layer = 0
; only_retract_when_crossing_perimeters = 0
; ooze_prevention = 0
; output_filename_format = {input_filename_base}_0.4n_{layer_height}mm_{printing_filament_types}_{printer_model}_{print_time}.gcode
; over_bridge_speed = 60%
; overhang_fan_speed_0 = 100
; overhang_fan_speed_1 = 100
; overhang_fan_speed_2 = 0
; overhang_fan_speed_3 = 0
; overhang_speed_0 = 15
; overhang_speed_1 = 25
; overhang_speed_2 = 50
; overhang_speed_3 = 70%
; overhangs = 1
; parking_pos_retraction = 84
; pause_print_gcode = M601
; perimeter_acceleration = 3000
; perimeter_extruder = 1
; perimeter_extrusion_width = 0.45
; perimeter_generator = arachne
; perimeter_speed = 150
; perimeters = 2
; physical_printer_settings_id = HatschiCoreOne
; post_process = 
; prefer_clockwise_movements = 0
; print_settings_id = 0.20mm BALANCED @COREONE HF0.4 - Copy
; printer_model = COREONE
; printer_notes = Don't remove the following keywords! These keywords are used in the "compatible printer" condition of the print and filament profiles to link the particular print and filament profiles to this printer profile.\nPRINTER_MODEL_COREONE\nPG\nNO_TEMPLATES
; printer_settings_id = CoreOne HF0.4
; printer_technology = FFF
; printer_variant = HF0.4
; printer_vendor = 
; raft_contact_distance = 0.15
; raft_expansion = 1.5
; raft_first_layer_density = 90%
; raft_first_layer_expansion = 3
; raft_layers = 0
; remaining_times = 1
; resolution = 0
; retract_before_travel = 1.5
; retract_before_wipe = 80%
; retract_layer_change = 1
; retract_length = 0.7
; retract_length_toolchange = 0
; retract_lift = 0.2
; retract_lift_above = 0
; retract_lift_below = 269
; retract_restart_extra = 0
; retract_restart_extra_toolchange = 0
; retract_speed = 45
; scarf_seam_entire_loop = 0
; scarf_seam_length = 20
; scarf_seam_max_segment_length = 1
; scarf_seam_on_inner_perimeters = 0
; scarf_seam_only_on_smooth = 1
; scarf_seam_placement = nowhere
; scarf_seam_start_height = 0%
; seam_gap_distance = 15%
; seam_position = aligned
; silent_mode = 1
; single_extruder_multi_material = 0
; single_extruder_multi_material_priming = 0
; skirt_distance = 6
; skirt_height = 1
; skirts = 0
; slice_closing_radius = 0.049
; slicing_mode = regular
; slowdown_below_layer_time = 0
; small_perimeter_speed = 170
; solid_infill_acceleration = 5000
; solid_infill_below_area = 0
; solid_infill_every_layers = 0
; solid_infill_extruder = 1
; solid_infill_extrusion_width = 0.45
; solid_infill_speed = 150
; spiral_vase = 0
; staggered_inner_seams = 0
; standby_temperature_delta = -5
; start_filament_gcode = "M572 S{if nozzle_diameter[filament_extruder_id]==0.4}0.03{elsif nozzle_diameter[filament_extruder_id]==0.5}0.022{elsif nozzle_diameter[filament_extruder_id]==0.6}0.019{elsif nozzle_diameter[filament_extruder_id]==0.8}0.013{elsif nozzle_diameter[filament_extruder_id]==0.25}0.1{elsif nozzle_diameter[filament_extruder_id]==0.3}0.07{else}0{endif} ; Filament gcode\n\n{if nozzle_diameter[filament_extruder_id]==0.4}{if layer_height==0.15}M572 S0.45{elsif layer_height==0.2}M572 S0.45{endif}{endif} ; custom Pressure Advance\n\nM142 S36 ; set heatbreak target temp"
; start_gcode = M17 ; enable steppers\nM862.1 P[nozzle_diameter] A{(filament_abrasive[0] ? 1 : 0)} F{(nozzle_high_flow[0] ? 1 : 0)} ; nozzle check\nM862.3 P "COREONE" ; printer model check\nM862.5 P2 ; g-code level check\nM862.6 P"Input shaper" ; FW feature check\nM115 U6.3.4+10511\n\nM555 X{(min(print_bed_max[0], first_layer_print_min[0] + 32) - 32)} Y{(max(0, first_layer_print_min[1]) - 4)} W{((min(print_bed_max[0], max(first_layer_print_min[0] + 32, first_layer_print_max[0])))) - ((min(print_bed_max[0], first_layer_print_min[0] + 32) - 32))} H{((first_layer_print_max[1])) - ((max(0, first_layer_print_min[1]) - 4))}\n\nG90 ; use absolute coordinates\nM83 ; extruder relative mode\n\n{if chamber_minimal_temperature[initial_tool]!=0}\nM140 S115 ; set bed temp for chamber heating\n{else}\nM140 S[first_layer_bed_temperature] ; set bed temp\n{endif}\n\nM109 R{((filament_notes[0]=~/.*MBL160.*/) ? 160 : (filament_notes[0]=~/.*HT_MBL10.*/) ? (first_layer_temperature[0] - 10) : (filament_type[0] == "PC" or filament_type[0] == "PA") ? (first_layer_temperature[0] - 25) : (filament_type[0] == "FLEX") ? 210 : 170)} ; wait for temp\n\nM84 E ; turn off E motor\n\nG28 ; home all without mesh bed level\n\n{if chamber_minimal_temperature[initial_tool]!=0}\n; Min chamber temp section\nM104 S{idle_temperature[initial_tool]} ; set idle temp\nG1 Z10 F720 ; set bed position\nG1 X242 Y-9 F4800 ; set print head position\nM191 S{chamber_minimal_temperature[initial_tool]} ; wait for minimal chamber temp\nM141 S{chamber_temperature[initial_tool]} ; set nominal chamber temp\nM107\nM140 S[first_layer_bed_temperature] ; set bed temp\n{else}\nM141 S{chamber_temperature[initial_tool]} ; set nominal chamber temp\n{endif}\n\n{if first_layer_bed_temperature[initial_tool]<=60}M106 S70{endif}\nG0 Z40 F10000\nM104 T{initial_tool} S{if is_nil(idle_temperature[initial_tool])}100{else}{idle_temperature[initial_tool]}{endif}\nM190 R[first_layer_bed_temperature] ; wait for bed temp\nM107\n\nG29 G ; absorb heat\n\nM109 R{((filament_notes[0]=~/.*MBL160.*/) ? 160 : (filament_notes[0]=~/.*HT_MBL10.*/) ? (first_layer_temperature[0] - 10) : (filament_type[0] == "PC" or filament_type[0] == "PA") ? (first_layer_temperature[0] - 25) : (filament_type[0] == "FLEX") ? 210 : 170)} ; wait for MBL temp\n\nM302 S155 ; lower cold extrusion limit to 155C\n\n{if filament_type[initial_tool]=="FLEX"}\nG1 E-4 F2400 ; retraction\n{else}\nG1 E-2 F2400 ; retraction\n{endif}\n\nM84 E ; turn off E motor\n\nG0 X41  Y-13 Z1.5 F20000;\nG0 X78 Y-18 Z1.5 F20000;\nG0 X41  Y-13 Z1.5 F20000;\nG0 X78 Y-18 Z1.5 F20000;\nG0 X41  Y-13 Z1.5 F20000;\nG0 X78 Y-18 Z1.5 F20000;\nG0 X41  Y-13 Z1.5 F20000;\nG0 X78 Y-18 Z1.5 F20000;\nG0 X41  Y-13 Z1.5 F20000;\nG0 X78 Y-18 Z1.5 F20000;\nG29 P9 X208 Y-2.5 W32 H4\n\n;\n; MBL\n;\nM84 E ; turn off E motor\nG29 P1 ; invalidate mbl & probe print area\nG29 P1 X150 Y0 W100 H20 C ; probe near purge place\nG29 P3.2 ; interpolate mbl probes\nG29 P3.13 ; extrapolate mbl outside probe area\nG29 A ; activate mbl\n\n; prepare for purge\nM104 S{first_layer_temperature[0]}\nG0 X249 Y-2.5 Z15 F4800 ; move away and ready for the purge\nM109 S{first_layer_temperature[0]}\n\nG92 E0\nM569 S0 E ; set spreadcycle mode for extruder\n\n;\n; Extrude purge line\n;\nG92 E0 ; reset extruder position\nG1 E{(filament_type[0] == "FLEX" ? 4 : 2)} F2400 ; deretraction after the initial one\nG0 E5 X235 Z0.2 F500 ; purge\nG0 X225 E4 F500 ; purge\nG0 X215 E4 F650 ; purge\nG0 X205 E4 F800 ; purge\nG0 X202 Z0.05 F8000 ; wipe, move close to the bed\nG0 X199 Z0.2 F8000 ; wipe, move quickly away from the bed\n\nG92 E0\nM221 S100 ; set flow to 100%
; support_material = 0
; support_material_angle = 0
; support_material_auto = 0
; support_material_bottom_contact_distance = 0
; support_material_bottom_interface_layers = 0
; support_material_buildplate_only = 0
; support_material_closing_radius = 2
; support_material_contact_distance = 0.2
; support_material_enforce_layers = 0
; support_material_extruder = 0
; support_material_extrusion_width = 0.4
; support_material_interface_contact_loops = 0
; support_material_interface_extruder = 0
; support_material_interface_layers = 3
; support_material_interface_pattern = auto
; support_material_interface_spacing = 0.2
; support_material_interface_speed = 50
; support_material_pattern = rectilinear
; support_material_spacing = 2
; support_material_speed = 120
; support_material_style = snug
; support_material_synchronize_layers = 0
; support_material_threshold = 35
; support_material_with_sheath = 0
; support_material_xy_spacing = 80%
; support_tree_angle = 40
; support_tree_angle_slow = 25
; support_tree_branch_diameter = 2
; support_tree_branch_diameter_angle = 5
; support_tree_branch_diameter_double_wall = 8
; support_tree_branch_distance = 1
; support_tree_tip_diameter = 0.8
; support_tree_top_rate = 30%
; temperature = 225
; template_custom_gcode = 
; thick_bridges = 0
; thin_walls = 0
; thumbnails = 16x16/QOI, 313x173/QOI, 480x240/QOI, 380x285/PNG
; thumbnails_format = PNG
; toolchange_gcode = 
; toolchange_ordering = optimized
; top_fill_pattern = monotoniclines
; top_infill_extrusion_width = 0.42
; top_one_perimeter_type = top
; top_solid_infill_acceleration = 2000
; top_solid_infill_speed = 100
; top_solid_layers = 5
; top_solid_min_thickness = 0.7
; travel_acceleration = 7000
; travel_lift_before_obstacle = 0
; travel_max_lift = 1.5
; travel_ramping_lift = 1
; travel_short_distance_acceleration = 250
; travel_slope = 1
; travel_speed = 350
; travel_speed_z = 12
; use_firmware_retraction = 0
; use_relative_e_distances = 1
; use_volumetric_e = 0
; variable_layer_height = 1
; wall_distribution_count = 1
; wall_transition_angle = 10
; wall_transition_filter_deviation = 25%
; wall_transition_length = 100%
; wipe = 0
; wipe_into_infill = 0
; wipe_into_objects = 0
; wipe_tower = 0
; wipe_tower_acceleration = 0
; wipe_tower_bridging = 10
; wipe_tower_brim_width = 2
; wipe_tower_cone_angle = 25
; wipe_tower_extra_flow = 250%
; wipe_tower_extra_spacing = 110%
; wipe_tower_extruder = 0
; wipe_tower_no_sparse_layers = 0
; wipe_tower_width = 60
; wiping_volumes_matrix = 0
; wiping_volumes_use_custom_matrix = 0
; xy_size_compensation = 0
; z_offset = 0
; prusaslicer_config = end


