; ============================================================
; Pressure Advance calibration pattern
; generated by Print Calibration Tool (Ellis-style chevron pattern)
; ============================================================
; bed = 250x250
; first_layer_height = 0.2
; layer_height = 0.2
; layers = 5
; anchor = frame
; print_numbers = 1
; pa_start = 0.02
; pa_end = 0.025
; pa_step = 0.0001
; pa_values = 0.02,0.0201,0.0202,0.0203,0.0204,0.0205,0.0206,0.0207,0.0208,0.0209,0.021,0.0211,0.0212,0.0213,0.0214,0.0215,0.0216,0.0217,0.0218,0.0219,0.022,0.0221,0.0222,0.0223,0.0224,0.0225,0.0226,0.0227,0.0228,0.0229,0.023,0.0231,0.0232,0.0233,0.0234,0.0235,0.0236,0.0237,0.0238,0.0239,0.024,0.0241,0.0242,0.0243,0.0244,0.0245,0.0246,0.0247,0.0248,0.0249,0.025
; relative_e = 0
; gcode_flavor = klipper
; extrusion_width = 0.45
; anchor_width = 0.56
; filament_diameter = 1.75
; extrusion_multiplier = 1
; acceleration_print = 3000
; acceleration_first_layer = 500
; acceleration_restore = 3000
; pattern_size = 210.1x67.55 mm
; pattern_origin = 19.95,91.23
; speed_pattern = 200 mm/s
; speed_first_layer = 45 mm/s
; estimated_time_s = 904
; filament_mm = 2058.52
; ------------------------------------------------------------
; generated by PrusaSlicer 2.9.6 on 2026-08-17 at 13:52:10 UTC


;
;

;
;

;
;

;
;

;
;
; 

; external perimeters extrusion width = 0.45mm
; perimeters extrusion width = 0.45mm
; infill extrusion width = 0.45mm
; solid infill extrusion width = 0.45mm
; top infill extrusion width = 0.40mm

M73 P0 R15

EXCLUDE_OBJECT_DEFINE NAME='pa_calibration_test' CENTER=125,125 POLYGON=[[19.952,91.227],[230.048,91.227],[230.048,158.773],[19.952,158.773]]

M104 S0 ; Stops SuperSlicer from sending temp waits separately
M140 S0
M117
PRINT_START EXTRUDER=260 BED=100 CHAMBER=0 FILAMENT_TYPE=ABS NOZZLE_DIAMETER=0.4
G21 ; set units to millimeters
G90 ; use absolute coordinates
M82 ; use absolute distances for extrusion
G92 E0
; Filament gcode
;SET_PRESSURE_ADVANCE ADVANCE=0.035
M107
EXCLUDE_OBJECT_START NAME='pa_calibration_test'
; >>> print_calibration_tool pattern begin
G21 ; millimeters
G90 ; absolute positioning
M83 ; relative extrusion
G92 E0
M106 S0 ; fan
SET_VELOCITY_LIMIT ACCEL=500 ; acceleration for the test
G1 E-0.5 F2700 ; retract
G0 Z5 F3600
G0 X23.7828 Y93.0583 F27000
G0 Z0.2 F3600
SET_PRESSURE_ADVANCE ADVANCE=0.02 ; start value
SET_PRINT_STATS_INFO TOTAL_LAYER=5
;LAYER_CHANGE
;Z:0.2
;HEIGHT:0.2
SET_PRINT_STATS_INFO CURRENT_LAYER=1
; anchor frame
;TYPE:Perimeter
G0 Z0.4 F3600
G0 X20.2316 Y91.507 F27000
G0 Z0.2 F3600
G1 E0.5 F2700 ; unretract
G1 X229.7684 Y91.507 E9.00911 F2700 ; anchor
G1 X229.7684 Y137.0359 E1.95753 F2700 ; anchor
G1 X20.2316 Y137.0359 E9.00911 F2700 ; anchor
G1 X20.2316 Y91.507 E1.95753 F2700 ; anchor
G0 X20.7487 Y92.0241 F27000
G1 X229.2513 Y92.0241 E8.96464 F2700 ; anchor
G1 X229.2513 Y136.5188 E1.91307 F2700 ; anchor
G1 X20.7487 Y136.5188 E8.96464 F2700 ; anchor
G1 X20.7487 Y92.0241 E1.91307 F2700 ; anchor
G0 X21.2657 Y92.5412 F27000
G1 X228.7343 Y92.5412 E8.92018 F2700 ; anchor
G1 X228.7343 Y136.0017 E1.8686 F2700 ; anchor
G1 X21.2657 Y136.0017 E8.92018 F2700 ; anchor
G1 X21.2657 Y92.5412 E1.8686 F2700 ; anchor
G0 X21.7828 Y93.0583 F27000
G1 X228.2172 Y93.0583 E8.87572 F2700 ; anchor
G1 X228.2172 Y135.4847 E1.82414 F2700 ; anchor
G1 X21.7828 Y135.4847 E8.87572 F2700 ; anchor
G1 X21.7828 Y93.0583 E1.82414 F2700 ; anchor
; number tab
;TYPE:Solid infill
G1 E-0.5 F2700 ; retract
G0 Z0.4 F3600
G0 X20.2316 Y137.553 F27000
G0 Z0.2 F3600
G1 E0.5 F2700 ; unretract
G1 X229.7684 Y137.553 E9.00911 F2700 ; tab
G1 X229.7684 Y158.493 E0.90032 F2700 ; tab
G1 X20.2316 Y158.493 E9.00911 F2700 ; tab
G1 X20.2316 Y137.553 E0.90032 F2700 ; tab
G0 X20.7487 Y138.0701 F27000
G1 X229.2513 Y138.0701 E8.96464 F2700 ; tab
G1 X229.2513 Y157.9759 E0.85586 F2700 ; tab
G1 X20.7487 Y157.9759 E8.96464 F2700 ; tab
G1 X20.7487 Y138.0701 E0.85586 F2700 ; tab
G0 X21.2657 Y138.5871 F27000
G1 X228.7343 Y138.5871 E8.92018 F2700 ; tab
G1 X228.7343 Y157.4588 E0.81139 F2700 ; tab
G1 X21.2657 Y157.4588 E8.92018 F2700 ; tab
G1 X21.2657 Y138.5871 E0.81139 F2700 ; tab
G0 X21.7828 Y139.1042 F27000
G1 X228.2172 Y139.1042 E8.87572 F2700 ; tab
G1 X228.2172 Y156.9417 E0.76693 F2700 ; tab
G1 X21.7828 Y156.9417 E8.87572 F2700 ; tab
G1 X21.7828 Y139.1042 E0.76693 F2700 ; tab
G1 E-0.5 F2700 ; retract
G0 Z0.4 F3600
G0 X227.1126 Y139.4776 F27000
G0 Z0.2 F3600
G1 E0.5 F2700 ; unretract
G1 X227.8438 Y140.2088 E0.04446 F2700 ; tab
G0 X227.8438 Y140.9401 F27000
G1 X226.3813 Y139.4776 E0.08893 F2700 ; tab
G0 X225.6501 Y139.4776 F27000
G1 X227.8438 Y141.6713 E0.13339 F2700 ; tab
G0 X227.8438 Y142.4026 F27000
G1 X224.9188 Y139.4776 E0.17786 F2700 ; tab
G0 X224.1875 Y139.4776 F27000
G1 X227.8438 Y143.1339 E0.22232 F2700 ; tab
G0 X227.8438 Y143.8651 F27000
G1 X223.4563 Y139.4776 E0.26678 F2700 ; tab
G0 X222.725 Y139.4776 F27000
G1 X227.8438 Y144.5964 E0.31125 F2700 ; tab
G0 X227.8438 Y145.3276 F27000
G1 X221.9938 Y139.4776 E0.35571 F2700 ; tab
G0 X221.2625 Y139.4776 F27000
G1 X227.8438 Y146.0589 E0.40018 F2700 ; tab
G0 X227.8438 Y146.7902 F27000
G1 X220.5312 Y139.4776 E0.44464 F2700 ; tab
G0 X219.8 Y139.4776 F27000
G1 X227.8438 Y147.5214 E0.4891 F2700 ; tab
G0 X227.8438 Y148.2527 F27000
G1 X219.0687 Y139.4776 E0.53357 F2700 ; tab
G0 X218.3374 Y139.4776 F27000
G1 X227.8438 Y148.9839 E0.57803 F2700 ; tab
G0 X227.8438 Y149.7152 F27000
G1 X217.6062 Y139.4776 E0.6225 F2700 ; tab
G0 X216.8749 Y139.4776 F27000
G1 X227.8438 Y150.4465 E0.66696 F2700 ; tab
G0 X227.8438 Y151.1777 F27000
G1 X216.1437 Y139.4776 E0.71142 F2700 ; tab
G0 X215.4124 Y139.4776 F27000
G1 X227.8438 Y151.909 E0.75589 F2700 ; tab
G0 X227.8438 Y152.6403 F27000
G1 X214.6811 Y139.4776 E0.80035 F2700 ; tab
G0 X213.9499 Y139.4776 F27000
G1 X227.8438 Y153.3715 E0.84482 F2700 ; tab
G0 X227.8438 Y154.1028 F27000
G1 X213.2186 Y139.4776 E0.88928 F2700 ; tab
G0 X212.4874 Y139.4776 F27000
G1 X227.8438 Y154.834 E0.93374 F2700 ; tab
G0 X227.8438 Y155.5653 F27000
G1 X211.7561 Y139.4776 E0.97821 F2700 ; tab
G0 X211.0248 Y139.4776 F27000
G1 X227.8438 Y156.2966 E1.02267 F2700 ; tab
G0 X227.3844 Y156.5684 F27000
G1 X210.2936 Y139.4776 E1.0392 F2700 ; tab
G0 X209.5623 Y139.4776 F27000
G1 X226.6532 Y156.5684 E1.0392 F2700 ; tab
G0 X225.9219 Y156.5684 F27000
G1 X208.8311 Y139.4776 E1.0392 F2700 ; tab
G0 X208.0998 Y139.4776 F27000
G1 X225.1907 Y156.5684 E1.0392 F2700 ; tab
G0 X224.4594 Y156.5684 F27000
G1 X207.3685 Y139.4776 E1.0392 F2700 ; tab
G0 X206.6373 Y139.4776 F27000
G1 X223.7281 Y156.5684 E1.0392 F2700 ; tab
G0 X222.9969 Y156.5684 F27000
G1 X205.906 Y139.4776 E1.0392 F2700 ; tab
G0 X205.1748 Y139.4776 F27000
G1 X222.2656 Y156.5684 E1.0392 F2700 ; tab
G0 X221.5343 Y156.5684 F27000
G1 X204.4435 Y139.4776 E1.0392 F2700 ; tab
G0 X203.7122 Y139.4776 F27000
G1 X220.8031 Y156.5684 E1.0392 F2700 ; tab
G0 X220.0718 Y156.5684 F27000
G1 X202.981 Y139.4776 E1.0392 F2700 ; tab
G0 X202.2497 Y139.4776 F27000
G1 X219.3406 Y156.5684 E1.0392 F2700 ; tab
G0 X218.6093 Y156.5684 F27000
G1 X201.5184 Y139.4776 E1.0392 F2700 ; tab
G0 X200.7872 Y139.4776 F27000
G1 X217.878 Y156.5684 E1.0392 F2700 ; tab
G0 X217.1468 Y156.5684 F27000
G1 X200.0559 Y139.4776 E1.0392 F2700 ; tab
G0 X199.3247 Y139.4776 F27000
G1 X216.4155 Y156.5684 E1.0392 F2700 ; tab
G0 X215.6843 Y156.5684 F27000
G1 X198.5934 Y139.4776 E1.0392 F2700 ; tab
G0 X197.8621 Y139.4776 F27000
G1 X214.953 Y156.5684 E1.0392 F2700 ; tab
G0 X214.2217 Y156.5684 F27000
G1 X197.1309 Y139.4776 E1.0392 F2700 ; tab
G0 X196.3996 Y139.4776 F27000
G1 X213.4905 Y156.5684 E1.0392 F2700 ; tab
G0 X212.7592 Y156.5684 F27000
G1 X195.6684 Y139.4776 E1.0392 F2700 ; tab
G0 X194.9371 Y139.4776 F27000
G1 X212.028 Y156.5684 E1.0392 F2700 ; tab
G0 X211.2967 Y156.5684 F27000
G1 X194.2058 Y139.4776 E1.0392 F2700 ; tab
G0 X193.4746 Y139.4776 F27000
G1 X210.5654 Y156.5684 E1.0392 F2700 ; tab
G0 X209.8342 Y156.5684 F27000
G1 X192.7433 Y139.4776 E1.0392 F2700 ; tab
G0 X192.0121 Y139.4776 F27000
G1 X209.1029 Y156.5684 E1.0392 F2700 ; tab
G0 X208.3716 Y156.5684 F27000
G1 X191.2808 Y139.4776 E1.0392 F2700 ; tab
G0 X190.5495 Y139.4776 F27000
G1 X207.6404 Y156.5684 E1.0392 F2700 ; tab
G0 X206.9091 Y156.5684 F27000
G1 X189.8183 Y139.4776 E1.0392 F2700 ; tab
G0 X189.087 Y139.4776 F27000
G1 X206.1779 Y156.5684 E1.0392 F2700 ; tab
G0 X205.4466 Y156.5684 F27000
G1 X188.3557 Y139.4776 E1.0392 F2700 ; tab
G0 X187.6245 Y139.4776 F27000
G1 X204.7153 Y156.5684 E1.0392 F2700 ; tab
G0 X203.9841 Y156.5684 F27000
G1 X186.8932 Y139.4776 E1.0392 F2700 ; tab
G0 X186.162 Y139.4776 F27000
G1 X203.2528 Y156.5684 E1.0392 F2700 ; tab
G0 X202.5216 Y156.5684 F27000
G1 X185.4307 Y139.4776 E1.0392 F2700 ; tab
G0 X184.6994 Y139.4776 F27000
G1 X201.7903 Y156.5684 E1.0392 F2700 ; tab
G0 X201.059 Y156.5684 F27000
G1 X183.9682 Y139.4776 E1.0392 F2700 ; tab
G0 X183.2369 Y139.4776 F27000
G1 X200.3278 Y156.5684 E1.0392 F2700 ; tab
G0 X199.5965 Y156.5684 F27000
G1 X182.5057 Y139.4776 E1.0392 F2700 ; tab
G0 X181.7744 Y139.4776 F27000
G1 X198.8653 Y156.5684 E1.0392 F2700 ; tab
G0 X198.134 Y156.5684 F27000
G1 X181.0431 Y139.4776 E1.0392 F2700 ; tab
G0 X180.3119 Y139.4776 F27000
G1 X197.4027 Y156.5684 E1.0392 F2700 ; tab
G0 X196.6715 Y156.5684 F27000
G1 X179.5806 Y139.4776 E1.0392 F2700 ; tab
G0 X178.8494 Y139.4776 F27000
G1 X195.9402 Y156.5684 E1.0392 F2700 ; tab
G0 X195.2089 Y156.5684 F27000
G1 X178.1181 Y139.4776 E1.0392 F2700 ; tab
G0 X177.3868 Y139.4776 F27000
G1 X194.4777 Y156.5684 E1.0392 F2700 ; tab
G0 X193.7464 Y156.5684 F27000
G1 X176.6556 Y139.4776 E1.0392 F2700 ; tab
G0 X175.9243 Y139.4776 F27000
G1 X193.0152 Y156.5684 E1.0392 F2700 ; tab
G0 X192.2839 Y156.5684 F27000
G1 X175.193 Y139.4776 E1.0392 F2700 ; tab
G0 X174.4618 Y139.4776 F27000
G1 X191.5526 Y156.5684 E1.0392 F2700 ; tab
G0 X190.8214 Y156.5684 F27000
G1 X173.7305 Y139.4776 E1.0392 F2700 ; tab
G0 X172.9993 Y139.4776 F27000
G1 X190.0901 Y156.5684 E1.0392 F2700 ; tab
G0 X189.3589 Y156.5684 F27000
G1 X172.268 Y139.4776 E1.0392 F2700 ; tab
G0 X171.5367 Y139.4776 F27000
G1 X188.6276 Y156.5684 E1.0392 F2700 ; tab
G0 X187.8963 Y156.5684 F27000
G1 X170.8055 Y139.4776 E1.0392 F2700 ; tab
G0 X170.0742 Y139.4776 F27000
G1 X187.1651 Y156.5684 E1.0392 F2700 ; tab
G0 X186.4338 Y156.5684 F27000
G1 X169.343 Y139.4776 E1.0392 F2700 ; tab
G0 X168.6117 Y139.4776 F27000
G1 X185.7026 Y156.5684 E1.0392 F2700 ; tab
G0 X184.9713 Y156.5684 F27000
G1 X167.8804 Y139.4776 E1.0392 F2700 ; tab
G0 X167.1492 Y139.4776 F27000
G1 X184.24 Y156.5684 E1.0392 F2700 ; tab
G0 X183.5088 Y156.5684 F27000
G1 X166.4179 Y139.4776 E1.0392 F2700 ; tab
G0 X165.6867 Y139.4776 F27000
G1 X182.7775 Y156.5684 E1.0392 F2700 ; tab
G0 X182.0462 Y156.5684 F27000
G1 X164.9554 Y139.4776 E1.0392 F2700 ; tab
G0 X164.2241 Y139.4776 F27000
G1 X181.315 Y156.5684 E1.0392 F2700 ; tab
G0 X180.5837 Y156.5684 F27000
G1 X163.4929 Y139.4776 E1.0392 F2700 ; tab
G0 X162.7616 Y139.4776 F27000
G1 X179.8525 Y156.5684 E1.0392 F2700 ; tab
G0 X179.1212 Y156.5684 F27000
G1 X162.0304 Y139.4776 E1.0392 F2700 ; tab
G0 X161.2991 Y139.4776 F27000
G1 X178.3899 Y156.5684 E1.0392 F2700 ; tab
G0 X177.6587 Y156.5684 F27000
G1 X160.5678 Y139.4776 E1.0392 F2700 ; tab
G0 X159.8366 Y139.4776 F27000
G1 X176.9274 Y156.5684 E1.0392 F2700 ; tab
G0 X176.1962 Y156.5684 F27000
G1 X159.1053 Y139.4776 E1.0392 F2700 ; tab
G0 X158.374 Y139.4776 F27000
G1 X175.4649 Y156.5684 E1.0392 F2700 ; tab
G0 X174.7336 Y156.5684 F27000
G1 X157.6428 Y139.4776 E1.0392 F2700 ; tab
G0 X156.9115 Y139.4776 F27000
G1 X174.0024 Y156.5684 E1.0392 F2700 ; tab
G0 X173.2711 Y156.5684 F27000
G1 X156.1803 Y139.4776 E1.0392 F2700 ; tab
G0 X155.449 Y139.4776 F27000
G1 X172.5399 Y156.5684 E1.0392 F2700 ; tab
G0 X171.8086 Y156.5684 F27000
G1 X154.7177 Y139.4776 E1.0392 F2700 ; tab
G0 X153.9865 Y139.4776 F27000
G1 X171.0773 Y156.5684 E1.0392 F2700 ; tab
G0 X170.3461 Y156.5684 F27000
G1 X153.2552 Y139.4776 E1.0392 F2700 ; tab
G0 X152.524 Y139.4776 F27000
G1 X169.6148 Y156.5684 E1.0392 F2700 ; tab
G0 X168.8836 Y156.5684 F27000
G1 X151.7927 Y139.4776 E1.0392 F2700 ; tab
G0 X151.0614 Y139.4776 F27000
G1 X168.1523 Y156.5684 E1.0392 F2700 ; tab
G0 X167.421 Y156.5684 F27000
G1 X150.3302 Y139.4776 E1.0392 F2700 ; tab
G0 X149.5989 Y139.4776 F27000
G1 X166.6898 Y156.5684 E1.0392 F2700 ; tab
G0 X165.9585 Y156.5684 F27000
G1 X148.8677 Y139.4776 E1.0392 F2700 ; tab
G0 X148.1364 Y139.4776 F27000
G1 X165.2272 Y156.5684 E1.0392 F2700 ; tab
G0 X164.496 Y156.5684 F27000
G1 X147.4051 Y139.4776 E1.0392 F2700 ; tab
G0 X146.6739 Y139.4776 F27000
G1 X163.7647 Y156.5684 E1.0392 F2700 ; tab
G0 X163.0335 Y156.5684 F27000
G1 X145.9426 Y139.4776 E1.0392 F2700 ; tab
G0 X145.2113 Y139.4776 F27000
G1 X162.3022 Y156.5684 E1.0392 F2700 ; tab
G0 X161.5709 Y156.5684 F27000
G1 X144.4801 Y139.4776 E1.0392 F2700 ; tab
G0 X143.7488 Y139.4776 F27000
G1 X160.8397 Y156.5684 E1.0392 F2700 ; tab
G0 X160.1084 Y156.5684 F27000
G1 X143.0176 Y139.4776 E1.0392 F2700 ; tab
G0 X142.2863 Y139.4776 F27000
G1 X159.3772 Y156.5684 E1.0392 F2700 ; tab
G0 X158.6459 Y156.5684 F27000
G1 X141.555 Y139.4776 E1.0392 F2700 ; tab
G0 X140.8238 Y139.4776 F27000
G1 X157.9146 Y156.5684 E1.0392 F2700 ; tab
G0 X157.1834 Y156.5684 F27000
G1 X140.0925 Y139.4776 E1.0392 F2700 ; tab
G0 X139.3613 Y139.4776 F27000
G1 X156.4521 Y156.5684 E1.0392 F2700 ; tab
G0 X155.7209 Y156.5684 F27000
G1 X138.63 Y139.4776 E1.0392 F2700 ; tab
G0 X137.8987 Y139.4776 F27000
G1 X154.9896 Y156.5684 E1.0392 F2700 ; tab
G0 X154.2583 Y156.5684 F27000
G1 X137.1675 Y139.4776 E1.0392 F2700 ; tab
G0 X136.4362 Y139.4776 F27000
G1 X153.5271 Y156.5684 E1.0392 F2700 ; tab
G0 X152.7958 Y156.5684 F27000
G1 X135.705 Y139.4776 E1.0392 F2700 ; tab
G0 X134.9737 Y139.4776 F27000
G1 X152.0645 Y156.5684 E1.0392 F2700 ; tab
G0 X151.3333 Y156.5684 F27000
G1 X134.2424 Y139.4776 E1.0392 F2700 ; tab
G0 X133.5112 Y139.4776 F27000
G1 X150.602 Y156.5684 E1.0392 F2700 ; tab
G0 X149.8708 Y156.5684 F27000
G1 X132.7799 Y139.4776 E1.0392 F2700 ; tab
G0 X132.0486 Y139.4776 F27000
G1 X149.1395 Y156.5684 E1.0392 F2700 ; tab
G0 X148.4082 Y156.5684 F27000
G1 X131.3174 Y139.4776 E1.0392 F2700 ; tab
G0 X130.5861 Y139.4776 F27000
G1 X147.677 Y156.5684 E1.0392 F2700 ; tab
G0 X146.9457 Y156.5684 F27000
G1 X129.8549 Y139.4776 E1.0392 F2700 ; tab
G0 X129.1236 Y139.4776 F27000
G1 X146.2145 Y156.5684 E1.0392 F2700 ; tab
G0 X145.4832 Y156.5684 F27000
G1 X128.3923 Y139.4776 E1.0392 F2700 ; tab
G0 X127.6611 Y139.4776 F27000
G1 X144.7519 Y156.5684 E1.0392 F2700 ; tab
G0 X144.0207 Y156.5684 F27000
G1 X126.9298 Y139.4776 E1.0392 F2700 ; tab
G0 X126.1986 Y139.4776 F27000
G1 X143.2894 Y156.5684 E1.0392 F2700 ; tab
G0 X142.5582 Y156.5684 F27000
G1 X125.4673 Y139.4776 E1.0392 F2700 ; tab
G0 X124.736 Y139.4776 F27000
G1 X141.8269 Y156.5684 E1.0392 F2700 ; tab
G0 X141.0956 Y156.5684 F27000
G1 X124.0048 Y139.4776 E1.0392 F2700 ; tab
G0 X123.2735 Y139.4776 F27000
G1 X140.3644 Y156.5684 E1.0392 F2700 ; tab
G0 X139.6331 Y156.5684 F27000
G1 X122.5423 Y139.4776 E1.0392 F2700 ; tab
G0 X121.811 Y139.4776 F27000
G1 X138.9018 Y156.5684 E1.0392 F2700 ; tab
G0 X138.1706 Y156.5684 F27000
G1 X121.0797 Y139.4776 E1.0392 F2700 ; tab
G0 X120.3485 Y139.4776 F27000
G1 X137.4393 Y156.5684 E1.0392 F2700 ; tab
G0 X136.7081 Y156.5684 F27000
G1 X119.6172 Y139.4776 E1.0392 F2700 ; tab
G0 X118.8859 Y139.4776 F27000
G1 X135.9768 Y156.5684 E1.0392 F2700 ; tab
G0 X135.2455 Y156.5684 F27000
G1 X118.1547 Y139.4776 E1.0392 F2700 ; tab
G0 X117.4234 Y139.4776 F27000
G1 X134.5143 Y156.5684 E1.0392 F2700 ; tab
G0 X133.783 Y156.5684 F27000
G1 X116.6922 Y139.4776 E1.0392 F2700 ; tab
G0 X115.9609 Y139.4776 F27000
G1 X133.0518 Y156.5684 E1.0392 F2700 ; tab
G0 X132.3205 Y156.5684 F27000
G1 X115.2296 Y139.4776 E1.0392 F2700 ; tab
G0 X114.4984 Y139.4776 F27000
G1 X131.5892 Y156.5684 E1.0392 F2700 ; tab
G0 X130.858 Y156.5684 F27000
G1 X113.7671 Y139.4776 E1.0392 F2700 ; tab
G0 X113.0359 Y139.4776 F27000
G1 X130.1267 Y156.5684 E1.0392 F2700 ; tab
G0 X129.3955 Y156.5684 F27000
G1 X112.3046 Y139.4776 E1.0392 F2700 ; tab
G0 X111.5733 Y139.4776 F27000
G1 X128.6642 Y156.5684 E1.0392 F2700 ; tab
G0 X127.9329 Y156.5684 F27000
G1 X110.8421 Y139.4776 E1.0392 F2700 ; tab
G0 X110.1108 Y139.4776 F27000
G1 X127.2017 Y156.5684 E1.0392 F2700 ; tab
G0 X126.4704 Y156.5684 F27000
G1 X109.3796 Y139.4776 E1.0392 F2700 ; tab
G0 X108.6483 Y139.4776 F27000
G1 X125.7392 Y156.5684 E1.0392 F2700 ; tab
G0 X125.0079 Y156.5684 F27000
G1 X107.917 Y139.4776 E1.0392 F2700 ; tab
G0 X107.1858 Y139.4776 F27000
G1 X124.2766 Y156.5684 E1.0392 F2700 ; tab
G0 X123.5454 Y156.5684 F27000
G1 X106.4545 Y139.4776 E1.0392 F2700 ; tab
G0 X105.7233 Y139.4776 F27000
G1 X122.8141 Y156.5684 E1.0392 F2700 ; tab
G0 X122.0828 Y156.5684 F27000
G1 X104.992 Y139.4776 E1.0392 F2700 ; tab
G0 X104.2607 Y139.4776 F27000
G1 X121.3516 Y156.5684 E1.0392 F2700 ; tab
G0 X120.6203 Y156.5684 F27000
G1 X103.5295 Y139.4776 E1.0392 F2700 ; tab
G0 X102.7982 Y139.4776 F27000
G1 X119.8891 Y156.5684 E1.0392 F2700 ; tab
G0 X119.1578 Y156.5684 F27000
G1 X102.0669 Y139.4776 E1.0392 F2700 ; tab
G0 X101.3357 Y139.4776 F27000
G1 X118.4265 Y156.5684 E1.0392 F2700 ; tab
G0 X117.6953 Y156.5684 F27000
G1 X100.6044 Y139.4776 E1.0392 F2700 ; tab
G0 X99.8732 Y139.4776 F27000
G1 X116.964 Y156.5684 E1.0392 F2700 ; tab
G0 X116.2328 Y156.5684 F27000
G1 X99.1419 Y139.4776 E1.0392 F2700 ; tab
G0 X98.4106 Y139.4776 F27000
G1 X115.5015 Y156.5684 E1.0392 F2700 ; tab
G0 X114.7702 Y156.5684 F27000
G1 X97.6794 Y139.4776 E1.0392 F2700 ; tab
G0 X96.9481 Y139.4776 F27000
G1 X114.039 Y156.5684 E1.0392 F2700 ; tab
G0 X113.3077 Y156.5684 F27000
G1 X96.2169 Y139.4776 E1.0392 F2700 ; tab
G0 X95.4856 Y139.4776 F27000
G1 X112.5765 Y156.5684 E1.0392 F2700 ; tab
G0 X111.8452 Y156.5684 F27000
G1 X94.7543 Y139.4776 E1.0392 F2700 ; tab
G0 X94.0231 Y139.4776 F27000
G1 X111.1139 Y156.5684 E1.0392 F2700 ; tab
G0 X110.3827 Y156.5684 F27000
G1 X93.2918 Y139.4776 E1.0392 F2700 ; tab
G0 X92.5606 Y139.4776 F27000
G1 X109.6514 Y156.5684 E1.0392 F2700 ; tab
G0 X108.9201 Y156.5684 F27000
G1 X91.8293 Y139.4776 E1.0392 F2700 ; tab
G0 X91.098 Y139.4776 F27000
G1 X108.1889 Y156.5684 E1.0392 F2700 ; tab
G0 X107.4576 Y156.5684 F27000
G1 X90.3668 Y139.4776 E1.0392 F2700 ; tab
G0 X89.6355 Y139.4776 F27000
G1 X106.7264 Y156.5684 E1.0392 F2700 ; tab
G0 X105.9951 Y156.5684 F27000
G1 X88.9042 Y139.4776 E1.0392 F2700 ; tab
G0 X88.173 Y139.4776 F27000
G1 X105.2638 Y156.5684 E1.0392 F2700 ; tab
G0 X104.5326 Y156.5684 F27000
G1 X87.4417 Y139.4776 E1.0392 F2700 ; tab
G0 X86.7105 Y139.4776 F27000
G1 X103.8013 Y156.5684 E1.0392 F2700 ; tab
G0 X103.0701 Y156.5684 F27000
G1 X85.9792 Y139.4776 E1.0392 F2700 ; tab
G0 X85.2479 Y139.4776 F27000
G1 X102.3388 Y156.5684 E1.0392 F2700 ; tab
G0 X101.6075 Y156.5684 F27000
G1 X84.5167 Y139.4776 E1.0392 F2700 ; tab
G0 X83.7854 Y139.4776 F27000
G1 X100.8763 Y156.5684 E1.0392 F2700 ; tab
G0 X100.145 Y156.5684 F27000
G1 X83.0542 Y139.4776 E1.0392 F2700 ; tab
G0 X82.3229 Y139.4776 F27000
G1 X99.4138 Y156.5684 E1.0392 F2700 ; tab
G0 X98.6825 Y156.5684 F27000
G1 X81.5916 Y139.4776 E1.0392 F2700 ; tab
G0 X80.8604 Y139.4776 F27000
G1 X97.9512 Y156.5684 E1.0392 F2700 ; tab
G0 X97.22 Y156.5684 F27000
G1 X80.1291 Y139.4776 E1.0392 F2700 ; tab
G0 X79.3979 Y139.4776 F27000
G1 X96.4887 Y156.5684 E1.0392 F2700 ; tab
G0 X95.7574 Y156.5684 F27000
G1 X78.6666 Y139.4776 E1.0392 F2700 ; tab
G0 X77.9353 Y139.4776 F27000
G1 X95.0262 Y156.5684 E1.0392 F2700 ; tab
G0 X94.2949 Y156.5684 F27000
G1 X77.2041 Y139.4776 E1.0392 F2700 ; tab
G0 X76.4728 Y139.4776 F27000
G1 X93.5637 Y156.5684 E1.0392 F2700 ; tab
G0 X92.8324 Y156.5684 F27000
G1 X75.7415 Y139.4776 E1.0392 F2700 ; tab
G0 X75.0103 Y139.4776 F27000
G1 X92.1011 Y156.5684 E1.0392 F2700 ; tab
G0 X91.3699 Y156.5684 F27000
G1 X74.279 Y139.4776 E1.0392 F2700 ; tab
G0 X73.5478 Y139.4776 F27000
G1 X90.6386 Y156.5684 E1.0392 F2700 ; tab
G0 X89.9074 Y156.5684 F27000
G1 X72.8165 Y139.4776 E1.0392 F2700 ; tab
G0 X72.0852 Y139.4776 F27000
G1 X89.1761 Y156.5684 E1.0392 F2700 ; tab
G0 X88.4448 Y156.5684 F27000
G1 X71.354 Y139.4776 E1.0392 F2700 ; tab
G0 X70.6227 Y139.4776 F27000
G1 X87.7136 Y156.5684 E1.0392 F2700 ; tab
G0 X86.9823 Y156.5684 F27000
G1 X69.8915 Y139.4776 E1.0392 F2700 ; tab
G0 X69.1602 Y139.4776 F27000
G1 X86.2511 Y156.5684 E1.0392 F2700 ; tab
G0 X85.5198 Y156.5684 F27000
G1 X68.4289 Y139.4776 E1.0392 F2700 ; tab
G0 X67.6977 Y139.4776 F27000
G1 X84.7885 Y156.5684 E1.0392 F2700 ; tab
G0 X84.0573 Y156.5684 F27000
G1 X66.9664 Y139.4776 E1.0392 F2700 ; tab
G0 X66.2352 Y139.4776 F27000
G1 X83.326 Y156.5684 E1.0392 F2700 ; tab
G0 X82.5947 Y156.5684 F27000
G1 X65.5039 Y139.4776 E1.0392 F2700 ; tab
G0 X64.7726 Y139.4776 F27000
G1 X81.8635 Y156.5684 E1.0392 F2700 ; tab
G0 X81.1322 Y156.5684 F27000
G1 X64.0414 Y139.4776 E1.0392 F2700 ; tab
G0 X63.3101 Y139.4776 F27000
G1 X80.401 Y156.5684 E1.0392 F2700 ; tab
G0 X79.6697 Y156.5684 F27000
G1 X62.5789 Y139.4776 E1.0392 F2700 ; tab
G0 X61.8476 Y139.4776 F27000
G1 X78.9384 Y156.5684 E1.0392 F2700 ; tab
G0 X78.2072 Y156.5684 F27000
G1 X61.1163 Y139.4776 E1.0392 F2700 ; tab
G0 X60.3851 Y139.4776 F27000
G1 X77.4759 Y156.5684 E1.0392 F2700 ; tab
G0 X76.7447 Y156.5684 F27000
G1 X59.6538 Y139.4776 E1.0392 F2700 ; tab
G0 X58.9225 Y139.4776 F27000
G1 X76.0134 Y156.5684 E1.0392 F2700 ; tab
G0 X75.2821 Y156.5684 F27000
G1 X58.1913 Y139.4776 E1.0392 F2700 ; tab
G0 X57.46 Y139.4776 F27000
G1 X74.5509 Y156.5684 E1.0392 F2700 ; tab
G0 X73.8196 Y156.5684 F27000
G1 X56.7288 Y139.4776 E1.0392 F2700 ; tab
G0 X55.9975 Y139.4776 F27000
G1 X73.0884 Y156.5684 E1.0392 F2700 ; tab
G0 X72.3571 Y156.5684 F27000
G1 X55.2662 Y139.4776 E1.0392 F2700 ; tab
G0 X54.535 Y139.4776 F27000
G1 X71.6258 Y156.5684 E1.0392 F2700 ; tab
G0 X70.8946 Y156.5684 F27000
G1 X53.8037 Y139.4776 E1.0392 F2700 ; tab
G0 X53.0725 Y139.4776 F27000
G1 X70.1633 Y156.5684 E1.0392 F2700 ; tab
G0 X69.4321 Y156.5684 F27000
G1 X52.3412 Y139.4776 E1.0392 F2700 ; tab
G0 X51.6099 Y139.4776 F27000
G1 X68.7008 Y156.5684 E1.0392 F2700 ; tab
G0 X67.9695 Y156.5684 F27000
G1 X50.8787 Y139.4776 E1.0392 F2700 ; tab
G0 X50.1474 Y139.4776 F27000
G1 X67.2383 Y156.5684 E1.0392 F2700 ; tab
G0 X66.507 Y156.5684 F27000
G1 X49.4162 Y139.4776 E1.0392 F2700 ; tab
G0 X48.6849 Y139.4776 F27000
G1 X65.7757 Y156.5684 E1.0392 F2700 ; tab
G0 X65.0445 Y156.5684 F27000
G1 X47.9536 Y139.4776 E1.0392 F2700 ; tab
G0 X47.2224 Y139.4776 F27000
G1 X64.3132 Y156.5684 E1.0392 F2700 ; tab
G0 X63.582 Y156.5684 F27000
G1 X46.4911 Y139.4776 E1.0392 F2700 ; tab
G0 X45.7598 Y139.4776 F27000
G1 X62.8507 Y156.5684 E1.0392 F2700 ; tab
G0 X62.1194 Y156.5684 F27000
G1 X45.0286 Y139.4776 E1.0392 F2700 ; tab
G0 X44.2973 Y139.4776 F27000
G1 X61.3882 Y156.5684 E1.0392 F2700 ; tab
G0 X60.6569 Y156.5684 F27000
G1 X43.5661 Y139.4776 E1.0392 F2700 ; tab
G0 X42.8348 Y139.4776 F27000
G1 X59.9257 Y156.5684 E1.0392 F2700 ; tab
G0 X59.1944 Y156.5684 F27000
G1 X42.1035 Y139.4776 E1.0392 F2700 ; tab
G0 X41.3723 Y139.4776 F27000
G1 X58.4631 Y156.5684 E1.0392 F2700 ; tab
G0 X57.7319 Y156.5684 F27000
G1 X40.641 Y139.4776 E1.0392 F2700 ; tab
G0 X39.9098 Y139.4776 F27000
G1 X57.0006 Y156.5684 E1.0392 F2700 ; tab
G0 X56.2694 Y156.5684 F27000
G1 X39.1785 Y139.4776 E1.0392 F2700 ; tab
G0 X38.4472 Y139.4776 F27000
G1 X55.5381 Y156.5684 E1.0392 F2700 ; tab
G0 X54.8068 Y156.5684 F27000
G1 X37.716 Y139.4776 E1.0392 F2700 ; tab
G0 X36.9847 Y139.4776 F27000
G1 X54.0756 Y156.5684 E1.0392 F2700 ; tab
G0 X53.3443 Y156.5684 F27000
G1 X36.2535 Y139.4776 E1.0392 F2700 ; tab
G0 X35.5222 Y139.4776 F27000
G1 X52.613 Y156.5684 E1.0392 F2700 ; tab
G0 X51.8818 Y156.5684 F27000
G1 X34.7909 Y139.4776 E1.0392 F2700 ; tab
G0 X34.0597 Y139.4776 F27000
G1 X51.1505 Y156.5684 E1.0392 F2700 ; tab
G0 X50.4193 Y156.5684 F27000
G1 X33.3284 Y139.4776 E1.0392 F2700 ; tab
G0 X32.5971 Y139.4776 F27000
G1 X49.688 Y156.5684 E1.0392 F2700 ; tab
G0 X48.9567 Y156.5684 F27000
G1 X31.8659 Y139.4776 E1.0392 F2700 ; tab
G0 X31.1346 Y139.4776 F27000
G1 X48.2255 Y156.5684 E1.0392 F2700 ; tab
G0 X47.4942 Y156.5684 F27000
G1 X30.4034 Y139.4776 E1.0392 F2700 ; tab
G0 X29.6721 Y139.4776 F27000
G1 X46.763 Y156.5684 E1.0392 F2700 ; tab
G0 X46.0317 Y156.5684 F27000
G1 X28.9408 Y139.4776 E1.0392 F2700 ; tab
G0 X28.2096 Y139.4776 F27000
G1 X45.3004 Y156.5684 E1.0392 F2700 ; tab
G0 X44.5692 Y156.5684 F27000
G1 X27.4783 Y139.4776 E1.0392 F2700 ; tab
G0 X26.7471 Y139.4776 F27000
G1 X43.8379 Y156.5684 E1.0392 F2700 ; tab
G0 X43.1067 Y156.5684 F27000
G1 X26.0158 Y139.4776 E1.0392 F2700 ; tab
G0 X25.2845 Y139.4776 F27000
G1 X42.3754 Y156.5684 E1.0392 F2700 ; tab
G0 X41.6441 Y156.5684 F27000
G1 X24.5533 Y139.4776 E1.0392 F2700 ; tab
G0 X23.822 Y139.4776 F27000
G1 X40.9129 Y156.5684 E1.0392 F2700 ; tab
G0 X40.1816 Y156.5684 F27000
G1 X23.0908 Y139.4776 E1.0392 F2700 ; tab
G0 X22.3595 Y139.4776 F27000
G1 X39.4503 Y156.5684 E1.0392 F2700 ; tab
G0 X38.7191 Y156.5684 F27000
G1 X22.1562 Y140.0055 E1.0071 F2700 ; tab
G0 X22.1562 Y140.7367 F27000
G1 X37.9878 Y156.5684 E0.96264 F2700 ; tab
G0 X37.2566 Y156.5684 F27000
G1 X22.1562 Y141.468 E0.91817 F2700 ; tab
G0 X22.1562 Y142.1993 F27000
G1 X36.5253 Y156.5684 E0.87371 F2700 ; tab
G0 X35.794 Y156.5684 F27000
G1 X22.1562 Y142.9305 E0.82925 F2700 ; tab
G0 X22.1562 Y143.6618 F27000
G1 X35.0628 Y156.5684 E0.78478 F2700 ; tab
G0 X34.3315 Y156.5684 F27000
G1 X22.1562 Y144.393 E0.74032 F2700 ; tab
G0 X22.1562 Y145.1243 F27000
G1 X33.6003 Y156.5684 E0.69585 F2700 ; tab
G0 X32.869 Y156.5684 F27000
G1 X22.1562 Y145.8556 E0.65139 F2700 ; tab
G0 X22.1562 Y146.5868 F27000
G1 X32.1377 Y156.5684 E0.60693 F2700 ; tab
G0 X31.4065 Y156.5684 F27000
G1 X22.1562 Y147.3181 E0.56246 F2700 ; tab
G0 X22.1562 Y148.0494 F27000
G1 X30.6752 Y156.5684 E0.518 F2700 ; tab
G0 X29.944 Y156.5684 F27000
G1 X22.1562 Y148.7806 E0.47353 F2700 ; tab
G0 X22.1562 Y149.5119 F27000
G1 X29.2127 Y156.5684 E0.42907 F2700 ; tab
G0 X28.4814 Y156.5684 F27000
G1 X22.1562 Y150.2431 E0.38461 F2700 ; tab
G0 X22.1562 Y150.9744 F27000
G1 X27.7502 Y156.5684 E0.34014 F2700 ; tab
G0 X27.0189 Y156.5684 F27000
G1 X22.1562 Y151.7057 E0.29568 F2700 ; tab
G0 X22.1562 Y152.4369 F27000
G1 X26.2877 Y156.5684 E0.25121 F2700 ; tab
G0 X25.5564 Y156.5684 F27000
G1 X22.1562 Y153.1682 E0.20675 F2700 ; tab
G0 X22.1562 Y153.8994 F27000
G1 X24.8251 Y156.5684 E0.16229 F2700 ; tab
G0 X24.0939 Y156.5684 F27000
G1 X22.1562 Y154.6307 E0.11782 F2700 ; tab
G0 X22.1562 Y155.362 F27000
G1 X23.3626 Y156.5684 E0.07336 F2700 ; tab
G0 X22.6313 Y156.5684 F27000
G1 X22.1562 Y156.0932 E0.02889 F2700 ; tab
;TYPE:External perimeter
SET_PRESSURE_ADVANCE ADVANCE=0.02 ; pattern 1/51
G1 E-0.5 F2700 ; retract
G0 Z0.4 F3600
G0 X23.7828 Y93.0583 F27000
G0 Z0.2 F3600
G1 E0.5 F2700 ; unretract
G1 X44.996 Y114.2715 E1.01546 F2700 ; pattern
G1 X23.7828 Y135.4847 E1.01546 F2700 ; pattern
G0 X24.3585 Y135.4847 F27000
G1 X45.5717 Y114.2715 E1.01546 F2700 ; pattern
G1 X24.3585 Y93.0583 E1.01546 F2700 ; pattern
G0 X24.9342 Y93.0583 F27000
G1 X46.1474 Y114.2715 E1.01546 F2700 ; pattern
G1 X24.9342 Y135.4847 E1.01546 F2700 ; pattern
SET_PRESSURE_ADVANCE ADVANCE=0.0201 ; pattern 2/51
G1 E-0.5 F2700 ; retract
G0 Z0.4 F3600
G0 X27.3842 Y93.0583 F27000
G0 Z0.2 F3600
G1 E0.5 F2700 ; unretract
G1 X48.5974 Y114.2715 E1.01546 F2700 ; pattern
G1 X27.3842 Y135.4847 E1.01546 F2700 ; pattern
G0 X27.9599 Y135.4847 F27000
G1 X49.1731 Y114.2715 E1.01546 F2700 ; pattern
G1 X27.9599 Y93.0583 E1.01546 F2700 ; pattern
G0 X28.5356 Y93.0583 F27000
G1 X49.7488 Y114.2715 E1.01546 F2700 ; pattern
G1 X28.5356 Y135.4847 E1.01546 F2700 ; pattern
SET_PRESSURE_ADVANCE ADVANCE=0.0202 ; pattern 3/51
G1 E-0.5 F2700 ; retract
G0 Z0.4 F3600
G0 X30.9856 Y93.0583 F27000
G0 Z0.2 F3600
G1 E0.5 F2700 ; unretract
G1 X52.1988 Y114.2715 E1.01546 F2700 ; pattern
G1 X30.9856 Y135.4847 E1.01546 F2700 ; pattern
G0 X31.5613 Y135.4847 F27000
G1 X52.7745 Y114.2715 E1.01546 F2700 ; pattern
G1 X31.5613 Y93.0583 E1.01546 F2700 ; pattern
G0 X32.137 Y93.0583 F27000
G1 X53.3502 Y114.2715 E1.01546 F2700 ; pattern
G1 X32.137 Y135.4847 E1.01546 F2700 ; pattern
SET_PRESSURE_ADVANCE ADVANCE=0.0203 ; pattern 4/51
G1 E-0.5 F2700 ; retract
G0 Z0.4 F3600
G0 X34.587 Y93.0583 F27000
G0 Z0.2 F3600
G1 E0.5 F2700 ; unretract
G1 X55.8002 Y114.2715 E1.01546 F2700 ; pattern
G1 X34.587 Y135.4847 E1.01546 F2700 ; pattern
G0 X35.1627 Y135.4847 F27000
G1 X56.3759 Y114.2715 E1.01546 F2700 ; pattern
G1 X35.1627 Y93.0583 E1.01546 F2700 ; pattern
G0 X35.7384 Y93.0583 F27000
G1 X56.9516 Y114.2715 E1.01546 F2700 ; pattern
G1 X35.7384 Y135.4847 E1.01546 F2700 ; pattern
SET_PRESSURE_ADVANCE ADVANCE=0.0204 ; pattern 5/51
G1 E-0.5 F2700 ; retract
G0 Z0.4 F3600
G0 X38.1884 Y93.0583 F27000
G0 Z0.2 F3600
G1 E0.5 F2700 ; unretract
G1 X59.4016 Y114.2715 E1.01546 F2700 ; pattern
G1 X38.1884 Y135.4847 E1.01546 F2700 ; pattern
G0 X38.7641 Y135.4847 F27000
G1 X59.9773 Y114.2715 E1.01546 F2700 ; pattern
G1 X38.7641 Y93.0583 E1.01546 F2700 ; pattern
G0 X39.3398 Y93.0583 F27000
G1 X60.553 Y114.2715 E1.01546 F2700 ; pattern
G1 X39.3398 Y135.4847 E1.01546 F2700 ; pattern
SET_PRESSURE_ADVANCE ADVANCE=0.0205 ; pattern 6/51
G1 E-0.5 F2700 ; retract
G0 Z0.4 F3600
G0 X41.7898 Y93.0583 F27000
G0 Z0.2 F3600
G1 E0.5 F2700 ; unretract
G1 X63.003 Y114.2715 E1.01546 F2700 ; pattern
G1 X41.7898 Y135.4847 E1.01546 F2700 ; pattern
G0 X42.3655 Y135.4847 F27000
G1 X63.5787 Y114.2715 E1.01546 F2700 ; pattern
G1 X42.3655 Y93.0583 E1.01546 F2700 ; pattern
G0 X42.9412 Y93.0583 F27000
G1 X64.1544 Y114.2715 E1.01546 F2700 ; pattern
G1 X42.9412 Y135.4847 E1.01546 F2700 ; pattern
SET_PRESSURE_ADVANCE ADVANCE=0.0206 ; pattern 7/51
G1 E-0.5 F2700 ; retract
G0 Z0.4 F3600
G0 X45.3912 Y93.0583 F27000
G0 Z0.2 F3600
G1 E0.5 F2700 ; unretract
G1 X66.6044 Y114.2715 E1.01546 F2700 ; pattern
G1 X45.3912 Y135.4847 E1.01546 F2700 ; pattern
G0 X45.9669 Y135.4847 F27000
G1 X67.1801 Y114.2715 E1.01546 F2700 ; pattern
G1 X45.9669 Y93.0583 E1.01546 F2700 ; pattern
G0 X46.5426 Y93.0583 F27000
G1 X67.7558 Y114.2715 E1.01546 F2700 ; pattern
G1 X46.5426 Y135.4847 E1.01546 F2700 ; pattern
SET_PRESSURE_ADVANCE ADVANCE=0.0207 ; pattern 8/51
G1 E-0.5 F2700 ; retract
G0 Z0.4 F3600
G0 X48.9926 Y93.0583 F27000
G0 Z0.2 F3600
G1 E0.5 F2700 ; unretract
G1 X70.2058 Y114.2715 E1.01546 F2700 ; pattern
G1 X48.9926 Y135.4847 E1.01546 F2700 ; pattern
G0 X49.5683 Y135.4847 F27000
G1 X70.7815 Y114.2715 E1.01546 F2700 ; pattern
G1 X49.5683 Y93.0583 E1.01546 F2700 ; pattern
G0 X50.144 Y93.0583 F27000
G1 X71.3572 Y114.2715 E1.01546 F2700 ; pattern
G1 X50.144 Y135.4847 E1.01546 F2700 ; pattern
SET_PRESSURE_ADVANCE ADVANCE=0.0208 ; pattern 9/51
G1 E-0.5 F2700 ; retract
G0 Z0.4 F3600
G0 X52.594 Y93.0583 F27000
G0 Z0.2 F3600
G1 E0.5 F2700 ; unretract
G1 X73.8072 Y114.2715 E1.01546 F2700 ; pattern
G1 X52.594 Y135.4847 E1.01546 F2700 ; pattern
G0 X53.1697 Y135.4847 F27000
G1 X74.3829 Y114.2715 E1.01546 F2700 ; pattern
G1 X53.1697 Y93.0583 E1.01546 F2700 ; pattern
G0 X53.7454 Y93.0583 F27000
G1 X74.9586 Y114.2715 E1.01546 F2700 ; pattern
G1 X53.7454 Y135.4847 E1.01546 F2700 ; pattern
SET_PRESSURE_ADVANCE ADVANCE=0.0209 ; pattern 10/51
G1 E-0.5 F2700 ; retract
G0 Z0.4 F3600
G0 X56.1954 Y93.0583 F27000
G0 Z0.2 F3600
G1 E0.5 F2700 ; unretract
G1 X77.4086 Y114.2715 E1.01546 F2700 ; pattern
G1 X56.1954 Y135.4847 E1.01546 F2700 ; pattern
G0 X56.7711 Y135.4847 F27000
G1 X77.9843 Y114.2715 E1.01546 F2700 ; pattern
G1 X56.7711 Y93.0583 E1.01546 F2700 ; pattern
G0 X57.3468 Y93.0583 F27000
G1 X78.56 Y114.2715 E1.01546 F2700 ; pattern
G1 X57.3468 Y135.4847 E1.01546 F2700 ; pattern
SET_PRESSURE_ADVANCE ADVANCE=0.021 ; pattern 11/51
G1 E-0.5 F2700 ; retract
G0 Z0.4 F3600
G0 X59.7968 Y93.0583 F27000
G0 Z0.2 F3600
G1 E0.5 F2700 ; unretract
G1 X81.01 Y114.2715 E1.01546 F2700 ; pattern
G1 X59.7968 Y135.4847 E1.01546 F2700 ; pattern
G0 X60.3725 Y135.4847 F27000
G1 X81.5857 Y114.2715 E1.01546 F2700 ; pattern
G1 X60.3725 Y93.0583 E1.01546 F2700 ; pattern
G0 X60.9482 Y93.0583 F27000
G1 X82.1614 Y114.2715 E1.01546 F2700 ; pattern
G1 X60.9482 Y135.4847 E1.01546 F2700 ; pattern
SET_PRESSURE_ADVANCE ADVANCE=0.0211 ; pattern 12/51
G1 E-0.5 F2700 ; retract
G0 Z0.4 F3600
G0 X63.3982 Y93.0583 F27000
G0 Z0.2 F3600
G1 E0.5 F2700 ; unretract
G1 X84.6114 Y114.2715 E1.01546 F2700 ; pattern
G1 X63.3982 Y135.4847 E1.01546 F2700 ; pattern
G0 X63.9739 Y135.4847 F27000
G1 X85.1871 Y114.2715 E1.01546 F2700 ; pattern
G1 X63.9739 Y93.0583 E1.01546 F2700 ; pattern
G0 X64.5496 Y93.0583 F27000
G1 X85.7628 Y114.2715 E1.01546 F2700 ; pattern
G1 X64.5496 Y135.4847 E1.01546 F2700 ; pattern
SET_PRESSURE_ADVANCE ADVANCE=0.0212 ; pattern 13/51
G1 E-0.5 F2700 ; retract
G0 Z0.4 F3600
G0 X66.9996 Y93.0583 F27000
G0 Z0.2 F3600
G1 E0.5 F2700 ; unretract
G1 X88.2128 Y114.2715 E1.01546 F2700 ; pattern
G1 X66.9996 Y135.4847 E1.01546 F2700 ; pattern
G0 X67.5753 Y135.4847 F27000
G1 X88.7885 Y114.2715 E1.01546 F2700 ; pattern
G1 X67.5753 Y93.0583 E1.01546 F2700 ; pattern
G0 X68.151 Y93.0583 F27000
G1 X89.3642 Y114.2715 E1.01546 F2700 ; pattern
G1 X68.151 Y135.4847 E1.01546 F2700 ; pattern
SET_PRESSURE_ADVANCE ADVANCE=0.0213 ; pattern 14/51
G1 E-0.5 F2700 ; retract
G0 Z0.4 F3600
G0 X70.601 Y93.0583 F27000
G0 Z0.2 F3600
G1 E0.5 F2700 ; unretract
G1 X91.8142 Y114.2715 E1.01546 F2700 ; pattern
G1 X70.601 Y135.4847 E1.01546 F2700 ; pattern
G0 X71.1767 Y135.4847 F27000
G1 X92.3899 Y114.2715 E1.01546 F2700 ; pattern
G1 X71.1767 Y93.0583 E1.01546 F2700 ; pattern
G0 X71.7524 Y93.0583 F27000
G1 X92.9656 Y114.2715 E1.01546 F2700 ; pattern
G1 X71.7524 Y135.4847 E1.01546 F2700 ; pattern
SET_PRESSURE_ADVANCE ADVANCE=0.0214 ; pattern 15/51
G1 E-0.5 F2700 ; retract
G0 Z0.4 F3600
G0 X74.2024 Y93.0583 F27000
G0 Z0.2 F3600
G1 E0.5 F2700 ; unretract
G1 X95.4156 Y114.2715 E1.01546 F2700 ; pattern
G1 X74.2024 Y135.4847 E1.01546 F2700 ; pattern
G0 X74.7781 Y135.4847 F27000
G1 X95.9913 Y114.2715 E1.01546 F2700 ; pattern
G1 X74.7781 Y93.0583 E1.01546 F2700 ; pattern
G0 X75.3537 Y93.0583 F27000
G1 X96.567 Y114.2715 E1.01546 F2700 ; pattern
G1 X75.3537 Y135.4847 E1.01546 F2700 ; pattern
SET_PRESSURE_ADVANCE ADVANCE=0.0215 ; pattern 16/51
G1 E-0.5 F2700 ; retract
G0 Z0.4 F3600
G0 X77.8037 Y93.0583 F27000
G0 Z0.2 F3600
G1 E0.5 F2700 ; unretract
G1 X99.017 Y114.2715 E1.01546 F2700 ; pattern
G1 X77.8037 Y135.4847 E1.01546 F2700 ; pattern
G0 X78.3794 Y135.4847 F27000
G1 X99.5927 Y114.2715 E1.01546 F2700 ; pattern
G1 X78.3794 Y93.0583 E1.01546 F2700 ; pattern
G0 X78.9551 Y93.0583 F27000
G1 X100.1683 Y114.2715 E1.01546 F2700 ; pattern
G1 X78.9551 Y135.4847 E1.01546 F2700 ; pattern
SET_PRESSURE_ADVANCE ADVANCE=0.0216 ; pattern 17/51
G1 E-0.5 F2700 ; retract
G0 Z0.4 F3600
G0 X81.4051 Y93.0583 F27000
G0 Z0.2 F3600
G1 E0.5 F2700 ; unretract
G1 X102.6183 Y114.2715 E1.01546 F2700 ; pattern
G1 X81.4051 Y135.4847 E1.01546 F2700 ; pattern
G0 X81.9808 Y135.4847 F27000
G1 X103.194 Y114.2715 E1.01546 F2700 ; pattern
G1 X81.9808 Y93.0583 E1.01546 F2700 ; pattern
G0 X82.5565 Y93.0583 F27000
G1 X103.7697 Y114.2715 E1.01546 F2700 ; pattern
G1 X82.5565 Y135.4847 E1.01546 F2700 ; pattern
SET_PRESSURE_ADVANCE ADVANCE=0.0217 ; pattern 18/51
G1 E-0.5 F2700 ; retract
G0 Z0.4 F3600
G0 X85.0065 Y93.0583 F27000
G0 Z0.2 F3600
G1 E0.5 F2700 ; unretract
G1 X106.2197 Y114.2715 E1.01546 F2700 ; pattern
G1 X85.0065 Y135.4847 E1.01546 F2700 ; pattern
G0 X85.5822 Y135.4847 F27000
G1 X106.7954 Y114.2715 E1.01546 F2700 ; pattern
G1 X85.5822 Y93.0583 E1.01546 F2700 ; pattern
G0 X86.1579 Y93.0583 F27000
G1 X107.3711 Y114.2715 E1.01546 F2700 ; pattern
G1 X86.1579 Y135.4847 E1.01546 F2700 ; pattern
SET_PRESSURE_ADVANCE ADVANCE=0.0218 ; pattern 19/51
G1 E-0.5 F2700 ; retract
G0 Z0.4 F3600
G0 X88.6079 Y93.0583 F27000
G0 Z0.2 F3600
G1 E0.5 F2700 ; unretract
G1 X109.8211 Y114.2715 E1.01546 F2700 ; pattern
G1 X88.6079 Y135.4847 E1.01546 F2700 ; pattern
G0 X89.1836 Y135.4847 F27000
G1 X110.3968 Y114.2715 E1.01546 F2700 ; pattern
G1 X89.1836 Y93.0583 E1.01546 F2700 ; pattern
G0 X89.7593 Y93.0583 F27000
G1 X110.9725 Y114.2715 E1.01546 F2700 ; pattern
G1 X89.7593 Y135.4847 E1.01546 F2700 ; pattern
SET_PRESSURE_ADVANCE ADVANCE=0.0219 ; pattern 20/51
G1 E-0.5 F2700 ; retract
G0 Z0.4 F3600
G0 X92.2093 Y93.0583 F27000
G0 Z0.2 F3600
G1 E0.5 F2700 ; unretract
G1 X113.4225 Y114.2715 E1.01546 F2700 ; pattern
G1 X92.2093 Y135.4847 E1.01546 F2700 ; pattern
G0 X92.785 Y135.4847 F27000
G1 X113.9982 Y114.2715 E1.01546 F2700 ; pattern
G1 X92.785 Y93.0583 E1.01546 F2700 ; pattern
G0 X93.3607 Y93.0583 F27000
G1 X114.5739 Y114.2715 E1.01546 F2700 ; pattern
G1 X93.3607 Y135.4847 E1.01546 F2700 ; pattern
SET_PRESSURE_ADVANCE ADVANCE=0.022 ; pattern 21/51
G1 E-0.5 F2700 ; retract
G0 Z0.4 F3600
G0 X95.8107 Y93.0583 F27000
G0 Z0.2 F3600
G1 E0.5 F2700 ; unretract
G1 X117.0239 Y114.2715 E1.01546 F2700 ; pattern
G1 X95.8107 Y135.4847 E1.01546 F2700 ; pattern
G0 X96.3864 Y135.4847 F27000
G1 X117.5996 Y114.2715 E1.01546 F2700 ; pattern
G1 X96.3864 Y93.0583 E1.01546 F2700 ; pattern
G0 X96.9621 Y93.0583 F27000
G1 X118.1753 Y114.2715 E1.01546 F2700 ; pattern
G1 X96.9621 Y135.4847 E1.01546 F2700 ; pattern
SET_PRESSURE_ADVANCE ADVANCE=0.0221 ; pattern 22/51
G1 E-0.5 F2700 ; retract
G0 Z0.4 F3600
G0 X99.4121 Y93.0583 F27000
G0 Z0.2 F3600
G1 E0.5 F2700 ; unretract
G1 X120.6253 Y114.2715 E1.01546 F2700 ; pattern
G1 X99.4121 Y135.4847 E1.01546 F2700 ; pattern
G0 X99.9878 Y135.4847 F27000
G1 X121.201 Y114.2715 E1.01546 F2700 ; pattern
G1 X99.9878 Y93.0583 E1.01546 F2700 ; pattern
G0 X100.5635 Y93.0583 F27000
G1 X121.7767 Y114.2715 E1.01546 F2700 ; pattern
G1 X100.5635 Y135.4847 E1.01546 F2700 ; pattern
SET_PRESSURE_ADVANCE ADVANCE=0.0222 ; pattern 23/51
G1 E-0.5 F2700 ; retract
G0 Z0.4 F3600
G0 X103.0135 Y93.0583 F27000
G0 Z0.2 F3600
G1 E0.5 F2700 ; unretract
G1 X124.2267 Y114.2715 E1.01546 F2700 ; pattern
G1 X103.0135 Y135.4847 E1.01546 F2700 ; pattern
G0 X103.5892 Y135.4847 F27000
G1 X124.8024 Y114.2715 E1.01546 F2700 ; pattern
G1 X103.5892 Y93.0583 E1.01546 F2700 ; pattern
G0 X104.1649 Y93.0583 F27000
G1 X125.3781 Y114.2715 E1.01546 F2700 ; pattern
G1 X104.1649 Y135.4847 E1.01546 F2700 ; pattern
SET_PRESSURE_ADVANCE ADVANCE=0.0223 ; pattern 24/51
G1 E-0.5 F2700 ; retract
G0 Z0.4 F3600
G0 X106.6149 Y93.0583 F27000
G0 Z0.2 F3600
G1 E0.5 F2700 ; unretract
G1 X127.8281 Y114.2715 E1.01546 F2700 ; pattern
G1 X106.6149 Y135.4847 E1.01546 F2700 ; pattern
G0 X107.1906 Y135.4847 F27000
G1 X128.4038 Y114.2715 E1.01546 F2700 ; pattern
G1 X107.1906 Y93.0583 E1.01546 F2700 ; pattern
G0 X107.7663 Y93.0583 F27000
G1 X128.9795 Y114.2715 E1.01546 F2700 ; pattern
G1 X107.7663 Y135.4847 E1.01546 F2700 ; pattern
SET_PRESSURE_ADVANCE ADVANCE=0.0224 ; pattern 25/51
G1 E-0.5 F2700 ; retract
G0 Z0.4 F3600
G0 X110.2163 Y93.0583 F27000
G0 Z0.2 F3600
G1 E0.5 F2700 ; unretract
G1 X131.4295 Y114.2715 E1.01546 F2700 ; pattern
G1 X110.2163 Y135.4847 E1.01546 F2700 ; pattern
G0 X110.792 Y135.4847 F27000
G1 X132.0052 Y114.2715 E1.01546 F2700 ; pattern
G1 X110.792 Y93.0583 E1.01546 F2700 ; pattern
G0 X111.3677 Y93.0583 F27000
G1 X132.5809 Y114.2715 E1.01546 F2700 ; pattern
G1 X111.3677 Y135.4847 E1.01546 F2700 ; pattern
SET_PRESSURE_ADVANCE ADVANCE=0.0225 ; pattern 26/51
G1 E-0.5 F2700 ; retract
G0 Z0.4 F3600
G0 X113.8177 Y93.0583 F27000
G0 Z0.2 F3600
G1 E0.5 F2700 ; unretract
G1 X135.0309 Y114.2715 E1.01546 F2700 ; pattern
G1 X113.8177 Y135.4847 E1.01546 F2700 ; pattern
G0 X114.3934 Y135.4847 F27000
G1 X135.6066 Y114.2715 E1.01546 F2700 ; pattern
G1 X114.3934 Y93.0583 E1.01546 F2700 ; pattern
G0 X114.9691 Y93.0583 F27000
G1 X136.1823 Y114.2715 E1.01546 F2700 ; pattern
G1 X114.9691 Y135.4847 E1.01546 F2700 ; pattern
SET_PRESSURE_ADVANCE ADVANCE=0.0226 ; pattern 27/51
G1 E-0.5 F2700 ; retract
G0 Z0.4 F3600
G0 X117.4191 Y93.0583 F27000
G0 Z0.2 F3600
G1 E0.5 F2700 ; unretract
G1 X138.6323 Y114.2715 E1.01546 F2700 ; pattern
G1 X117.4191 Y135.4847 E1.01546 F2700 ; pattern
G0 X117.9948 Y135.4847 F27000
G1 X139.208 Y114.2715 E1.01546 F2700 ; pattern
G1 X117.9948 Y93.0583 E1.01546 F2700 ; pattern
G0 X118.5705 Y93.0583 F27000
G1 X139.7837 Y114.2715 E1.01546 F2700 ; pattern
G1 X118.5705 Y135.4847 E1.01546 F2700 ; pattern
SET_PRESSURE_ADVANCE ADVANCE=0.0227 ; pattern 28/51
G1 E-0.5 F2700 ; retract
G0 Z0.4 F3600
G0 X121.0205 Y93.0583 F27000
G0 Z0.2 F3600
G1 E0.5 F2700 ; unretract
G1 X142.2337 Y114.2715 E1.01546 F2700 ; pattern
G1 X121.0205 Y135.4847 E1.01546 F2700 ; pattern
G0 X121.5962 Y135.4847 F27000
G1 X142.8094 Y114.2715 E1.01546 F2700 ; pattern
G1 X121.5962 Y93.0583 E1.01546 F2700 ; pattern
G0 X122.1719 Y93.0583 F27000
G1 X143.3851 Y114.2715 E1.01546 F2700 ; pattern
G1 X122.1719 Y135.4847 E1.01546 F2700 ; pattern
SET_PRESSURE_ADVANCE ADVANCE=0.0228 ; pattern 29/51
G1 E-0.5 F2700 ; retract
G0 Z0.4 F3600
G0 X124.6219 Y93.0583 F27000
G0 Z0.2 F3600
G1 E0.5 F2700 ; unretract
G1 X145.8351 Y114.2715 E1.01546 F2700 ; pattern
G1 X124.6219 Y135.4847 E1.01546 F2700 ; pattern
G0 X125.1976 Y135.4847 F27000
G1 X146.4108 Y114.2715 E1.01546 F2700 ; pattern
G1 X125.1976 Y93.0583 E1.01546 F2700 ; pattern
G0 X125.7733 Y93.0583 F27000
G1 X146.9865 Y114.2715 E1.01546 F2700 ; pattern
G1 X125.7733 Y135.4847 E1.01546 F2700 ; pattern
SET_PRESSURE_ADVANCE ADVANCE=0.0229 ; pattern 30/51
G1 E-0.5 F2700 ; retract
G0 Z0.4 F3600
G0 X128.2233 Y93.0583 F27000
G0 Z0.2 F3600
G1 E0.5 F2700 ; unretract
G1 X149.4365 Y114.2715 E1.01546 F2700 ; pattern
G1 X128.2233 Y135.4847 E1.01546 F2700 ; pattern
G0 X128.799 Y135.4847 F27000
G1 X150.0122 Y114.2715 E1.01546 F2700 ; pattern
G1 X128.799 Y93.0583 E1.01546 F2700 ; pattern
G0 X129.3747 Y93.0583 F27000
G1 X150.5879 Y114.2715 E1.01546 F2700 ; pattern
G1 X129.3747 Y135.4847 E1.01546 F2700 ; pattern
SET_PRESSURE_ADVANCE ADVANCE=0.023 ; pattern 31/51
G1 E-0.5 F2700 ; retract
G0 Z0.4 F3600
G0 X131.8247 Y93.0583 F27000
G0 Z0.2 F3600
G1 E0.5 F2700 ; unretract
G1 X153.0379 Y114.2715 E1.01546 F2700 ; pattern
G1 X131.8247 Y135.4847 E1.01546 F2700 ; pattern
G0 X132.4004 Y135.4847 F27000
G1 X153.6136 Y114.2715 E1.01546 F2700 ; pattern
G1 X132.4004 Y93.0583 E1.01546 F2700 ; pattern
G0 X132.9761 Y93.0583 F27000
G1 X154.1893 Y114.2715 E1.01546 F2700 ; pattern
G1 X132.9761 Y135.4847 E1.01546 F2700 ; pattern
SET_PRESSURE_ADVANCE ADVANCE=0.0231 ; pattern 32/51
G1 E-0.5 F2700 ; retract
G0 Z0.4 F3600
G0 X135.4261 Y93.0583 F27000
G0 Z0.2 F3600
G1 E0.5 F2700 ; unretract
G1 X156.6393 Y114.2715 E1.01546 F2700 ; pattern
G1 X135.4261 Y135.4847 E1.01546 F2700 ; pattern
G0 X136.0018 Y135.4847 F27000
G1 X157.215 Y114.2715 E1.01546 F2700 ; pattern
G1 X136.0018 Y93.0583 E1.01546 F2700 ; pattern
G0 X136.5775 Y93.0583 F27000
G1 X157.7907 Y114.2715 E1.01546 F2700 ; pattern
G1 X136.5775 Y135.4847 E1.01546 F2700 ; pattern
SET_PRESSURE_ADVANCE ADVANCE=0.0232 ; pattern 33/51
G1 E-0.5 F2700 ; retract
G0 Z0.4 F3600
G0 X139.0275 Y93.0583 F27000
G0 Z0.2 F3600
G1 E0.5 F2700 ; unretract
G1 X160.2407 Y114.2715 E1.01546 F2700 ; pattern
G1 X139.0275 Y135.4847 E1.01546 F2700 ; pattern
G0 X139.6032 Y135.4847 F27000
G1 X160.8164 Y114.2715 E1.01546 F2700 ; pattern
G1 X139.6032 Y93.0583 E1.01546 F2700 ; pattern
G0 X140.1789 Y93.0583 F27000
G1 X161.3921 Y114.2715 E1.01546 F2700 ; pattern
G1 X140.1789 Y135.4847 E1.01546 F2700 ; pattern
SET_PRESSURE_ADVANCE ADVANCE=0.0233 ; pattern 34/51
G1 E-0.5 F2700 ; retract
G0 Z0.4 F3600
G0 X142.6289 Y93.0583 F27000
G0 Z0.2 F3600
G1 E0.5 F2700 ; unretract
G1 X163.8421 Y114.2715 E1.01546 F2700 ; pattern
G1 X142.6289 Y135.4847 E1.01546 F2700 ; pattern
G0 X143.2046 Y135.4847 F27000
G1 X164.4178 Y114.2715 E1.01546 F2700 ; pattern
G1 X143.2046 Y93.0583 E1.01546 F2700 ; pattern
G0 X143.7803 Y93.0583 F27000
G1 X164.9935 Y114.2715 E1.01546 F2700 ; pattern
G1 X143.7803 Y135.4847 E1.01546 F2700 ; pattern
SET_PRESSURE_ADVANCE ADVANCE=0.0234 ; pattern 35/51
G1 E-0.5 F2700 ; retract
G0 Z0.4 F3600
G0 X146.2303 Y93.0583 F27000
G0 Z0.2 F3600
G1 E0.5 F2700 ; unretract
G1 X167.4435 Y114.2715 E1.01546 F2700 ; pattern
G1 X146.2303 Y135.4847 E1.01546 F2700 ; pattern
G0 X146.806 Y135.4847 F27000
G1 X168.0192 Y114.2715 E1.01546 F2700 ; pattern
G1 X146.806 Y93.0583 E1.01546 F2700 ; pattern
G0 X147.3817 Y93.0583 F27000
G1 X168.5949 Y114.2715 E1.01546 F2700 ; pattern
G1 X147.3817 Y135.4847 E1.01546 F2700 ; pattern
SET_PRESSURE_ADVANCE ADVANCE=0.0235 ; pattern 36/51
G1 E-0.5 F2700 ; retract
G0 Z0.4 F3600
G0 X149.8317 Y93.0583 F27000
G0 Z0.2 F3600
G1 E0.5 F2700 ; unretract
G1 X171.0449 Y114.2715 E1.01546 F2700 ; pattern
G1 X149.8317 Y135.4847 E1.01546 F2700 ; pattern
G0 X150.4073 Y135.4847 F27000
G1 X171.6206 Y114.2715 E1.01546 F2700 ; pattern
G1 X150.4073 Y93.0583 E1.01546 F2700 ; pattern
G0 X150.983 Y93.0583 F27000
G1 X172.1963 Y114.2715 E1.01546 F2700 ; pattern
G1 X150.983 Y135.4847 E1.01546 F2700 ; pattern
SET_PRESSURE_ADVANCE ADVANCE=0.0236 ; pattern 37/51
G1 E-0.5 F2700 ; retract
G0 Z0.4 F3600
G0 X153.433 Y93.0583 F27000
G0 Z0.2 F3600
G1 E0.5 F2700 ; unretract
G1 X174.6463 Y114.2715 E1.01546 F2700 ; pattern
G1 X153.433 Y135.4847 E1.01546 F2700 ; pattern
G0 X154.0087 Y135.4847 F27000
G1 X175.2219 Y114.2715 E1.01546 F2700 ; pattern
G1 X154.0087 Y93.0583 E1.01546 F2700 ; pattern
G0 X154.5844 Y93.0583 F27000
G1 X175.7976 Y114.2715 E1.01546 F2700 ; pattern
G1 X154.5844 Y135.4847 E1.01546 F2700 ; pattern
SET_PRESSURE_ADVANCE ADVANCE=0.0237 ; pattern 38/51
G1 E-0.5 F2700 ; retract
G0 Z0.4 F3600
G0 X157.0344 Y93.0583 F27000
G0 Z0.2 F3600
G1 E0.5 F2700 ; unretract
G1 X178.2476 Y114.2715 E1.01546 F2700 ; pattern
G1 X157.0344 Y135.4847 E1.01546 F2700 ; pattern
G0 X157.6101 Y135.4847 F27000
G1 X178.8233 Y114.2715 E1.01546 F2700 ; pattern
G1 X157.6101 Y93.0583 E1.01546 F2700 ; pattern
G0 X158.1858 Y93.0583 F27000
G1 X179.399 Y114.2715 E1.01546 F2700 ; pattern
G1 X158.1858 Y135.4847 E1.01546 F2700 ; pattern
SET_PRESSURE_ADVANCE ADVANCE=0.0238 ; pattern 39/51
G1 E-0.5 F2700 ; retract
G0 Z0.4 F3600
G0 X160.6358 Y93.0583 F27000
G0 Z0.2 F3600
G1 E0.5 F2700 ; unretract
G1 X181.849 Y114.2715 E1.01546 F2700 ; pattern
G1 X160.6358 Y135.4847 E1.01546 F2700 ; pattern
G0 X161.2115 Y135.4847 F27000
G1 X182.4247 Y114.2715 E1.01546 F2700 ; pattern
G1 X161.2115 Y93.0583 E1.01546 F2700 ; pattern
G0 X161.7872 Y93.0583 F27000
G1 X183.0004 Y114.2715 E1.01546 F2700 ; pattern
G1 X161.7872 Y135.4847 E1.01546 F2700 ; pattern
SET_PRESSURE_ADVANCE ADVANCE=0.0239 ; pattern 40/51
G1 E-0.5 F2700 ; retract
G0 Z0.4 F3600
G0 X164.2372 Y93.0583 F27000
G0 Z0.2 F3600
G1 E0.5 F2700 ; unretract
G1 X185.4504 Y114.2715 E1.01546 F2700 ; pattern
G1 X164.2372 Y135.4847 E1.01546 F2700 ; pattern
G0 X164.8129 Y135.4847 F27000
G1 X186.0261 Y114.2715 E1.01546 F2700 ; pattern
G1 X164.8129 Y93.0583 E1.01546 F2700 ; pattern
G0 X165.3886 Y93.0583 F27000
G1 X186.6018 Y114.2715 E1.01546 F2700 ; pattern
G1 X165.3886 Y135.4847 E1.01546 F2700 ; pattern
SET_PRESSURE_ADVANCE ADVANCE=0.024 ; pattern 41/51
G1 E-0.5 F2700 ; retract
G0 Z0.4 F3600
G0 X167.8386 Y93.0583 F27000
G0 Z0.2 F3600
G1 E0.5 F2700 ; unretract
G1 X189.0518 Y114.2715 E1.01546 F2700 ; pattern
G1 X167.8386 Y135.4847 E1.01546 F2700 ; pattern
G0 X168.4143 Y135.4847 F27000
G1 X189.6275 Y114.2715 E1.01546 F2700 ; pattern
G1 X168.4143 Y93.0583 E1.01546 F2700 ; pattern
G0 X168.99 Y93.0583 F27000
G1 X190.2032 Y114.2715 E1.01546 F2700 ; pattern
G1 X168.99 Y135.4847 E1.01546 F2700 ; pattern
SET_PRESSURE_ADVANCE ADVANCE=0.0241 ; pattern 42/51
G1 E-0.5 F2700 ; retract
G0 Z0.4 F3600
G0 X171.44 Y93.0583 F27000
G0 Z0.2 F3600
G1 E0.5 F2700 ; unretract
G1 X192.6532 Y114.2715 E1.01546 F2700 ; pattern
G1 X171.44 Y135.4847 E1.01546 F2700 ; pattern
G0 X172.0157 Y135.4847 F27000
G1 X193.2289 Y114.2715 E1.01546 F2700 ; pattern
G1 X172.0157 Y93.0583 E1.01546 F2700 ; pattern
G0 X172.5914 Y93.0583 F27000
G1 X193.8046 Y114.2715 E1.01546 F2700 ; pattern
G1 X172.5914 Y135.4847 E1.01546 F2700 ; pattern
SET_PRESSURE_ADVANCE ADVANCE=0.0242 ; pattern 43/51
G1 E-0.5 F2700 ; retract
G0 Z0.4 F3600
G0 X175.0414 Y93.0583 F27000
G0 Z0.2 F3600
G1 E0.5 F2700 ; unretract
G1 X196.2546 Y114.2715 E1.01546 F2700 ; pattern
G1 X175.0414 Y135.4847 E1.01546 F2700 ; pattern
G0 X175.6171 Y135.4847 F27000
G1 X196.8303 Y114.2715 E1.01546 F2700 ; pattern
G1 X175.6171 Y93.0583 E1.01546 F2700 ; pattern
G0 X176.1928 Y93.0583 F27000
G1 X197.406 Y114.2715 E1.01546 F2700 ; pattern
G1 X176.1928 Y135.4847 E1.01546 F2700 ; pattern
SET_PRESSURE_ADVANCE ADVANCE=0.0243 ; pattern 44/51
G1 E-0.5 F2700 ; retract
G0 Z0.4 F3600
G0 X178.6428 Y93.0583 F27000
G0 Z0.2 F3600
G1 E0.5 F2700 ; unretract
G1 X199.856 Y114.2715 E1.01546 F2700 ; pattern
G1 X178.6428 Y135.4847 E1.01546 F2700 ; pattern
G0 X179.2185 Y135.4847 F27000
G1 X200.4317 Y114.2715 E1.01546 F2700 ; pattern
G1 X179.2185 Y93.0583 E1.01546 F2700 ; pattern
G0 X179.7942 Y93.0583 F27000
G1 X201.0074 Y114.2715 E1.01546 F2700 ; pattern
G1 X179.7942 Y135.4847 E1.01546 F2700 ; pattern
SET_PRESSURE_ADVANCE ADVANCE=0.0244 ; pattern 45/51
G1 E-0.5 F2700 ; retract
G0 Z0.4 F3600
G0 X182.2442 Y93.0583 F27000
G0 Z0.2 F3600
G1 E0.5 F2700 ; unretract
G1 X203.4574 Y114.2715 E1.01546 F2700 ; pattern
G1 X182.2442 Y135.4847 E1.01546 F2700 ; pattern
G0 X182.8199 Y135.4847 F27000
G1 X204.0331 Y114.2715 E1.01546 F2700 ; pattern
G1 X182.8199 Y93.0583 E1.01546 F2700 ; pattern
G0 X183.3956 Y93.0583 F27000
G1 X204.6088 Y114.2715 E1.01546 F2700 ; pattern
G1 X183.3956 Y135.4847 E1.01546 F2700 ; pattern
SET_PRESSURE_ADVANCE ADVANCE=0.0245 ; pattern 46/51
G1 E-0.5 F2700 ; retract
G0 Z0.4 F3600
G0 X185.8456 Y93.0583 F27000
G0 Z0.2 F3600
G1 E0.5 F2700 ; unretract
G1 X207.0588 Y114.2715 E1.01546 F2700 ; pattern
G1 X185.8456 Y135.4847 E1.01546 F2700 ; pattern
G0 X186.4213 Y135.4847 F27000
G1 X207.6345 Y114.2715 E1.01546 F2700 ; pattern
G1 X186.4213 Y93.0583 E1.01546 F2700 ; pattern
G0 X186.997 Y93.0583 F27000
G1 X208.2102 Y114.2715 E1.01546 F2700 ; pattern
G1 X186.997 Y135.4847 E1.01546 F2700 ; pattern
SET_PRESSURE_ADVANCE ADVANCE=0.0246 ; pattern 47/51
G1 E-0.5 F2700 ; retract
G0 Z0.4 F3600
G0 X189.447 Y93.0583 F27000
G0 Z0.2 F3600
G1 E0.5 F2700 ; unretract
G1 X210.6602 Y114.2715 E1.01546 F2700 ; pattern
G1 X189.447 Y135.4847 E1.01546 F2700 ; pattern
G0 X190.0227 Y135.4847 F27000
G1 X211.2359 Y114.2715 E1.01546 F2700 ; pattern
G1 X190.0227 Y93.0583 E1.01546 F2700 ; pattern
G0 X190.5984 Y93.0583 F27000
G1 X211.8116 Y114.2715 E1.01546 F2700 ; pattern
G1 X190.5984 Y135.4847 E1.01546 F2700 ; pattern
SET_PRESSURE_ADVANCE ADVANCE=0.0247 ; pattern 48/51
G1 E-0.5 F2700 ; retract
G0 Z0.4 F3600
G0 X193.0484 Y93.0583 F27000
G0 Z0.2 F3600
G1 E0.5 F2700 ; unretract
G1 X214.2616 Y114.2715 E1.01546 F2700 ; pattern
G1 X193.0484 Y135.4847 E1.01546 F2700 ; pattern
G0 X193.6241 Y135.4847 F27000
G1 X214.8373 Y114.2715 E1.01546 F2700 ; pattern
G1 X193.6241 Y93.0583 E1.01546 F2700 ; pattern
G0 X194.1998 Y93.0583 F27000
G1 X215.413 Y114.2715 E1.01546 F2700 ; pattern
G1 X194.1998 Y135.4847 E1.01546 F2700 ; pattern
SET_PRESSURE_ADVANCE ADVANCE=0.0248 ; pattern 49/51
G1 E-0.5 F2700 ; retract
G0 Z0.4 F3600
G0 X196.6498 Y93.0583 F27000
G0 Z0.2 F3600
G1 E0.5 F2700 ; unretract
G1 X217.863 Y114.2715 E1.01546 F2700 ; pattern
G1 X196.6498 Y135.4847 E1.01546 F2700 ; pattern
G0 X197.2255 Y135.4847 F27000
G1 X218.4387 Y114.2715 E1.01546 F2700 ; pattern
G1 X197.2255 Y93.0583 E1.01546 F2700 ; pattern
G0 X197.8012 Y93.0583 F27000
G1 X219.0144 Y114.2715 E1.01546 F2700 ; pattern
G1 X197.8012 Y135.4847 E1.01546 F2700 ; pattern
SET_PRESSURE_ADVANCE ADVANCE=0.0249 ; pattern 50/51
G1 E-0.5 F2700 ; retract
G0 Z0.4 F3600
G0 X200.2512 Y93.0583 F27000
G0 Z0.2 F3600
G1 E0.5 F2700 ; unretract
G1 X221.4644 Y114.2715 E1.01546 F2700 ; pattern
G1 X200.2512 Y135.4847 E1.01546 F2700 ; pattern
G0 X200.8269 Y135.4847 F27000
G1 X222.0401 Y114.2715 E1.01546 F2700 ; pattern
G1 X200.8269 Y93.0583 E1.01546 F2700 ; pattern
G0 X201.4026 Y93.0583 F27000
G1 X222.6158 Y114.2715 E1.01546 F2700 ; pattern
G1 X201.4026 Y135.4847 E1.01546 F2700 ; pattern
SET_PRESSURE_ADVANCE ADVANCE=0.025 ; pattern 51/51
G1 E-0.5 F2700 ; retract
G0 Z0.4 F3600
G0 X203.8526 Y93.0583 F27000
G0 Z0.2 F3600
G1 E0.5 F2700 ; unretract
G1 X225.0658 Y114.2715 E1.01546 F2700 ; pattern
G1 X203.8526 Y135.4847 E1.01546 F2700 ; pattern
G0 X204.4283 Y135.4847 F27000
G1 X225.6415 Y114.2715 E1.01546 F2700 ; pattern
G1 X204.4283 Y93.0583 E1.01546 F2700 ; pattern
G0 X205.004 Y93.0583 F27000
G1 X226.2172 Y114.2715 E1.01546 F2700 ; pattern
G1 X205.004 Y135.4847 E1.01546 F2700 ; pattern
;LAYER_CHANGE
;Z:0.4
;HEIGHT:0.2
SET_PRINT_STATS_INFO CURRENT_LAYER=2
G0 Z0.4 F3600
SET_VELOCITY_LIMIT ACCEL=3000 ; print acceleration
; pa value labels
;TYPE:Top solid infill
SET_PRESSURE_ADVANCE ADVANCE=0.02 ; reset for labels
G1 E-0.5 F2700 ; retract
G0 Z0.6 F3600
G0 X22.3585 Y138.553 F27000
G0 Z0.4 F3600
G1 E0.5 F2700 ; unretract
G1 X24.3585 Y138.553 E0.0677 F2700 ; glyph
G1 X26.3585 Y138.553 E0.0677 F2700 ; glyph
G1 X26.3585 Y140.553 E0.0677 F2700 ; glyph
G1 X24.3585 Y140.553 E0.0677 F2700 ; glyph
G1 X22.3585 Y140.553 E0.0677 F2700 ; glyph
G1 X22.3585 Y138.553 E0.0677 F2700 ; glyph
G1 E-0.5 F2700 ; retract
G0 Z0.6 F3600
G0 X26.3585 Y141.553 F27000
G0 Z0.4 F3600
G1 E0.5 F2700 ; unretract
G1 X25.6085 Y141.553 E0.02539 F2700 ; glyph
G1 E-0.5 F2700 ; retract
G0 Z0.6 F3600
G0 X22.3585 Y142.553 F27000
G0 Z0.4 F3600
G1 E0.5 F2700 ; unretract
G1 X24.3585 Y142.553 E0.0677 F2700 ; glyph
G1 X26.3585 Y142.553 E0.0677 F2700 ; glyph
G1 X26.3585 Y144.553 E0.0677 F2700 ; glyph
G1 X24.3585 Y144.553 E0.0677 F2700 ; glyph
G1 X22.3585 Y144.553 E0.0677 F2700 ; glyph
G1 X22.3585 Y142.553 E0.0677 F2700 ; glyph
G1 E-0.5 F2700 ; retract
G0 Z0.6 F3600
G0 X22.3585 Y145.553 F27000
G0 Z0.4 F3600
G1 E0.5 F2700 ; unretract
G1 X22.3585 Y147.553 E0.0677 F2700 ; glyph
G1 X24.3585 Y147.553 E0.0677 F2700 ; glyph
G1 X24.3585 Y145.553 E0.0677 F2700 ; glyph
G1 X26.3585 Y145.553 E0.0677 F2700 ; glyph
G1 X26.3585 Y147.553 E0.0677 F2700 ; glyph
G1 E-0.5 F2700 ; retract
G0 Z0.6 F3600
G0 X29.5613 Y138.553 F27000
G0 Z0.4 F3600
G1 E0.5 F2700 ; unretract
G1 X31.5613 Y138.553 E0.0677 F2700 ; glyph
G1 X33.5613 Y138.553 E0.0677 F2700 ; glyph
G1 X33.5613 Y140.553 E0.0677 F2700 ; glyph
G1 X31.5613 Y140.553 E0.0677 F2700 ; glyph
G1 X29.5613 Y140.553 E0.0677 F2700 ; glyph
G1 X29.5613 Y138.553 E0.0677 F2700 ; glyph
G1 E-0.5 F2700 ; retract
G0 Z0.6 F3600
G0 X33.5613 Y141.553 F27000
G0 Z0.4 F3600
G1 E0.5 F2700 ; unretract
G1 X32.8113 Y141.553 E0.02539 F2700 ; glyph
G1 E-0.5 F2700 ; retract
G0 Z0.6 F3600
G0 X29.5613 Y142.553 F27000
G0 Z0.4 F3600
G1 E0.5 F2700 ; unretract
G1 X31.5613 Y142.553 E0.0677 F2700 ; glyph
G1 X33.5613 Y142.553 E0.0677 F2700 ; glyph
G1 X33.5613 Y144.553 E0.0677 F2700 ; glyph
G1 X31.5613 Y144.553 E0.0677 F2700 ; glyph
G1 X29.5613 Y144.553 E0.0677 F2700 ; glyph
G1 X29.5613 Y142.553 E0.0677 F2700 ; glyph
G1 E-0.5 F2700 ; retract
G0 Z0.6 F3600
G0 X29.5613 Y145.553 F27000
G0 Z0.4 F3600
G1 E0.5 F2700 ; unretract
G1 X29.5613 Y147.553 E0.0677 F2700 ; glyph
G1 X31.5613 Y147.553 E0.0677 F2700 ; glyph
G1 X31.5613 Y145.553 E0.0677 F2700 ; glyph
G1 X33.5613 Y145.553 E0.0677 F2700 ; glyph
G1 X33.5613 Y147.553 E0.0677 F2700 ; glyph
G1 E-0.5 F2700 ; retract
G0 Z0.6 F3600
G0 X29.5613 Y148.553 F27000
G0 Z0.4 F3600
G1 E0.5 F2700 ; unretract
G1 X31.5613 Y148.553 E0.0677 F2700 ; glyph
G1 X33.5613 Y148.553 E0.0677 F2700 ; glyph
G1 X33.5613 Y150.553 E0.0677 F2700 ; glyph
G1 X31.5613 Y150.553 E0.0677 F2700 ; glyph
G1 X29.5613 Y150.553 E0.0677 F2700 ; glyph
G1 X29.5613 Y148.553 E0.0677 F2700 ; glyph
G1 E-0.5 F2700 ; retract
G0 Z0.6 F3600
G0 X29.5613 Y151.553 F27000
G0 Z0.4 F3600
G1 E0.5 F2700 ; unretract
G1 X29.5613 Y153.553 E0.0677 F2700 ; glyph
G1 X31.5613 Y153.553 E0.0677 F2700 ; glyph
G1 X31.5613 Y151.553 E0.0677 F2700 ; glyph
G1 X33.5613 Y151.553 E0.0677 F2700 ; glyph
G1 X33.5613 Y153.553 E0.0677 F2700 ; glyph
G1 E-0.5 F2700 ; retract
G0 Z0.6 F3600
G0 X36.7641 Y138.553 F27000
G0 Z0.4 F3600
G1 E0.5 F2700 ; unretract
G1 X38.7641 Y138.553 E0.0677 F2700 ; glyph
G1 X40.7641 Y138.553 E0.0677 F2700 ; glyph
G1 X40.7641 Y140.553 E0.0677 F2700 ; glyph
G1 X38.7641 Y140.553 E0.0677 F2700 ; glyph
G1 X36.7641 Y140.553 E0.0677 F2700 ; glyph
G1 X36.7641 Y138.553 E0.0677 F2700 ; glyph
G1 E-0.5 F2700 ; retract
G0 Z0.6 F3600
G0 X40.7641 Y141.553 F27000
G0 Z0.4 F3600
G1 E0.5 F2700 ; unretract
G1 X40.0141 Y141.553 E0.02539 F2700 ; glyph
G1 E-0.5 F2700 ; retract
G0 Z0.6 F3600
G0 X36.7641 Y142.553 F27000
G0 Z0.4 F3600
G1 E0.5 F2700 ; unretract
G1 X38.7641 Y142.553 E0.0677 F2700 ; glyph
G1 X40.7641 Y142.553 E0.0677 F2700 ; glyph
G1 X40.7641 Y144.553 E0.0677 F2700 ; glyph
G1 X38.7641 Y144.553 E0.0677 F2700 ; glyph
G1 X36.7641 Y144.553 E0.0677 F2700 ; glyph
G1 X36.7641 Y142.553 E0.0677 F2700 ; glyph
G1 E-0.5 F2700 ; retract
G0 Z0.6 F3600
G0 X36.7641 Y145.553 F27000
G0 Z0.4 F3600
G1 E0.5 F2700 ; unretract
G1 X36.7641 Y147.553 E0.0677 F2700 ; glyph
G1 X38.7641 Y147.553 E0.0677 F2700 ; glyph
G1 X38.7641 Y145.553 E0.0677 F2700 ; glyph
G1 X40.7641 Y145.553 E0.0677 F2700 ; glyph
G1 X40.7641 Y147.553 E0.0677 F2700 ; glyph
G1 E-0.5 F2700 ; retract
G0 Z0.6 F3600
G0 X36.7641 Y148.553 F27000
G0 Z0.4 F3600
G1 E0.5 F2700 ; unretract
G1 X38.7641 Y148.553 E0.0677 F2700 ; glyph
G1 X40.7641 Y148.553 E0.0677 F2700 ; glyph
G1 X40.7641 Y150.553 E0.0677 F2700 ; glyph
G1 X38.7641 Y150.553 E0.0677 F2700 ; glyph
G1 X36.7641 Y150.553 E0.0677 F2700 ; glyph
G1 X36.7641 Y148.553 E0.0677 F2700 ; glyph
G1 E-0.5 F2700 ; retract
G0 Z0.6 F3600
G0 X36.7641 Y153.553 F27000
G0 Z0.4 F3600
G1 E0.5 F2700 ; unretract
G1 X38.7641 Y153.553 E0.0677 F2700 ; glyph
G1 X40.7641 Y153.553 E0.0677 F2700 ; glyph
G0 X38.7641 Y153.553 F27000
G1 X38.7641 Y151.553 E0.0677 F2700 ; glyph
G1 X36.7641 Y151.553 E0.0677 F2700 ; glyph
G1 E-0.5 F2700 ; retract
G0 Z0.6 F3600
G0 X43.9669 Y138.553 F27000
G0 Z0.4 F3600
G1 E0.5 F2700 ; unretract
G1 X45.9669 Y138.553 E0.0677 F2700 ; glyph
G1 X47.9669 Y138.553 E0.0677 F2700 ; glyph
G1 X47.9669 Y140.553 E0.0677 F2700 ; glyph
G1 X45.9669 Y140.553 E0.0677 F2700 ; glyph
G1 X43.9669 Y140.553 E0.0677 F2700 ; glyph
G1 X43.9669 Y138.553 E0.0677 F2700 ; glyph
G1 E-0.5 F2700 ; retract
G0 Z0.6 F3600
G0 X47.9669 Y141.553 F27000
G0 Z0.4 F3600
G1 E0.5 F2700 ; unretract
G1 X47.2169 Y141.553 E0.02539 F2700 ; glyph
G1 E-0.5 F2700 ; retract
G0 Z0.6 F3600
G0 X43.9669 Y142.553 F27000
G0 Z0.4 F3600
G1 E0.5 F2700 ; unretract
G1 X45.9669 Y142.553 E0.0677 F2700 ; glyph
G1 X47.9669 Y142.553 E0.0677 F2700 ; glyph
G1 X47.9669 Y144.553 E0.0677 F2700 ; glyph
G1 X45.9669 Y144.553 E0.0677 F2700 ; glyph
G1 X43.9669 Y144.553 E0.0677 F2700 ; glyph
G1 X43.9669 Y142.553 E0.0677 F2700 ; glyph
G1 E-0.5 F2700 ; retract
G0 Z0.6 F3600
G0 X43.9669 Y145.553 F27000
G0 Z0.4 F3600
G1 E0.5 F2700 ; unretract
G1 X43.9669 Y147.553 E0.0677 F2700 ; glyph
G1 X45.9669 Y147.553 E0.0677 F2700 ; glyph
G1 X45.9669 Y145.553 E0.0677 F2700 ; glyph
G1 X47.9669 Y145.553 E0.0677 F2700 ; glyph
G1 X47.9669 Y147.553 E0.0677 F2700 ; glyph
G1 E-0.5 F2700 ; retract
G0 Z0.6 F3600
G0 X43.9669 Y148.553 F27000
G0 Z0.4 F3600
G1 E0.5 F2700 ; unretract
G1 X45.9669 Y148.553 E0.0677 F2700 ; glyph
G1 X47.9669 Y148.553 E0.0677 F2700 ; glyph
G1 X47.9669 Y150.553 E0.0677 F2700 ; glyph
G1 X45.9669 Y150.553 E0.0677 F2700 ; glyph
G1 X43.9669 Y150.553 E0.0677 F2700 ; glyph
G1 X43.9669 Y148.553 E0.0677 F2700 ; glyph
G1 E-0.5 F2700 ; retract
G0 Z0.6 F3600
G0 X43.9669 Y153.553 F27000
G0 Z0.4 F3600
G1 E0.5 F2700 ; unretract
G1 X43.9669 Y151.553 E0.0677 F2700 ; glyph
G1 X45.9669 Y151.553 E0.0677 F2700 ; glyph
G1 X47.9669 Y151.553 E0.0677 F2700 ; glyph
G1 X47.9669 Y153.553 E0.0677 F2700 ; glyph
G1 X45.9669 Y153.553 E0.0677 F2700 ; glyph
G1 X45.9669 Y151.553 E0.0677 F2700 ; glyph
G1 E-0.5 F2700 ; retract
G0 Z0.6 F3600
G0 X51.1697 Y138.553 F27000
G0 Z0.4 F3600
G1 E0.5 F2700 ; unretract
G1 X53.1697 Y138.553 E0.0677 F2700 ; glyph
G1 X55.1697 Y138.553 E0.0677 F2700 ; glyph
G1 X55.1697 Y140.553 E0.0677 F2700 ; glyph
G1 X53.1697 Y140.553 E0.0677 F2700 ; glyph
G1 X51.1697 Y140.553 E0.0677 F2700 ; glyph
G1 X51.1697 Y138.553 E0.0677 F2700 ; glyph
G1 E-0.5 F2700 ; retract
G0 Z0.6 F3600
G0 X55.1697 Y141.553 F27000
G0 Z0.4 F3600
G1 E0.5 F2700 ; unretract
G1 X54.4197 Y141.553 E0.02539 F2700 ; glyph
G1 E-0.5 F2700 ; retract
G0 Z0.6 F3600
G0 X51.1697 Y142.553 F27000
G0 Z0.4 F3600
G1 E0.5 F2700 ; unretract
G1 X53.1697 Y142.553 E0.0677 F2700 ; glyph
G1 X55.1697 Y142.553 E0.0677 F2700 ; glyph
G1 X55.1697 Y144.553 E0.0677 F2700 ; glyph
G1 X53.1697 Y144.553 E0.0677 F2700 ; glyph
G1 X51.1697 Y144.553 E0.0677 F2700 ; glyph
G1 X51.1697 Y142.553 E0.0677 F2700 ; glyph
G1 E-0.5 F2700 ; retract
G0 Z0.6 F3600
G0 X51.1697 Y145.553 F27000
G0 Z0.4 F3600
G1 E0.5 F2700 ; unretract
G1 X51.1697 Y147.553 E0.0677 F2700 ; glyph
G1 X53.1697 Y147.553 E0.0677 F2700 ; glyph
G1 X53.1697 Y145.553 E0.0677 F2700 ; glyph
G1 X55.1697 Y145.553 E0.0677 F2700 ; glyph
G1 X55.1697 Y147.553 E0.0677 F2700 ; glyph
G1 E-0.5 F2700 ; retract
G0 Z0.6 F3600
G0 X51.1697 Y148.553 F27000
G0 Z0.4 F3600
G1 E0.5 F2700 ; unretract
G1 X53.1697 Y148.553 E0.0677 F2700 ; glyph
G1 X55.1697 Y148.553 E0.0677 F2700 ; glyph
G1 X55.1697 Y150.553 E0.0677 F2700 ; glyph
G1 X53.1697 Y150.553 E0.0677 F2700 ; glyph
G1 X51.1697 Y150.553 E0.0677 F2700 ; glyph
G1 X51.1697 Y148.553 E0.0677 F2700 ; glyph
G1 E-0.5 F2700 ; retract
G0 Z0.6 F3600
G0 X51.1697 Y151.553 F27000
G0 Z0.4 F3600
G1 E0.5 F2700 ; unretract
G1 X53.1697 Y151.553 E0.0677 F2700 ; glyph
G1 X55.1697 Y151.553 E0.0677 F2700 ; glyph
G1 X55.1697 Y153.553 E0.0677 F2700 ; glyph
G1 X53.1697 Y153.553 E0.0677 F2700 ; glyph
G1 X51.1697 Y153.553 E0.0677 F2700 ; glyph
G1 X51.1697 Y151.553 E0.0677 F2700 ; glyph
G0 X53.1697 Y151.553 F27000
G1 X53.1697 Y153.553 E0.0677 F2700 ; glyph
G1 E-0.5 F2700 ; retract
G0 Z0.6 F3600
G0 X58.3725 Y138.553 F27000
G0 Z0.4 F3600
G1 E0.5 F2700 ; unretract
G1 X60.3725 Y138.553 E0.0677 F2700 ; glyph
G1 X62.3725 Y138.553 E0.0677 F2700 ; glyph
G1 X62.3725 Y140.553 E0.0677 F2700 ; glyph
G1 X60.3725 Y140.553 E0.0677 F2700 ; glyph
G1 X58.3725 Y140.553 E0.0677 F2700 ; glyph
G1 X58.3725 Y138.553 E0.0677 F2700 ; glyph
G1 E-0.5 F2700 ; retract
G0 Z0.6 F3600
G0 X62.3725 Y141.553 F27000
G0 Z0.4 F3600
G1 E0.5 F2700 ; unretract
G1 X61.6225 Y141.553 E0.02539 F2700 ; glyph
G1 E-0.5 F2700 ; retract
G0 Z0.6 F3600
G0 X58.3725 Y142.553 F27000
G0 Z0.4 F3600
G1 E0.5 F2700 ; unretract
G1 X60.3725 Y142.553 E0.0677 F2700 ; glyph
G1 X62.3725 Y142.553 E0.0677 F2700 ; glyph
G1 X62.3725 Y144.553 E0.0677 F2700 ; glyph
G1 X60.3725 Y144.553 E0.0677 F2700 ; glyph
G1 X58.3725 Y144.553 E0.0677 F2700 ; glyph
G1 X58.3725 Y142.553 E0.0677 F2700 ; glyph
G1 E-0.5 F2700 ; retract
G0 Z0.6 F3600
G0 X58.3725 Y145.553 F27000
G0 Z0.4 F3600
G1 E0.5 F2700 ; unretract
G1 X58.3725 Y147.553 E0.0677 F2700 ; glyph
G1 X60.3725 Y147.553 E0.0677 F2700 ; glyph
G1 X60.3725 Y145.553 E0.0677 F2700 ; glyph
G1 X62.3725 Y145.553 E0.0677 F2700 ; glyph
G1 X62.3725 Y147.553 E0.0677 F2700 ; glyph
G1 E-0.5 F2700 ; retract
G0 Z0.6 F3600
G0 X58.3725 Y148.553 F27000
G0 Z0.4 F3600
G1 E0.5 F2700 ; unretract
G1 X60.3725 Y148.553 E0.0677 F2700 ; glyph
G1 X62.3725 Y148.553 E0.0677 F2700 ; glyph
G1 E-0.5 F2700 ; retract
G0 Z0.6 F3600
G0 X65.5753 Y138.553 F27000
G0 Z0.4 F3600
G1 E0.5 F2700 ; unretract
G1 X67.5753 Y138.553 E0.0677 F2700 ; glyph
G1 X69.5753 Y138.553 E0.0677 F2700 ; glyph
G1 X69.5753 Y140.553 E0.0677 F2700 ; glyph
G1 X67.5753 Y140.553 E0.0677 F2700 ; glyph
G1 X65.5753 Y140.553 E0.0677 F2700 ; glyph
G1 X65.5753 Y138.553 E0.0677 F2700 ; glyph
G1 E-0.5 F2700 ; retract
G0 Z0.6 F3600
G0 X69.5753 Y141.553 F27000
G0 Z0.4 F3600
G1 E0.5 F2700 ; unretract
G1 X68.8253 Y141.553 E0.02539 F2700 ; glyph
G1 E-0.5 F2700 ; retract
G0 Z0.6 F3600
G0 X65.5753 Y142.553 F27000
G0 Z0.4 F3600
G1 E0.5 F2700 ; unretract
G1 X67.5753 Y142.553 E0.0677 F2700 ; glyph
G1 X69.5753 Y142.553 E0.0677 F2700 ; glyph
G1 X69.5753 Y144.553 E0.0677 F2700 ; glyph
G1 X67.5753 Y144.553 E0.0677 F2700 ; glyph
G1 X65.5753 Y144.553 E0.0677 F2700 ; glyph
G1 X65.5753 Y142.553 E0.0677 F2700 ; glyph
G1 E-0.5 F2700 ; retract
G0 Z0.6 F3600
G0 X65.5753 Y145.553 F27000
G0 Z0.4 F3600
G1 E0.5 F2700 ; unretract
G1 X65.5753 Y147.553 E0.0677 F2700 ; glyph
G1 X67.5753 Y147.553 E0.0677 F2700 ; glyph
G1 X67.5753 Y145.553 E0.0677 F2700 ; glyph
G1 X69.5753 Y145.553 E0.0677 F2700 ; glyph
G1 X69.5753 Y147.553 E0.0677 F2700 ; glyph
G1 E-0.5 F2700 ; retract
G0 Z0.6 F3600
G0 X65.5753 Y148.553 F27000
G0 Z0.4 F3600
G1 E0.5 F2700 ; unretract
G1 X67.5753 Y148.553 E0.0677 F2700 ; glyph
G1 X69.5753 Y148.553 E0.0677 F2700 ; glyph
G1 E-0.5 F2700 ; retract
G0 Z0.6 F3600
G0 X65.5753 Y149.553 F27000
G0 Z0.4 F3600
G1 E0.5 F2700 ; unretract
G1 X65.5753 Y151.553 E0.0677 F2700 ; glyph
G1 X67.5753 Y151.553 E0.0677 F2700 ; glyph
G1 X67.5753 Y149.553 E0.0677 F2700 ; glyph
G1 X69.5753 Y149.553 E0.0677 F2700 ; glyph
G1 X69.5753 Y151.553 E0.0677 F2700 ; glyph
G1 E-0.5 F2700 ; retract
G0 Z0.6 F3600
G0 X72.7781 Y138.553 F27000
G0 Z0.4 F3600
G1 E0.5 F2700 ; unretract
G1 X74.7781 Y138.553 E0.0677 F2700 ; glyph
G1 X76.7781 Y138.553 E0.0677 F2700 ; glyph
G1 X76.7781 Y140.553 E0.0677 F2700 ; glyph
G1 X74.7781 Y140.553 E0.0677 F2700 ; glyph
G1 X72.7781 Y140.553 E0.0677 F2700 ; glyph
G1 X72.7781 Y138.553 E0.0677 F2700 ; glyph
G1 E-0.5 F2700 ; retract
G0 Z0.6 F3600
G0 X76.7781 Y141.553 F27000
G0 Z0.4 F3600
G1 E0.5 F2700 ; unretract
G1 X76.0281 Y141.553 E0.02539 F2700 ; glyph
G1 E-0.5 F2700 ; retract
G0 Z0.6 F3600
G0 X72.7781 Y142.553 F27000
G0 Z0.4 F3600
G1 E0.5 F2700 ; unretract
G1 X74.7781 Y142.553 E0.0677 F2700 ; glyph
G1 X76.7781 Y142.553 E0.0677 F2700 ; glyph
G1 X76.7781 Y144.553 E0.0677 F2700 ; glyph
G1 X74.7781 Y144.553 E0.0677 F2700 ; glyph
G1 X72.7781 Y144.553 E0.0677 F2700 ; glyph
G1 X72.7781 Y142.553 E0.0677 F2700 ; glyph
G1 E-0.5 F2700 ; retract
G0 Z0.6 F3600
G0 X72.7781 Y145.553 F27000
G0 Z0.4 F3600
G1 E0.5 F2700 ; unretract
G1 X72.7781 Y147.553 E0.0677 F2700 ; glyph
G1 X74.7781 Y147.553 E0.0677 F2700 ; glyph
G1 X74.7781 Y145.553 E0.0677 F2700 ; glyph
G1 X76.7781 Y145.553 E0.0677 F2700 ; glyph
G1 X76.7781 Y147.553 E0.0677 F2700 ; glyph
G1 E-0.5 F2700 ; retract
G0 Z0.6 F3600
G0 X72.7781 Y148.553 F27000
G0 Z0.4 F3600
G1 E0.5 F2700 ; unretract
G1 X74.7781 Y148.553 E0.0677 F2700 ; glyph
G1 X76.7781 Y148.553 E0.0677 F2700 ; glyph
G1 E-0.5 F2700 ; retract
G0 Z0.6 F3600
G0 X72.7781 Y151.553 F27000
G0 Z0.4 F3600
G1 E0.5 F2700 ; unretract
G1 X74.7781 Y151.553 E0.0677 F2700 ; glyph
G1 X76.7781 Y151.553 E0.0677 F2700 ; glyph
G0 X74.7781 Y151.553 F27000
G1 X74.7781 Y149.553 E0.0677 F2700 ; glyph
G1 X72.7781 Y149.553 E0.0677 F2700 ; glyph
G1 E-0.5 F2700 ; retract
G0 Z0.6 F3600
G0 X79.9808 Y138.553 F27000
G0 Z0.4 F3600
G1 E0.5 F2700 ; unretract
G1 X81.9808 Y138.553 E0.0677 F2700 ; glyph
G1 X83.9808 Y138.553 E0.0677 F2700 ; glyph
G1 X83.9808 Y140.553 E0.0677 F2700 ; glyph
G1 X81.9808 Y140.553 E0.0677 F2700 ; glyph
G1 X79.9808 Y140.553 E0.0677 F2700 ; glyph
G1 X79.9808 Y138.553 E0.0677 F2700 ; glyph
G1 E-0.5 F2700 ; retract
G0 Z0.6 F3600
G0 X83.9808 Y141.553 F27000
G0 Z0.4 F3600
G1 E0.5 F2700 ; unretract
G1 X83.2308 Y141.553 E0.02539 F2700 ; glyph
G1 E-0.5 F2700 ; retract
G0 Z0.6 F3600
G0 X79.9808 Y142.553 F27000
G0 Z0.4 F3600
G1 E0.5 F2700 ; unretract
G1 X81.9808 Y142.553 E0.0677 F2700 ; glyph
G1 X83.9808 Y142.553 E0.0677 F2700 ; glyph
G1 X83.9808 Y144.553 E0.0677 F2700 ; glyph
G1 X81.9808 Y144.553 E0.0677 F2700 ; glyph
G1 X79.9808 Y144.553 E0.0677 F2700 ; glyph
G1 X79.9808 Y142.553 E0.0677 F2700 ; glyph
G1 E-0.5 F2700 ; retract
G0 Z0.6 F3600
G0 X79.9808 Y145.553 F27000
G0 Z0.4 F3600
G1 E0.5 F2700 ; unretract
G1 X79.9808 Y147.553 E0.0677 F2700 ; glyph
G1 X81.9808 Y147.553 E0.0677 F2700 ; glyph
G1 X81.9808 Y145.553 E0.0677 F2700 ; glyph
G1 X83.9808 Y145.553 E0.0677 F2700 ; glyph
G1 X83.9808 Y147.553 E0.0677 F2700 ; glyph
G1 E-0.5 F2700 ; retract
G0 Z0.6 F3600
G0 X79.9808 Y148.553 F27000
G0 Z0.4 F3600
G1 E0.5 F2700 ; unretract
G1 X81.9808 Y148.553 E0.0677 F2700 ; glyph
G1 X83.9808 Y148.553 E0.0677 F2700 ; glyph
G1 E-0.5 F2700 ; retract
G0 Z0.6 F3600
G0 X79.9808 Y151.553 F27000
G0 Z0.4 F3600
G1 E0.5 F2700 ; unretract
G1 X79.9808 Y149.553 E0.0677 F2700 ; glyph
G1 X81.9808 Y149.553 E0.0677 F2700 ; glyph
G1 X83.9808 Y149.553 E0.0677 F2700 ; glyph
G1 X83.9808 Y151.553 E0.0677 F2700 ; glyph
G1 X81.9808 Y151.553 E0.0677 F2700 ; glyph
G1 X81.9808 Y149.553 E0.0677 F2700 ; glyph
G1 E-0.5 F2700 ; retract
G0 Z0.6 F3600
G0 X87.1836 Y138.553 F27000
G0 Z0.4 F3600
G1 E0.5 F2700 ; unretract
G1 X89.1836 Y138.553 E0.0677 F2700 ; glyph
G1 X91.1836 Y138.553 E0.0677 F2700 ; glyph
G1 X91.1836 Y140.553 E0.0677 F2700 ; glyph
G1 X89.1836 Y140.553 E0.0677 F2700 ; glyph
G1 X87.1836 Y140.553 E0.0677 F2700 ; glyph
G1 X87.1836 Y138.553 E0.0677 F2700 ; glyph
G1 E-0.5 F2700 ; retract
G0 Z0.6 F3600
G0 X91.1836 Y141.553 F27000
G0 Z0.4 F3600
G1 E0.5 F2700 ; unretract
G1 X90.4336 Y141.553 E0.02539 F2700 ; glyph
G1 E-0.5 F2700 ; retract
G0 Z0.6 F3600
G0 X87.1836 Y142.553 F27000
G0 Z0.4 F3600
G1 E0.5 F2700 ; unretract
G1 X89.1836 Y142.553 E0.0677 F2700 ; glyph
G1 X91.1836 Y142.553 E0.0677 F2700 ; glyph
G1 X91.1836 Y144.553 E0.0677 F2700 ; glyph
G1 X89.1836 Y144.553 E0.0677 F2700 ; glyph
G1 X87.1836 Y144.553 E0.0677 F2700 ; glyph
G1 X87.1836 Y142.553 E0.0677 F2700 ; glyph
G1 E-0.5 F2700 ; retract
G0 Z0.6 F3600
G0 X87.1836 Y145.553 F27000
G0 Z0.4 F3600
G1 E0.5 F2700 ; unretract
G1 X87.1836 Y147.553 E0.0677 F2700 ; glyph
G1 X89.1836 Y147.553 E0.0677 F2700 ; glyph
G1 X89.1836 Y145.553 E0.0677 F2700 ; glyph
G1 X91.1836 Y145.553 E0.0677 F2700 ; glyph
G1 X91.1836 Y147.553 E0.0677 F2700 ; glyph
G1 E-0.5 F2700 ; retract
G0 Z0.6 F3600
G0 X87.1836 Y148.553 F27000
G0 Z0.4 F3600
G1 E0.5 F2700 ; unretract
G1 X89.1836 Y148.553 E0.0677 F2700 ; glyph
G1 X91.1836 Y148.553 E0.0677 F2700 ; glyph
G1 E-0.5 F2700 ; retract
G0 Z0.6 F3600
G0 X87.1836 Y149.553 F27000
G0 Z0.4 F3600
G1 E0.5 F2700 ; unretract
G1 X89.1836 Y149.553 E0.0677 F2700 ; glyph
G1 X91.1836 Y149.553 E0.0677 F2700 ; glyph
G1 X91.1836 Y151.553 E0.0677 F2700 ; glyph
G1 X89.1836 Y151.553 E0.0677 F2700 ; glyph
G1 X87.1836 Y151.553 E0.0677 F2700 ; glyph
G1 X87.1836 Y149.553 E0.0677 F2700 ; glyph
G0 X89.1836 Y149.553 F27000
G1 X89.1836 Y151.553 E0.0677 F2700 ; glyph
G1 E-0.5 F2700 ; retract
G0 Z0.6 F3600
G0 X94.3864 Y138.553 F27000
G0 Z0.4 F3600
G1 E0.5 F2700 ; unretract
G1 X96.3864 Y138.553 E0.0677 F2700 ; glyph
G1 X98.3864 Y138.553 E0.0677 F2700 ; glyph
G1 X98.3864 Y140.553 E0.0677 F2700 ; glyph
G1 X96.3864 Y140.553 E0.0677 F2700 ; glyph
G1 X94.3864 Y140.553 E0.0677 F2700 ; glyph
G1 X94.3864 Y138.553 E0.0677 F2700 ; glyph
G1 E-0.5 F2700 ; retract
G0 Z0.6 F3600
G0 X98.3864 Y141.553 F27000
G0 Z0.4 F3600
G1 E0.5 F2700 ; unretract
G1 X97.6364 Y141.553 E0.02539 F2700 ; glyph
G1 E-0.5 F2700 ; retract
G0 Z0.6 F3600
G0 X94.3864 Y142.553 F27000
G0 Z0.4 F3600
G1 E0.5 F2700 ; unretract
G1 X96.3864 Y142.553 E0.0677 F2700 ; glyph
G1 X98.3864 Y142.553 E0.0677 F2700 ; glyph
G1 X98.3864 Y144.553 E0.0677 F2700 ; glyph
G1 X96.3864 Y144.553 E0.0677 F2700 ; glyph
G1 X94.3864 Y144.553 E0.0677 F2700 ; glyph
G1 X94.3864 Y142.553 E0.0677 F2700 ; glyph
G1 E-0.5 F2700 ; retract
G0 Z0.6 F3600
G0 X94.3864 Y145.553 F27000
G0 Z0.4 F3600
G1 E0.5 F2700 ; unretract
G1 X94.3864 Y147.553 E0.0677 F2700 ; glyph
G1 X96.3864 Y147.553 E0.0677 F2700 ; glyph
G1 X96.3864 Y145.553 E0.0677 F2700 ; glyph
G1 X98.3864 Y145.553 E0.0677 F2700 ; glyph
G1 X98.3864 Y147.553 E0.0677 F2700 ; glyph
G1 E-0.5 F2700 ; retract
G0 Z0.6 F3600
G0 X94.3864 Y148.553 F27000
G0 Z0.4 F3600
G1 E0.5 F2700 ; unretract
G1 X94.3864 Y150.553 E0.0677 F2700 ; glyph
G1 X96.3864 Y150.553 E0.0677 F2700 ; glyph
G1 X96.3864 Y148.553 E0.0677 F2700 ; glyph
G1 X98.3864 Y148.553 E0.0677 F2700 ; glyph
G1 X98.3864 Y150.553 E0.0677 F2700 ; glyph
G1 E-0.5 F2700 ; retract
G0 Z0.6 F3600
G0 X101.5892 Y138.553 F27000
G0 Z0.4 F3600
G1 E0.5 F2700 ; unretract
G1 X103.5892 Y138.553 E0.0677 F2700 ; glyph
G1 X105.5892 Y138.553 E0.0677 F2700 ; glyph
G1 X105.5892 Y140.553 E0.0677 F2700 ; glyph
G1 X103.5892 Y140.553 E0.0677 F2700 ; glyph
G1 X101.5892 Y140.553 E0.0677 F2700 ; glyph
G1 X101.5892 Y138.553 E0.0677 F2700 ; glyph
G1 E-0.5 F2700 ; retract
G0 Z0.6 F3600
G0 X105.5892 Y141.553 F27000
G0 Z0.4 F3600
G1 E0.5 F2700 ; unretract
G1 X104.8392 Y141.553 E0.02539 F2700 ; glyph
G1 E-0.5 F2700 ; retract
G0 Z0.6 F3600
G0 X101.5892 Y142.553 F27000
G0 Z0.4 F3600
G1 E0.5 F2700 ; unretract
G1 X103.5892 Y142.553 E0.0677 F2700 ; glyph
G1 X105.5892 Y142.553 E0.0677 F2700 ; glyph
G1 X105.5892 Y144.553 E0.0677 F2700 ; glyph
G1 X103.5892 Y144.553 E0.0677 F2700 ; glyph
G1 X101.5892 Y144.553 E0.0677 F2700 ; glyph
G1 X101.5892 Y142.553 E0.0677 F2700 ; glyph
G1 E-0.5 F2700 ; retract
G0 Z0.6 F3600
G0 X101.5892 Y145.553 F27000
G0 Z0.4 F3600
G1 E0.5 F2700 ; unretract
G1 X101.5892 Y147.553 E0.0677 F2700 ; glyph
G1 X103.5892 Y147.553 E0.0677 F2700 ; glyph
G1 X103.5892 Y145.553 E0.0677 F2700 ; glyph
G1 X105.5892 Y145.553 E0.0677 F2700 ; glyph
G1 X105.5892 Y147.553 E0.0677 F2700 ; glyph
G1 E-0.5 F2700 ; retract
G0 Z0.6 F3600
G0 X101.5892 Y148.553 F27000
G0 Z0.4 F3600
G1 E0.5 F2700 ; unretract
G1 X101.5892 Y150.553 E0.0677 F2700 ; glyph
G1 X103.5892 Y150.553 E0.0677 F2700 ; glyph
G1 X103.5892 Y148.553 E0.0677 F2700 ; glyph
G1 X105.5892 Y148.553 E0.0677 F2700 ; glyph
G1 X105.5892 Y150.553 E0.0677 F2700 ; glyph
G1 E-0.5 F2700 ; retract
G0 Z0.6 F3600
G0 X101.5892 Y151.553 F27000
G0 Z0.4 F3600
G1 E0.5 F2700 ; unretract
G1 X101.5892 Y153.553 E0.0677 F2700 ; glyph
G1 X103.5892 Y153.553 E0.0677 F2700 ; glyph
G1 X103.5892 Y151.553 E0.0677 F2700 ; glyph
G1 X105.5892 Y151.553 E0.0677 F2700 ; glyph
G1 X105.5892 Y153.553 E0.0677 F2700 ; glyph
G1 E-0.5 F2700 ; retract
G0 Z0.6 F3600
G0 X108.792 Y138.553 F27000
G0 Z0.4 F3600
G1 E0.5 F2700 ; unretract
G1 X110.792 Y138.553 E0.0677 F2700 ; glyph
G1 X112.792 Y138.553 E0.0677 F2700 ; glyph
G1 X112.792 Y140.553 E0.0677 F2700 ; glyph
G1 X110.792 Y140.553 E0.0677 F2700 ; glyph
G1 X108.792 Y140.553 E0.0677 F2700 ; glyph
G1 X108.792 Y138.553 E0.0677 F2700 ; glyph
G1 E-0.5 F2700 ; retract
G0 Z0.6 F3600
G0 X112.792 Y141.553 F27000
G0 Z0.4 F3600
G1 E0.5 F2700 ; unretract
G1 X112.042 Y141.553 E0.02539 F2700 ; glyph
G1 E-0.5 F2700 ; retract
G0 Z0.6 F3600
G0 X108.792 Y142.553 F27000
G0 Z0.4 F3600
G1 E0.5 F2700 ; unretract
G1 X110.792 Y142.553 E0.0677 F2700 ; glyph
G1 X112.792 Y142.553 E0.0677 F2700 ; glyph
G1 X112.792 Y144.553 E0.0677 F2700 ; glyph
G1 X110.792 Y144.553 E0.0677 F2700 ; glyph
G1 X108.792 Y144.553 E0.0677 F2700 ; glyph
G1 X108.792 Y142.553 E0.0677 F2700 ; glyph
G1 E-0.5 F2700 ; retract
G0 Z0.6 F3600
G0 X108.792 Y145.553 F27000
G0 Z0.4 F3600
G1 E0.5 F2700 ; unretract
G1 X108.792 Y147.553 E0.0677 F2700 ; glyph
G1 X110.792 Y147.553 E0.0677 F2700 ; glyph
G1 X110.792 Y145.553 E0.0677 F2700 ; glyph
G1 X112.792 Y145.553 E0.0677 F2700 ; glyph
G1 X112.792 Y147.553 E0.0677 F2700 ; glyph
G1 E-0.5 F2700 ; retract
G0 Z0.6 F3600
G0 X108.792 Y148.553 F27000
G0 Z0.4 F3600
G1 E0.5 F2700 ; unretract
G1 X108.792 Y150.553 E0.0677 F2700 ; glyph
G1 X110.792 Y150.553 E0.0677 F2700 ; glyph
G1 X110.792 Y148.553 E0.0677 F2700 ; glyph
G1 X112.792 Y148.553 E0.0677 F2700 ; glyph
G1 X112.792 Y150.553 E0.0677 F2700 ; glyph
G1 E-0.5 F2700 ; retract
G0 Z0.6 F3600
G0 X108.792 Y153.553 F27000
G0 Z0.4 F3600
G1 E0.5 F2700 ; unretract
G1 X110.792 Y153.553 E0.0677 F2700 ; glyph
G1 X112.792 Y153.553 E0.0677 F2700 ; glyph
G0 X110.792 Y153.553 F27000
G1 X110.792 Y151.553 E0.0677 F2700 ; glyph
G1 X108.792 Y151.553 E0.0677 F2700 ; glyph
G1 E-0.5 F2700 ; retract
G0 Z0.6 F3600
G0 X115.9948 Y138.553 F27000
G0 Z0.4 F3600
G1 E0.5 F2700 ; unretract
G1 X117.9948 Y138.553 E0.0677 F2700 ; glyph
G1 X119.9948 Y138.553 E0.0677 F2700 ; glyph
G1 X119.9948 Y140.553 E0.0677 F2700 ; glyph
G1 X117.9948 Y140.553 E0.0677 F2700 ; glyph
G1 X115.9948 Y140.553 E0.0677 F2700 ; glyph
G1 X115.9948 Y138.553 E0.0677 F2700 ; glyph
G1 E-0.5 F2700 ; retract
G0 Z0.6 F3600
G0 X119.9948 Y141.553 F27000
G0 Z0.4 F3600
G1 E0.5 F2700 ; unretract
G1 X119.2448 Y141.553 E0.02539 F2700 ; glyph
G1 E-0.5 F2700 ; retract
G0 Z0.6 F3600
G0 X115.9948 Y142.553 F27000
G0 Z0.4 F3600
G1 E0.5 F2700 ; unretract
G1 X117.9948 Y142.553 E0.0677 F2700 ; glyph
G1 X119.9948 Y142.553 E0.0677 F2700 ; glyph
G1 X119.9948 Y144.553 E0.0677 F2700 ; glyph
G1 X117.9948 Y144.553 E0.0677 F2700 ; glyph
G1 X115.9948 Y144.553 E0.0677 F2700 ; glyph
G1 X115.9948 Y142.553 E0.0677 F2700 ; glyph
G1 E-0.5 F2700 ; retract
G0 Z0.6 F3600
G0 X115.9948 Y145.553 F27000
G0 Z0.4 F3600
G1 E0.5 F2700 ; unretract
G1 X115.9948 Y147.553 E0.0677 F2700 ; glyph
G1 X117.9948 Y147.553 E0.0677 F2700 ; glyph
G1 X117.9948 Y145.553 E0.0677 F2700 ; glyph
G1 X119.9948 Y145.553 E0.0677 F2700 ; glyph
G1 X119.9948 Y147.553 E0.0677 F2700 ; glyph
G1 E-0.5 F2700 ; retract
G0 Z0.6 F3600
G0 X115.9948 Y148.553 F27000
G0 Z0.4 F3600
G1 E0.5 F2700 ; unretract
G1 X115.9948 Y150.553 E0.0677 F2700 ; glyph
G1 X117.9948 Y150.553 E0.0677 F2700 ; glyph
G1 X117.9948 Y148.553 E0.0677 F2700 ; glyph
G1 X119.9948 Y148.553 E0.0677 F2700 ; glyph
G1 X119.9948 Y150.553 E0.0677 F2700 ; glyph
G1 E-0.5 F2700 ; retract
G0 Z0.6 F3600
G0 X115.9948 Y153.553 F27000
G0 Z0.4 F3600
G1 E0.5 F2700 ; unretract
G1 X115.9948 Y151.553 E0.0677 F2700 ; glyph
G1 X117.9948 Y151.553 E0.0677 F2700 ; glyph
G1 X119.9948 Y151.553 E0.0677 F2700 ; glyph
G1 X119.9948 Y153.553 E0.0677 F2700 ; glyph
G1 X117.9948 Y153.553 E0.0677 F2700 ; glyph
G1 X117.9948 Y151.553 E0.0677 F2700 ; glyph
G1 E-0.5 F2700 ; retract
G0 Z0.6 F3600
G0 X123.1976 Y138.553 F27000
G0 Z0.4 F3600
G1 E0.5 F2700 ; unretract
G1 X125.1976 Y138.553 E0.0677 F2700 ; glyph
G1 X127.1976 Y138.553 E0.0677 F2700 ; glyph
G1 X127.1976 Y140.553 E0.0677 F2700 ; glyph
G1 X125.1976 Y140.553 E0.0677 F2700 ; glyph
G1 X123.1976 Y140.553 E0.0677 F2700 ; glyph
G1 X123.1976 Y138.553 E0.0677 F2700 ; glyph
G1 E-0.5 F2700 ; retract
G0 Z0.6 F3600
G0 X127.1976 Y141.553 F27000
G0 Z0.4 F3600
G1 E0.5 F2700 ; unretract
G1 X126.4476 Y141.553 E0.02539 F2700 ; glyph
G1 E-0.5 F2700 ; retract
G0 Z0.6 F3600
G0 X123.1976 Y142.553 F27000
G0 Z0.4 F3600
G1 E0.5 F2700 ; unretract
G1 X125.1976 Y142.553 E0.0677 F2700 ; glyph
G1 X127.1976 Y142.553 E0.0677 F2700 ; glyph
G1 X127.1976 Y144.553 E0.0677 F2700 ; glyph
G1 X125.1976 Y144.553 E0.0677 F2700 ; glyph
G1 X123.1976 Y144.553 E0.0677 F2700 ; glyph
G1 X123.1976 Y142.553 E0.0677 F2700 ; glyph
G1 E-0.5 F2700 ; retract
G0 Z0.6 F3600
G0 X123.1976 Y145.553 F27000
G0 Z0.4 F3600
G1 E0.5 F2700 ; unretract
G1 X123.1976 Y147.553 E0.0677 F2700 ; glyph
G1 X125.1976 Y147.553 E0.0677 F2700 ; glyph
G1 X125.1976 Y145.553 E0.0677 F2700 ; glyph
G1 X127.1976 Y145.553 E0.0677 F2700 ; glyph
G1 X127.1976 Y147.553 E0.0677 F2700 ; glyph
G1 E-0.5 F2700 ; retract
G0 Z0.6 F3600
G0 X123.1976 Y148.553 F27000
G0 Z0.4 F3600
G1 E0.5 F2700 ; unretract
G1 X123.1976 Y150.553 E0.0677 F2700 ; glyph
G1 X125.1976 Y150.553 E0.0677 F2700 ; glyph
G1 X125.1976 Y148.553 E0.0677 F2700 ; glyph
G1 X127.1976 Y148.553 E0.0677 F2700 ; glyph
G1 X127.1976 Y150.553 E0.0677 F2700 ; glyph
G1 E-0.5 F2700 ; retract
G0 Z0.6 F3600
G0 X123.1976 Y151.553 F27000
G0 Z0.4 F3600
G1 E0.5 F2700 ; unretract
G1 X125.1976 Y151.553 E0.0677 F2700 ; glyph
G1 X127.1976 Y151.553 E0.0677 F2700 ; glyph
G1 X127.1976 Y153.553 E0.0677 F2700 ; glyph
G1 X125.1976 Y153.553 E0.0677 F2700 ; glyph
G1 X123.1976 Y153.553 E0.0677 F2700 ; glyph
G1 X123.1976 Y151.553 E0.0677 F2700 ; glyph
G0 X125.1976 Y151.553 F27000
G1 X125.1976 Y153.553 E0.0677 F2700 ; glyph
G1 E-0.5 F2700 ; retract
G0 Z0.6 F3600
G0 X130.4004 Y138.553 F27000
G0 Z0.4 F3600
G1 E0.5 F2700 ; unretract
G1 X132.4004 Y138.553 E0.0677 F2700 ; glyph
G1 X134.4004 Y138.553 E0.0677 F2700 ; glyph
G1 X134.4004 Y140.553 E0.0677 F2700 ; glyph
G1 X132.4004 Y140.553 E0.0677 F2700 ; glyph
G1 X130.4004 Y140.553 E0.0677 F2700 ; glyph
G1 X130.4004 Y138.553 E0.0677 F2700 ; glyph
G1 E-0.5 F2700 ; retract
G0 Z0.6 F3600
G0 X134.4004 Y141.553 F27000
G0 Z0.4 F3600
G1 E0.5 F2700 ; unretract
G1 X133.6504 Y141.553 E0.02539 F2700 ; glyph
G1 E-0.5 F2700 ; retract
G0 Z0.6 F3600
G0 X130.4004 Y142.553 F27000
G0 Z0.4 F3600
G1 E0.5 F2700 ; unretract
G1 X132.4004 Y142.553 E0.0677 F2700 ; glyph
G1 X134.4004 Y142.553 E0.0677 F2700 ; glyph
G1 X134.4004 Y144.553 E0.0677 F2700 ; glyph
G1 X132.4004 Y144.553 E0.0677 F2700 ; glyph
G1 X130.4004 Y144.553 E0.0677 F2700 ; glyph
G1 X130.4004 Y142.553 E0.0677 F2700 ; glyph
G1 E-0.5 F2700 ; retract
G0 Z0.6 F3600
G0 X130.4004 Y145.553 F27000
G0 Z0.4 F3600
G1 E0.5 F2700 ; unretract
G1 X130.4004 Y147.553 E0.0677 F2700 ; glyph
G1 X132.4004 Y147.553 E0.0677 F2700 ; glyph
G1 X132.4004 Y145.553 E0.0677 F2700 ; glyph
G1 X134.4004 Y145.553 E0.0677 F2700 ; glyph
G1 X134.4004 Y147.553 E0.0677 F2700 ; glyph
G1 E-0.5 F2700 ; retract
G0 Z0.6 F3600
G0 X130.4004 Y148.553 F27000
G0 Z0.4 F3600
G1 E0.5 F2700 ; unretract
G1 X130.4004 Y150.553 E0.0677 F2700 ; glyph
G1 X132.4004 Y150.553 E0.0677 F2700 ; glyph
G1 X132.4004 Y148.553 E0.0677 F2700 ; glyph
G0 X132.4004 Y150.553 F27000
G1 X134.4004 Y150.553 E0.0677 F2700 ; glyph
G1 X134.4004 Y148.553 E0.0677 F2700 ; glyph
G1 E-0.5 F2700 ; retract
G0 Z0.6 F3600
G0 X137.6032 Y138.553 F27000
G0 Z0.4 F3600
G1 E0.5 F2700 ; unretract
G1 X139.6032 Y138.553 E0.0677 F2700 ; glyph
G1 X141.6032 Y138.553 E0.0677 F2700 ; glyph
G1 X141.6032 Y140.553 E0.0677 F2700 ; glyph
G1 X139.6032 Y140.553 E0.0677 F2700 ; glyph
G1 X137.6032 Y140.553 E0.0677 F2700 ; glyph
G1 X137.6032 Y138.553 E0.0677 F2700 ; glyph
G1 E-0.5 F2700 ; retract
G0 Z0.6 F3600
G0 X141.6032 Y141.553 F27000
G0 Z0.4 F3600
G1 E0.5 F2700 ; unretract
G1 X140.8532 Y141.553 E0.02539 F2700 ; glyph
G1 E-0.5 F2700 ; retract
G0 Z0.6 F3600
G0 X137.6032 Y142.553 F27000
G0 Z0.4 F3600
G1 E0.5 F2700 ; unretract
G1 X139.6032 Y142.553 E0.0677 F2700 ; glyph
G1 X141.6032 Y142.553 E0.0677 F2700 ; glyph
G1 X141.6032 Y144.553 E0.0677 F2700 ; glyph
G1 X139.6032 Y144.553 E0.0677 F2700 ; glyph
G1 X137.6032 Y144.553 E0.0677 F2700 ; glyph
G1 X137.6032 Y142.553 E0.0677 F2700 ; glyph
G1 E-0.5 F2700 ; retract
G0 Z0.6 F3600
G0 X137.6032 Y145.553 F27000
G0 Z0.4 F3600
G1 E0.5 F2700 ; unretract
G1 X137.6032 Y147.553 E0.0677 F2700 ; glyph
G1 X139.6032 Y147.553 E0.0677 F2700 ; glyph
G1 X139.6032 Y145.553 E0.0677 F2700 ; glyph
G1 X141.6032 Y145.553 E0.0677 F2700 ; glyph
G1 X141.6032 Y147.553 E0.0677 F2700 ; glyph
G1 E-0.5 F2700 ; retract
G0 Z0.6 F3600
G0 X137.6032 Y148.553 F27000
G0 Z0.4 F3600
G1 E0.5 F2700 ; unretract
G1 X137.6032 Y150.553 E0.0677 F2700 ; glyph
G1 X139.6032 Y150.553 E0.0677 F2700 ; glyph
G1 X139.6032 Y148.553 E0.0677 F2700 ; glyph
G0 X139.6032 Y150.553 F27000
G1 X141.6032 Y150.553 E0.0677 F2700 ; glyph
G1 X141.6032 Y148.553 E0.0677 F2700 ; glyph
G1 E-0.5 F2700 ; retract
G0 Z0.6 F3600
G0 X137.6032 Y151.553 F27000
G0 Z0.4 F3600
G1 E0.5 F2700 ; unretract
G1 X137.6032 Y153.553 E0.0677 F2700 ; glyph
G1 X139.6032 Y153.553 E0.0677 F2700 ; glyph
G1 X139.6032 Y151.553 E0.0677 F2700 ; glyph
G1 X141.6032 Y151.553 E0.0677 F2700 ; glyph
G1 X141.6032 Y153.553 E0.0677 F2700 ; glyph
G1 E-0.5 F2700 ; retract
G0 Z0.6 F3600
G0 X144.806 Y138.553 F27000
G0 Z0.4 F3600
G1 E0.5 F2700 ; unretract
G1 X146.806 Y138.553 E0.0677 F2700 ; glyph
G1 X148.806 Y138.553 E0.0677 F2700 ; glyph
G1 X148.806 Y140.553 E0.0677 F2700 ; glyph
G1 X146.806 Y140.553 E0.0677 F2700 ; glyph
G1 X144.806 Y140.553 E0.0677 F2700 ; glyph
G1 X144.806 Y138.553 E0.0677 F2700 ; glyph
G1 E-0.5 F2700 ; retract
G0 Z0.6 F3600
G0 X148.806 Y141.553 F27000
G0 Z0.4 F3600
G1 E0.5 F2700 ; unretract
G1 X148.056 Y141.553 E0.02539 F2700 ; glyph
G1 E-0.5 F2700 ; retract
G0 Z0.6 F3600
G0 X144.806 Y142.553 F27000
G0 Z0.4 F3600
G1 E0.5 F2700 ; unretract
G1 X146.806 Y142.553 E0.0677 F2700 ; glyph
G1 X148.806 Y142.553 E0.0677 F2700 ; glyph
G1 X148.806 Y144.553 E0.0677 F2700 ; glyph
G1 X146.806 Y144.553 E0.0677 F2700 ; glyph
G1 X144.806 Y144.553 E0.0677 F2700 ; glyph
G1 X144.806 Y142.553 E0.0677 F2700 ; glyph
G1 E-0.5 F2700 ; retract
G0 Z0.6 F3600
G0 X144.806 Y145.553 F27000
G0 Z0.4 F3600
G1 E0.5 F2700 ; unretract
G1 X144.806 Y147.553 E0.0677 F2700 ; glyph
G1 X146.806 Y147.553 E0.0677 F2700 ; glyph
G1 X146.806 Y145.553 E0.0677 F2700 ; glyph
G1 X148.806 Y145.553 E0.0677 F2700 ; glyph
G1 X148.806 Y147.553 E0.0677 F2700 ; glyph
G1 E-0.5 F2700 ; retract
G0 Z0.6 F3600
G0 X144.806 Y148.553 F27000
G0 Z0.4 F3600
G1 E0.5 F2700 ; unretract
G1 X144.806 Y150.553 E0.0677 F2700 ; glyph
G1 X146.806 Y150.553 E0.0677 F2700 ; glyph
G1 X146.806 Y148.553 E0.0677 F2700 ; glyph
G0 X146.806 Y150.553 F27000
G1 X148.806 Y150.553 E0.0677 F2700 ; glyph
G1 X148.806 Y148.553 E0.0677 F2700 ; glyph
G1 E-0.5 F2700 ; retract
G0 Z0.6 F3600
G0 X144.806 Y153.553 F27000
G0 Z0.4 F3600
G1 E0.5 F2700 ; unretract
G1 X146.806 Y153.553 E0.0677 F2700 ; glyph
G1 X148.806 Y153.553 E0.0677 F2700 ; glyph
G0 X146.806 Y153.553 F27000
G1 X146.806 Y151.553 E0.0677 F2700 ; glyph
G1 X144.806 Y151.553 E0.0677 F2700 ; glyph
G1 E-0.5 F2700 ; retract
G0 Z0.6 F3600
G0 X152.0087 Y138.553 F27000
G0 Z0.4 F3600
G1 E0.5 F2700 ; unretract
G1 X154.0087 Y138.553 E0.0677 F2700 ; glyph
G1 X156.0087 Y138.553 E0.0677 F2700 ; glyph
G1 X156.0087 Y140.553 E0.0677 F2700 ; glyph
G1 X154.0087 Y140.553 E0.0677 F2700 ; glyph
G1 X152.0087 Y140.553 E0.0677 F2700 ; glyph
G1 X152.0087 Y138.553 E0.0677 F2700 ; glyph
G1 E-0.5 F2700 ; retract
G0 Z0.6 F3600
G0 X156.0087 Y141.553 F27000
G0 Z0.4 F3600
G1 E0.5 F2700 ; unretract
G1 X155.2587 Y141.553 E0.02539 F2700 ; glyph
G1 E-0.5 F2700 ; retract
G0 Z0.6 F3600
G0 X152.0087 Y142.553 F27000
G0 Z0.4 F3600
G1 E0.5 F2700 ; unretract
G1 X154.0087 Y142.553 E0.0677 F2700 ; glyph
G1 X156.0087 Y142.553 E0.0677 F2700 ; glyph
G1 X156.0087 Y144.553 E0.0677 F2700 ; glyph
G1 X154.0087 Y144.553 E0.0677 F2700 ; glyph
G1 X152.0087 Y144.553 E0.0677 F2700 ; glyph
G1 X152.0087 Y142.553 E0.0677 F2700 ; glyph
G1 E-0.5 F2700 ; retract
G0 Z0.6 F3600
G0 X152.0087 Y145.553 F27000
G0 Z0.4 F3600
G1 E0.5 F2700 ; unretract
G1 X152.0087 Y147.553 E0.0677 F2700 ; glyph
G1 X154.0087 Y147.553 E0.0677 F2700 ; glyph
G1 X154.0087 Y145.553 E0.0677 F2700 ; glyph
G1 X156.0087 Y145.553 E0.0677 F2700 ; glyph
G1 X156.0087 Y147.553 E0.0677 F2700 ; glyph
G1 E-0.5 F2700 ; retract
G0 Z0.6 F3600
G0 X152.0087 Y148.553 F27000
G0 Z0.4 F3600
G1 E0.5 F2700 ; unretract
G1 X152.0087 Y150.553 E0.0677 F2700 ; glyph
G1 X154.0087 Y150.553 E0.0677 F2700 ; glyph
G1 X154.0087 Y148.553 E0.0677 F2700 ; glyph
G0 X154.0087 Y150.553 F27000
G1 X156.0087 Y150.553 E0.0677 F2700 ; glyph
G1 X156.0087 Y148.553 E0.0677 F2700 ; glyph
G1 E-0.5 F2700 ; retract
G0 Z0.6 F3600
G0 X152.0087 Y153.553 F27000
G0 Z0.4 F3600
G1 E0.5 F2700 ; unretract
G1 X152.0087 Y151.553 E0.0677 F2700 ; glyph
G1 X154.0087 Y151.553 E0.0677 F2700 ; glyph
G1 X156.0087 Y151.553 E0.0677 F2700 ; glyph
G1 X156.0087 Y153.553 E0.0677 F2700 ; glyph
G1 X154.0087 Y153.553 E0.0677 F2700 ; glyph
G1 X154.0087 Y151.553 E0.0677 F2700 ; glyph
G1 E-0.5 F2700 ; retract
G0 Z0.6 F3600
G0 X159.2115 Y138.553 F27000
G0 Z0.4 F3600
G1 E0.5 F2700 ; unretract
G1 X161.2115 Y138.553 E0.0677 F2700 ; glyph
G1 X163.2115 Y138.553 E0.0677 F2700 ; glyph
G1 X163.2115 Y140.553 E0.0677 F2700 ; glyph
G1 X161.2115 Y140.553 E0.0677 F2700 ; glyph
G1 X159.2115 Y140.553 E0.0677 F2700 ; glyph
G1 X159.2115 Y138.553 E0.0677 F2700 ; glyph
G1 E-0.5 F2700 ; retract
G0 Z0.6 F3600
G0 X163.2115 Y141.553 F27000
G0 Z0.4 F3600
G1 E0.5 F2700 ; unretract
G1 X162.4615 Y141.553 E0.02539 F2700 ; glyph
G1 E-0.5 F2700 ; retract
G0 Z0.6 F3600
G0 X159.2115 Y142.553 F27000
G0 Z0.4 F3600
G1 E0.5 F2700 ; unretract
G1 X161.2115 Y142.553 E0.0677 F2700 ; glyph
G1 X163.2115 Y142.553 E0.0677 F2700 ; glyph
G1 X163.2115 Y144.553 E0.0677 F2700 ; glyph
G1 X161.2115 Y144.553 E0.0677 F2700 ; glyph
G1 X159.2115 Y144.553 E0.0677 F2700 ; glyph
G1 X159.2115 Y142.553 E0.0677 F2700 ; glyph
G1 E-0.5 F2700 ; retract
G0 Z0.6 F3600
G0 X159.2115 Y145.553 F27000
G0 Z0.4 F3600
G1 E0.5 F2700 ; unretract
G1 X159.2115 Y147.553 E0.0677 F2700 ; glyph
G1 X161.2115 Y147.553 E0.0677 F2700 ; glyph
G1 X161.2115 Y145.553 E0.0677 F2700 ; glyph
G1 X163.2115 Y145.553 E0.0677 F2700 ; glyph
G1 X163.2115 Y147.553 E0.0677 F2700 ; glyph
G1 E-0.5 F2700 ; retract
G0 Z0.6 F3600
G0 X159.2115 Y148.553 F27000
G0 Z0.4 F3600
G1 E0.5 F2700 ; unretract
G1 X159.2115 Y150.553 E0.0677 F2700 ; glyph
G1 X161.2115 Y150.553 E0.0677 F2700 ; glyph
G1 X161.2115 Y148.553 E0.0677 F2700 ; glyph
G0 X161.2115 Y150.553 F27000
G1 X163.2115 Y150.553 E0.0677 F2700 ; glyph
G1 X163.2115 Y148.553 E0.0677 F2700 ; glyph
G1 E-0.5 F2700 ; retract
G0 Z0.6 F3600
G0 X159.2115 Y151.553 F27000
G0 Z0.4 F3600
G1 E0.5 F2700 ; unretract
G1 X161.2115 Y151.553 E0.0677 F2700 ; glyph
G1 X163.2115 Y151.553 E0.0677 F2700 ; glyph
G1 X163.2115 Y153.553 E0.0677 F2700 ; glyph
G1 X161.2115 Y153.553 E0.0677 F2700 ; glyph
G1 X159.2115 Y153.553 E0.0677 F2700 ; glyph
G1 X159.2115 Y151.553 E0.0677 F2700 ; glyph
G0 X161.2115 Y151.553 F27000
G1 X161.2115 Y153.553 E0.0677 F2700 ; glyph
G1 E-0.5 F2700 ; retract
G0 Z0.6 F3600
G0 X166.4143 Y138.553 F27000
G0 Z0.4 F3600
G1 E0.5 F2700 ; unretract
G1 X168.4143 Y138.553 E0.0677 F2700 ; glyph
G1 X170.4143 Y138.553 E0.0677 F2700 ; glyph
G1 X170.4143 Y140.553 E0.0677 F2700 ; glyph
G1 X168.4143 Y140.553 E0.0677 F2700 ; glyph
G1 X166.4143 Y140.553 E0.0677 F2700 ; glyph
G1 X166.4143 Y138.553 E0.0677 F2700 ; glyph
G1 E-0.5 F2700 ; retract
G0 Z0.6 F3600
G0 X170.4143 Y141.553 F27000
G0 Z0.4 F3600
G1 E0.5 F2700 ; unretract
G1 X169.6643 Y141.553 E0.02539 F2700 ; glyph
G1 E-0.5 F2700 ; retract
G0 Z0.6 F3600
G0 X166.4143 Y142.553 F27000
G0 Z0.4 F3600
G1 E0.5 F2700 ; unretract
G1 X168.4143 Y142.553 E0.0677 F2700 ; glyph
G1 X170.4143 Y142.553 E0.0677 F2700 ; glyph
G1 X170.4143 Y144.553 E0.0677 F2700 ; glyph
G1 X168.4143 Y144.553 E0.0677 F2700 ; glyph
G1 X166.4143 Y144.553 E0.0677 F2700 ; glyph
G1 X166.4143 Y142.553 E0.0677 F2700 ; glyph
G1 E-0.5 F2700 ; retract
G0 Z0.6 F3600
G0 X166.4143 Y145.553 F27000
G0 Z0.4 F3600
G1 E0.5 F2700 ; unretract
G1 X166.4143 Y147.553 E0.0677 F2700 ; glyph
G1 X168.4143 Y147.553 E0.0677 F2700 ; glyph
G1 X168.4143 Y145.553 E0.0677 F2700 ; glyph
G1 X170.4143 Y145.553 E0.0677 F2700 ; glyph
G1 X170.4143 Y147.553 E0.0677 F2700 ; glyph
G1 E-0.5 F2700 ; retract
G0 Z0.6 F3600
G0 X166.4143 Y150.553 F27000
G0 Z0.4 F3600
G1 E0.5 F2700 ; unretract
G1 X168.4143 Y150.553 E0.0677 F2700 ; glyph
G1 X170.4143 Y150.553 E0.0677 F2700 ; glyph
G0 X168.4143 Y150.553 F27000
G1 X168.4143 Y148.553 E0.0677 F2700 ; glyph
G1 X166.4143 Y148.553 E0.0677 F2700 ; glyph
G1 E-0.5 F2700 ; retract
G0 Z0.6 F3600
G0 X173.6171 Y138.553 F27000
G0 Z0.4 F3600
G1 E0.5 F2700 ; unretract
G1 X175.6171 Y138.553 E0.0677 F2700 ; glyph
G1 X177.6171 Y138.553 E0.0677 F2700 ; glyph
G1 X177.6171 Y140.553 E0.0677 F2700 ; glyph
G1 X175.6171 Y140.553 E0.0677 F2700 ; glyph
G1 X173.6171 Y140.553 E0.0677 F2700 ; glyph
G1 X173.6171 Y138.553 E0.0677 F2700 ; glyph
G1 E-0.5 F2700 ; retract
G0 Z0.6 F3600
G0 X177.6171 Y141.553 F27000
G0 Z0.4 F3600
G1 E0.5 F2700 ; unretract
G1 X176.8671 Y141.553 E0.02539 F2700 ; glyph
G1 E-0.5 F2700 ; retract
G0 Z0.6 F3600
G0 X173.6171 Y142.553 F27000
G0 Z0.4 F3600
G1 E0.5 F2700 ; unretract
G1 X175.6171 Y142.553 E0.0677 F2700 ; glyph
G1 X177.6171 Y142.553 E0.0677 F2700 ; glyph
G1 X177.6171 Y144.553 E0.0677 F2700 ; glyph
G1 X175.6171 Y144.553 E0.0677 F2700 ; glyph
G1 X173.6171 Y144.553 E0.0677 F2700 ; glyph
G1 X173.6171 Y142.553 E0.0677 F2700 ; glyph
G1 E-0.5 F2700 ; retract
G0 Z0.6 F3600
G0 X173.6171 Y145.553 F27000
G0 Z0.4 F3600
G1 E0.5 F2700 ; unretract
G1 X173.6171 Y147.553 E0.0677 F2700 ; glyph
G1 X175.6171 Y147.553 E0.0677 F2700 ; glyph
G1 X175.6171 Y145.553 E0.0677 F2700 ; glyph
G1 X177.6171 Y145.553 E0.0677 F2700 ; glyph
G1 X177.6171 Y147.553 E0.0677 F2700 ; glyph
G1 E-0.5 F2700 ; retract
G0 Z0.6 F3600
G0 X173.6171 Y150.553 F27000
G0 Z0.4 F3600
G1 E0.5 F2700 ; unretract
G1 X175.6171 Y150.553 E0.0677 F2700 ; glyph
G1 X177.6171 Y150.553 E0.0677 F2700 ; glyph
G0 X175.6171 Y150.553 F27000
G1 X175.6171 Y148.553 E0.0677 F2700 ; glyph
G1 X173.6171 Y148.553 E0.0677 F2700 ; glyph
G1 E-0.5 F2700 ; retract
G0 Z0.6 F3600
G0 X173.6171 Y151.553 F27000
G0 Z0.4 F3600
G1 E0.5 F2700 ; unretract
G1 X173.6171 Y153.553 E0.0677 F2700 ; glyph
G1 X175.6171 Y153.553 E0.0677 F2700 ; glyph
G1 X175.6171 Y151.553 E0.0677 F2700 ; glyph
G1 X177.6171 Y151.553 E0.0677 F2700 ; glyph
G1 X177.6171 Y153.553 E0.0677 F2700 ; glyph
G1 E-0.5 F2700 ; retract
G0 Z0.6 F3600
G0 X180.8199 Y138.553 F27000
G0 Z0.4 F3600
G1 E0.5 F2700 ; unretract
G1 X182.8199 Y138.553 E0.0677 F2700 ; glyph
G1 X184.8199 Y138.553 E0.0677 F2700 ; glyph
G1 X184.8199 Y140.553 E0.0677 F2700 ; glyph
G1 X182.8199 Y140.553 E0.0677 F2700 ; glyph
G1 X180.8199 Y140.553 E0.0677 F2700 ; glyph
G1 X180.8199 Y138.553 E0.0677 F2700 ; glyph
G1 E-0.5 F2700 ; retract
G0 Z0.6 F3600
G0 X184.8199 Y141.553 F27000
G0 Z0.4 F3600
G1 E0.5 F2700 ; unretract
G1 X184.0699 Y141.553 E0.02539 F2700 ; glyph
G1 E-0.5 F2700 ; retract
G0 Z0.6 F3600
G0 X180.8199 Y142.553 F27000
G0 Z0.4 F3600
G1 E0.5 F2700 ; unretract
G1 X182.8199 Y142.553 E0.0677 F2700 ; glyph
G1 X184.8199 Y142.553 E0.0677 F2700 ; glyph
G1 X184.8199 Y144.553 E0.0677 F2700 ; glyph
G1 X182.8199 Y144.553 E0.0677 F2700 ; glyph
G1 X180.8199 Y144.553 E0.0677 F2700 ; glyph
G1 X180.8199 Y142.553 E0.0677 F2700 ; glyph
G1 E-0.5 F2700 ; retract
G0 Z0.6 F3600
G0 X180.8199 Y145.553 F27000
G0 Z0.4 F3600
G1 E0.5 F2700 ; unretract
G1 X180.8199 Y147.553 E0.0677 F2700 ; glyph
G1 X182.8199 Y147.553 E0.0677 F2700 ; glyph
G1 X182.8199 Y145.553 E0.0677 F2700 ; glyph
G1 X184.8199 Y145.553 E0.0677 F2700 ; glyph
G1 X184.8199 Y147.553 E0.0677 F2700 ; glyph
G1 E-0.5 F2700 ; retract
G0 Z0.6 F3600
G0 X180.8199 Y150.553 F27000
G0 Z0.4 F3600
G1 E0.5 F2700 ; unretract
G1 X182.8199 Y150.553 E0.0677 F2700 ; glyph
G1 X184.8199 Y150.553 E0.0677 F2700 ; glyph
G0 X182.8199 Y150.553 F27000
G1 X182.8199 Y148.553 E0.0677 F2700 ; glyph
G1 X180.8199 Y148.553 E0.0677 F2700 ; glyph
G1 E-0.5 F2700 ; retract
G0 Z0.6 F3600
G0 X180.8199 Y153.553 F27000
G0 Z0.4 F3600
G1 E0.5 F2700 ; unretract
G1 X182.8199 Y153.553 E0.0677 F2700 ; glyph
G1 X184.8199 Y153.553 E0.0677 F2700 ; glyph
G0 X182.8199 Y153.553 F27000
G1 X182.8199 Y151.553 E0.0677 F2700 ; glyph
G1 X180.8199 Y151.553 E0.0677 F2700 ; glyph
G1 E-0.5 F2700 ; retract
G0 Z0.6 F3600
G0 X188.0227 Y138.553 F27000
G0 Z0.4 F3600
G1 E0.5 F2700 ; unretract
G1 X190.0227 Y138.553 E0.0677 F2700 ; glyph
G1 X192.0227 Y138.553 E0.0677 F2700 ; glyph
G1 X192.0227 Y140.553 E0.0677 F2700 ; glyph
G1 X190.0227 Y140.553 E0.0677 F2700 ; glyph
G1 X188.0227 Y140.553 E0.0677 F2700 ; glyph
G1 X188.0227 Y138.553 E0.0677 F2700 ; glyph
G1 E-0.5 F2700 ; retract
G0 Z0.6 F3600
G0 X192.0227 Y141.553 F27000
G0 Z0.4 F3600
G1 E0.5 F2700 ; unretract
G1 X191.2727 Y141.553 E0.02539 F2700 ; glyph
G1 E-0.5 F2700 ; retract
G0 Z0.6 F3600
G0 X188.0227 Y142.553 F27000
G0 Z0.4 F3600
G1 E0.5 F2700 ; unretract
G1 X190.0227 Y142.553 E0.0677 F2700 ; glyph
G1 X192.0227 Y142.553 E0.0677 F2700 ; glyph
G1 X192.0227 Y144.553 E0.0677 F2700 ; glyph
G1 X190.0227 Y144.553 E0.0677 F2700 ; glyph
G1 X188.0227 Y144.553 E0.0677 F2700 ; glyph
G1 X188.0227 Y142.553 E0.0677 F2700 ; glyph
G1 E-0.5 F2700 ; retract
G0 Z0.6 F3600
G0 X188.0227 Y145.553 F27000
G0 Z0.4 F3600
G1 E0.5 F2700 ; unretract
G1 X188.0227 Y147.553 E0.0677 F2700 ; glyph
G1 X190.0227 Y147.553 E0.0677 F2700 ; glyph
G1 X190.0227 Y145.553 E0.0677 F2700 ; glyph
G1 X192.0227 Y145.553 E0.0677 F2700 ; glyph
G1 X192.0227 Y147.553 E0.0677 F2700 ; glyph
G1 E-0.5 F2700 ; retract
G0 Z0.6 F3600
G0 X188.0227 Y150.553 F27000
G0 Z0.4 F3600
G1 E0.5 F2700 ; unretract
G1 X190.0227 Y150.553 E0.0677 F2700 ; glyph
G1 X192.0227 Y150.553 E0.0677 F2700 ; glyph
G0 X190.0227 Y150.553 F27000
G1 X190.0227 Y148.553 E0.0677 F2700 ; glyph
G1 X188.0227 Y148.553 E0.0677 F2700 ; glyph
G1 E-0.5 F2700 ; retract
G0 Z0.6 F3600
G0 X188.0227 Y153.553 F27000
G0 Z0.4 F3600
G1 E0.5 F2700 ; unretract
G1 X188.0227 Y151.553 E0.0677 F2700 ; glyph
G1 X190.0227 Y151.553 E0.0677 F2700 ; glyph
G1 X192.0227 Y151.553 E0.0677 F2700 ; glyph
G1 X192.0227 Y153.553 E0.0677 F2700 ; glyph
G1 X190.0227 Y153.553 E0.0677 F2700 ; glyph
G1 X190.0227 Y151.553 E0.0677 F2700 ; glyph
G1 E-0.5 F2700 ; retract
G0 Z0.6 F3600
G0 X195.2255 Y138.553 F27000
G0 Z0.4 F3600
G1 E0.5 F2700 ; unretract
G1 X197.2255 Y138.553 E0.0677 F2700 ; glyph
G1 X199.2255 Y138.553 E0.0677 F2700 ; glyph
G1 X199.2255 Y140.553 E0.0677 F2700 ; glyph
G1 X197.2255 Y140.553 E0.0677 F2700 ; glyph
G1 X195.2255 Y140.553 E0.0677 F2700 ; glyph
G1 X195.2255 Y138.553 E0.0677 F2700 ; glyph
G1 E-0.5 F2700 ; retract
G0 Z0.6 F3600
G0 X199.2255 Y141.553 F27000
G0 Z0.4 F3600
G1 E0.5 F2700 ; unretract
G1 X198.4755 Y141.553 E0.02539 F2700 ; glyph
G1 E-0.5 F2700 ; retract
G0 Z0.6 F3600
G0 X195.2255 Y142.553 F27000
G0 Z0.4 F3600
G1 E0.5 F2700 ; unretract
G1 X197.2255 Y142.553 E0.0677 F2700 ; glyph
G1 X199.2255 Y142.553 E0.0677 F2700 ; glyph
G1 X199.2255 Y144.553 E0.0677 F2700 ; glyph
G1 X197.2255 Y144.553 E0.0677 F2700 ; glyph
G1 X195.2255 Y144.553 E0.0677 F2700 ; glyph
G1 X195.2255 Y142.553 E0.0677 F2700 ; glyph
G1 E-0.5 F2700 ; retract
G0 Z0.6 F3600
G0 X195.2255 Y145.553 F27000
G0 Z0.4 F3600
G1 E0.5 F2700 ; unretract
G1 X195.2255 Y147.553 E0.0677 F2700 ; glyph
G1 X197.2255 Y147.553 E0.0677 F2700 ; glyph
G1 X197.2255 Y145.553 E0.0677 F2700 ; glyph
G1 X199.2255 Y145.553 E0.0677 F2700 ; glyph
G1 X199.2255 Y147.553 E0.0677 F2700 ; glyph
G1 E-0.5 F2700 ; retract
G0 Z0.6 F3600
G0 X195.2255 Y150.553 F27000
G0 Z0.4 F3600
G1 E0.5 F2700 ; unretract
G1 X197.2255 Y150.553 E0.0677 F2700 ; glyph
G1 X199.2255 Y150.553 E0.0677 F2700 ; glyph
G0 X197.2255 Y150.553 F27000
G1 X197.2255 Y148.553 E0.0677 F2700 ; glyph
G1 X195.2255 Y148.553 E0.0677 F2700 ; glyph
G1 E-0.5 F2700 ; retract
G0 Z0.6 F3600
G0 X195.2255 Y151.553 F27000
G0 Z0.4 F3600
G1 E0.5 F2700 ; unretract
G1 X197.2255 Y151.553 E0.0677 F2700 ; glyph
G1 X199.2255 Y151.553 E0.0677 F2700 ; glyph
G1 X199.2255 Y153.553 E0.0677 F2700 ; glyph
G1 X197.2255 Y153.553 E0.0677 F2700 ; glyph
G1 X195.2255 Y153.553 E0.0677 F2700 ; glyph
G1 X195.2255 Y151.553 E0.0677 F2700 ; glyph
G0 X197.2255 Y151.553 F27000
G1 X197.2255 Y153.553 E0.0677 F2700 ; glyph
G1 E-0.5 F2700 ; retract
G0 Z0.6 F3600
G0 X202.4283 Y138.553 F27000
G0 Z0.4 F3600
G1 E0.5 F2700 ; unretract
G1 X204.4283 Y138.553 E0.0677 F2700 ; glyph
G1 X206.4283 Y138.553 E0.0677 F2700 ; glyph
G1 X206.4283 Y140.553 E0.0677 F2700 ; glyph
G1 X204.4283 Y140.553 E0.0677 F2700 ; glyph
G1 X202.4283 Y140.553 E0.0677 F2700 ; glyph
G1 X202.4283 Y138.553 E0.0677 F2700 ; glyph
G1 E-0.5 F2700 ; retract
G0 Z0.6 F3600
G0 X206.4283 Y141.553 F27000
G0 Z0.4 F3600
G1 E0.5 F2700 ; unretract
G1 X205.6783 Y141.553 E0.02539 F2700 ; glyph
G1 E-0.5 F2700 ; retract
G0 Z0.6 F3600
G0 X202.4283 Y142.553 F27000
G0 Z0.4 F3600
G1 E0.5 F2700 ; unretract
G1 X204.4283 Y142.553 E0.0677 F2700 ; glyph
G1 X206.4283 Y142.553 E0.0677 F2700 ; glyph
G1 X206.4283 Y144.553 E0.0677 F2700 ; glyph
G1 X204.4283 Y144.553 E0.0677 F2700 ; glyph
G1 X202.4283 Y144.553 E0.0677 F2700 ; glyph
G1 X202.4283 Y142.553 E0.0677 F2700 ; glyph
G1 E-0.5 F2700 ; retract
G0 Z0.6 F3600
G0 X202.4283 Y145.553 F27000
G0 Z0.4 F3600
G1 E0.5 F2700 ; unretract
G1 X202.4283 Y147.553 E0.0677 F2700 ; glyph
G1 X204.4283 Y147.553 E0.0677 F2700 ; glyph
G1 X204.4283 Y145.553 E0.0677 F2700 ; glyph
G1 X206.4283 Y145.553 E0.0677 F2700 ; glyph
G1 X206.4283 Y147.553 E0.0677 F2700 ; glyph
G1 E-0.5 F2700 ; retract
G0 Z0.6 F3600
G0 X202.4283 Y150.553 F27000
G0 Z0.4 F3600
G1 E0.5 F2700 ; unretract
G1 X202.4283 Y148.553 E0.0677 F2700 ; glyph
G1 X204.4283 Y148.553 E0.0677 F2700 ; glyph
G1 X204.4283 Y150.553 E0.0677 F2700 ; glyph
G1 X206.4283 Y150.553 E0.0677 F2700 ; glyph
G1 X206.4283 Y148.553 E0.0677 F2700 ; glyph
; scale ticks
G1 E-0.5 F2700 ; retract
G0 Z0.6 F3600
G0 X24.3585 Y155.553 F27000
G0 Z0.4 F3600
G1 E0.5 F2700 ; unretract
G1 X24.3585 Y158.053 E0.08462 F2700 ; glyph
G1 E-0.5 F2700 ; retract
G0 Z0.6 F3600
G0 X27.9599 Y155.553 F27000
G0 Z0.4 F3600
G1 E0.5 F2700 ; unretract
G1 X27.9599 Y156.553 E0.03385 F2700 ; glyph
G1 E-0.5 F2700 ; retract
G0 Z0.6 F3600
G0 X31.5613 Y155.553 F27000
G0 Z0.4 F3600
G1 E0.5 F2700 ; unretract
G1 X31.5613 Y156.553 E0.03385 F2700 ; glyph
G1 E-0.5 F2700 ; retract
G0 Z0.6 F3600
G0 X35.1627 Y155.553 F27000
G0 Z0.4 F3600
G1 E0.5 F2700 ; unretract
G1 X35.1627 Y156.553 E0.03385 F2700 ; glyph
G1 E-0.5 F2700 ; retract
G0 Z0.6 F3600
G0 X38.7641 Y155.553 F27000
G0 Z0.4 F3600
G1 E0.5 F2700 ; unretract
G1 X38.7641 Y156.553 E0.03385 F2700 ; glyph
G1 E-0.5 F2700 ; retract
G0 Z0.6 F3600
G0 X42.3655 Y155.553 F27000
G0 Z0.4 F3600
G1 E0.5 F2700 ; unretract
G1 X42.3655 Y158.053 E0.08462 F2700 ; glyph
G1 E-0.5 F2700 ; retract
G0 Z0.6 F3600
G0 X45.9669 Y155.553 F27000
G0 Z0.4 F3600
G1 E0.5 F2700 ; unretract
G1 X45.9669 Y156.553 E0.03385 F2700 ; glyph
G1 E-0.5 F2700 ; retract
G0 Z0.6 F3600
G0 X49.5683 Y155.553 F27000
G0 Z0.4 F3600
G1 E0.5 F2700 ; unretract
G1 X49.5683 Y156.553 E0.03385 F2700 ; glyph
G1 E-0.5 F2700 ; retract
G0 Z0.6 F3600
G0 X53.1697 Y155.553 F27000
G0 Z0.4 F3600
G1 E0.5 F2700 ; unretract
G1 X53.1697 Y156.553 E0.03385 F2700 ; glyph
G1 E-0.5 F2700 ; retract
G0 Z0.6 F3600
G0 X56.7711 Y155.553 F27000
G0 Z0.4 F3600
G1 E0.5 F2700 ; unretract
G1 X56.7711 Y156.553 E0.03385 F2700 ; glyph
G1 E-0.5 F2700 ; retract
G0 Z0.6 F3600
G0 X60.3725 Y155.553 F27000
G0 Z0.4 F3600
G1 E0.5 F2700 ; unretract
G1 X60.3725 Y158.053 E0.08462 F2700 ; glyph
G1 E-0.5 F2700 ; retract
G0 Z0.6 F3600
G0 X63.9739 Y155.553 F27000
G0 Z0.4 F3600
G1 E0.5 F2700 ; unretract
G1 X63.9739 Y156.553 E0.03385 F2700 ; glyph
G1 E-0.5 F2700 ; retract
G0 Z0.6 F3600
G0 X67.5753 Y155.553 F27000
G0 Z0.4 F3600
G1 E0.5 F2700 ; unretract
G1 X67.5753 Y156.553 E0.03385 F2700 ; glyph
G1 E-0.5 F2700 ; retract
G0 Z0.6 F3600
G0 X71.1767 Y155.553 F27000
G0 Z0.4 F3600
G1 E0.5 F2700 ; unretract
G1 X71.1767 Y156.553 E0.03385 F2700 ; glyph
G1 E-0.5 F2700 ; retract
G0 Z0.6 F3600
G0 X74.7781 Y155.553 F27000
G0 Z0.4 F3600
G1 E0.5 F2700 ; unretract
G1 X74.7781 Y156.553 E0.03385 F2700 ; glyph
G1 E-0.5 F2700 ; retract
G0 Z0.6 F3600
G0 X78.3794 Y155.553 F27000
G0 Z0.4 F3600
G1 E0.5 F2700 ; unretract
G1 X78.3794 Y158.053 E0.08462 F2700 ; glyph
G1 E-0.5 F2700 ; retract
G0 Z0.6 F3600
G0 X81.9808 Y155.553 F27000
G0 Z0.4 F3600
G1 E0.5 F2700 ; unretract
G1 X81.9808 Y156.553 E0.03385 F2700 ; glyph
G1 E-0.5 F2700 ; retract
G0 Z0.6 F3600
G0 X85.5822 Y155.553 F27000
G0 Z0.4 F3600
G1 E0.5 F2700 ; unretract
G1 X85.5822 Y156.553 E0.03385 F2700 ; glyph
G1 E-0.5 F2700 ; retract
G0 Z0.6 F3600
G0 X89.1836 Y155.553 F27000
G0 Z0.4 F3600
G1 E0.5 F2700 ; unretract
G1 X89.1836 Y156.553 E0.03385 F2700 ; glyph
G1 E-0.5 F2700 ; retract
G0 Z0.6 F3600
G0 X92.785 Y155.553 F27000
G0 Z0.4 F3600
G1 E0.5 F2700 ; unretract
G1 X92.785 Y156.553 E0.03385 F2700 ; glyph
G1 E-0.5 F2700 ; retract
G0 Z0.6 F3600
G0 X96.3864 Y155.553 F27000
G0 Z0.4 F3600
G1 E0.5 F2700 ; unretract
G1 X96.3864 Y158.053 E0.08462 F2700 ; glyph
G1 E-0.5 F2700 ; retract
G0 Z0.6 F3600
G0 X99.9878 Y155.553 F27000
G0 Z0.4 F3600
G1 E0.5 F2700 ; unretract
G1 X99.9878 Y156.553 E0.03385 F2700 ; glyph
G1 E-0.5 F2700 ; retract
G0 Z0.6 F3600
G0 X103.5892 Y155.553 F27000
G0 Z0.4 F3600
G1 E0.5 F2700 ; unretract
G1 X103.5892 Y156.553 E0.03385 F2700 ; glyph
G1 E-0.5 F2700 ; retract
G0 Z0.6 F3600
G0 X107.1906 Y155.553 F27000
G0 Z0.4 F3600
G1 E0.5 F2700 ; unretract
G1 X107.1906 Y156.553 E0.03385 F2700 ; glyph
G1 E-0.5 F2700 ; retract
G0 Z0.6 F3600
G0 X110.792 Y155.553 F27000
G0 Z0.4 F3600
G1 E0.5 F2700 ; unretract
G1 X110.792 Y156.553 E0.03385 F2700 ; glyph
G1 E-0.5 F2700 ; retract
G0 Z0.6 F3600
G0 X114.3934 Y155.553 F27000
G0 Z0.4 F3600
G1 E0.5 F2700 ; unretract
G1 X114.3934 Y158.053 E0.08462 F2700 ; glyph
G1 E-0.5 F2700 ; retract
G0 Z0.6 F3600
G0 X117.9948 Y155.553 F27000
G0 Z0.4 F3600
G1 E0.5 F2700 ; unretract
G1 X117.9948 Y156.553 E0.03385 F2700 ; glyph
G1 E-0.5 F2700 ; retract
G0 Z0.6 F3600
G0 X121.5962 Y155.553 F27000
G0 Z0.4 F3600
G1 E0.5 F2700 ; unretract
G1 X121.5962 Y156.553 E0.03385 F2700 ; glyph
G1 E-0.5 F2700 ; retract
G0 Z0.6 F3600
G0 X125.1976 Y155.553 F27000
G0 Z0.4 F3600
G1 E0.5 F2700 ; unretract
G1 X125.1976 Y156.553 E0.03385 F2700 ; glyph
G1 E-0.5 F2700 ; retract
G0 Z0.6 F3600
G0 X128.799 Y155.553 F27000
G0 Z0.4 F3600
G1 E0.5 F2700 ; unretract
G1 X128.799 Y156.553 E0.03385 F2700 ; glyph
G1 E-0.5 F2700 ; retract
G0 Z0.6 F3600
G0 X132.4004 Y155.553 F27000
G0 Z0.4 F3600
G1 E0.5 F2700 ; unretract
G1 X132.4004 Y158.053 E0.08462 F2700 ; glyph
G1 E-0.5 F2700 ; retract
G0 Z0.6 F3600
G0 X136.0018 Y155.553 F27000
G0 Z0.4 F3600
G1 E0.5 F2700 ; unretract
G1 X136.0018 Y156.553 E0.03385 F2700 ; glyph
G1 E-0.5 F2700 ; retract
G0 Z0.6 F3600
G0 X139.6032 Y155.553 F27000
G0 Z0.4 F3600
G1 E0.5 F2700 ; unretract
G1 X139.6032 Y156.553 E0.03385 F2700 ; glyph
G1 E-0.5 F2700 ; retract
G0 Z0.6 F3600
G0 X143.2046 Y155.553 F27000
G0 Z0.4 F3600
G1 E0.5 F2700 ; unretract
G1 X143.2046 Y156.553 E0.03385 F2700 ; glyph
G1 E-0.5 F2700 ; retract
G0 Z0.6 F3600
G0 X146.806 Y155.553 F27000
G0 Z0.4 F3600
G1 E0.5 F2700 ; unretract
G1 X146.806 Y156.553 E0.03385 F2700 ; glyph
G1 E-0.5 F2700 ; retract
G0 Z0.6 F3600
G0 X150.4073 Y155.553 F27000
G0 Z0.4 F3600
G1 E0.5 F2700 ; unretract
G1 X150.4073 Y158.053 E0.08462 F2700 ; glyph
G1 E-0.5 F2700 ; retract
G0 Z0.6 F3600
G0 X154.0087 Y155.553 F27000
G0 Z0.4 F3600
G1 E0.5 F2700 ; unretract
G1 X154.0087 Y156.553 E0.03385 F2700 ; glyph
G1 E-0.5 F2700 ; retract
G0 Z0.6 F3600
G0 X157.6101 Y155.553 F27000
G0 Z0.4 F3600
G1 E0.5 F2700 ; unretract
G1 X157.6101 Y156.553 E0.03385 F2700 ; glyph
G1 E-0.5 F2700 ; retract
G0 Z0.6 F3600
G0 X161.2115 Y155.553 F27000
G0 Z0.4 F3600
G1 E0.5 F2700 ; unretract
G1 X161.2115 Y156.553 E0.03385 F2700 ; glyph
G1 E-0.5 F2700 ; retract
G0 Z0.6 F3600
G0 X164.8129 Y155.553 F27000
G0 Z0.4 F3600
G1 E0.5 F2700 ; unretract
G1 X164.8129 Y156.553 E0.03385 F2700 ; glyph
G1 E-0.5 F2700 ; retract
G0 Z0.6 F3600
G0 X168.4143 Y155.553 F27000
G0 Z0.4 F3600
G1 E0.5 F2700 ; unretract
G1 X168.4143 Y158.053 E0.08462 F2700 ; glyph
G1 E-0.5 F2700 ; retract
G0 Z0.6 F3600
G0 X172.0157 Y155.553 F27000
G0 Z0.4 F3600
G1 E0.5 F2700 ; unretract
G1 X172.0157 Y156.553 E0.03385 F2700 ; glyph
G1 E-0.5 F2700 ; retract
G0 Z0.6 F3600
G0 X175.6171 Y155.553 F27000
G0 Z0.4 F3600
G1 E0.5 F2700 ; unretract
G1 X175.6171 Y156.553 E0.03385 F2700 ; glyph
G1 E-0.5 F2700 ; retract
G0 Z0.6 F3600
G0 X179.2185 Y155.553 F27000
G0 Z0.4 F3600
G1 E0.5 F2700 ; unretract
G1 X179.2185 Y156.553 E0.03385 F2700 ; glyph
G1 E-0.5 F2700 ; retract
G0 Z0.6 F3600
G0 X182.8199 Y155.553 F27000
G0 Z0.4 F3600
G1 E0.5 F2700 ; unretract
G1 X182.8199 Y156.553 E0.03385 F2700 ; glyph
G1 E-0.5 F2700 ; retract
G0 Z0.6 F3600
G0 X186.4213 Y155.553 F27000
G0 Z0.4 F3600
G1 E0.5 F2700 ; unretract
G1 X186.4213 Y158.053 E0.08462 F2700 ; glyph
G1 E-0.5 F2700 ; retract
G0 Z0.6 F3600
G0 X190.0227 Y155.553 F27000
G0 Z0.4 F3600
G1 E0.5 F2700 ; unretract
G1 X190.0227 Y156.553 E0.03385 F2700 ; glyph
G1 E-0.5 F2700 ; retract
G0 Z0.6 F3600
G0 X193.6241 Y155.553 F27000
G0 Z0.4 F3600
G1 E0.5 F2700 ; unretract
G1 X193.6241 Y156.553 E0.03385 F2700 ; glyph
G1 E-0.5 F2700 ; retract
G0 Z0.6 F3600
G0 X197.2255 Y155.553 F27000
G0 Z0.4 F3600
G1 E0.5 F2700 ; unretract
G1 X197.2255 Y156.553 E0.03385 F2700 ; glyph
G1 E-0.5 F2700 ; retract
G0 Z0.6 F3600
G0 X200.8269 Y155.553 F27000
G0 Z0.4 F3600
G1 E0.5 F2700 ; unretract
G1 X200.8269 Y156.553 E0.03385 F2700 ; glyph
G1 E-0.5 F2700 ; retract
G0 Z0.6 F3600
G0 X204.4283 Y155.553 F27000
G0 Z0.4 F3600
G1 E0.5 F2700 ; unretract
G1 X204.4283 Y158.053 E0.08462 F2700 ; glyph
;TYPE:External perimeter
SET_PRESSURE_ADVANCE ADVANCE=0.02 ; pattern 1/51
G1 E-0.5 F2700 ; retract
G0 Z0.6 F3600
G0 X23.7828 Y93.0583 F27000
G0 Z0.4 F3600
G1 E0.5 F2700 ; unretract
G1 X44.996 Y114.2715 E1.01546 F12000 ; pattern
G1 X23.7828 Y135.4847 E1.01546 F12000 ; pattern
G0 X24.3585 Y135.4847 F27000
G1 X45.5717 Y114.2715 E1.01546 F12000 ; pattern
G1 X24.3585 Y93.0583 E1.01546 F12000 ; pattern
G0 X24.9342 Y93.0583 F27000
G1 X46.1474 Y114.2715 E1.01546 F12000 ; pattern
G1 X24.9342 Y135.4847 E1.01546 F12000 ; pattern
SET_PRESSURE_ADVANCE ADVANCE=0.0201 ; pattern 2/51
G1 E-0.5 F2700 ; retract
G0 Z0.6 F3600
G0 X27.3842 Y93.0583 F27000
G0 Z0.4 F3600
G1 E0.5 F2700 ; unretract
G1 X48.5974 Y114.2715 E1.01546 F12000 ; pattern
G1 X27.3842 Y135.4847 E1.01546 F12000 ; pattern
G0 X27.9599 Y135.4847 F27000
G1 X49.1731 Y114.2715 E1.01546 F12000 ; pattern
G1 X27.9599 Y93.0583 E1.01546 F12000 ; pattern
G0 X28.5356 Y93.0583 F27000
G1 X49.7488 Y114.2715 E1.01546 F12000 ; pattern
G1 X28.5356 Y135.4847 E1.01546 F12000 ; pattern
SET_PRESSURE_ADVANCE ADVANCE=0.0202 ; pattern 3/51
G1 E-0.5 F2700 ; retract
G0 Z0.6 F3600
G0 X30.9856 Y93.0583 F27000
G0 Z0.4 F3600
G1 E0.5 F2700 ; unretract
G1 X52.1988 Y114.2715 E1.01546 F12000 ; pattern
G1 X30.9856 Y135.4847 E1.01546 F12000 ; pattern
G0 X31.5613 Y135.4847 F27000
G1 X52.7745 Y114.2715 E1.01546 F12000 ; pattern
G1 X31.5613 Y93.0583 E1.01546 F12000 ; pattern
G0 X32.137 Y93.0583 F27000
G1 X53.3502 Y114.2715 E1.01546 F12000 ; pattern
G1 X32.137 Y135.4847 E1.01546 F12000 ; pattern
SET_PRESSURE_ADVANCE ADVANCE=0.0203 ; pattern 4/51
G1 E-0.5 F2700 ; retract
G0 Z0.6 F3600
G0 X34.587 Y93.0583 F27000
G0 Z0.4 F3600
G1 E0.5 F2700 ; unretract
G1 X55.8002 Y114.2715 E1.01546 F12000 ; pattern
G1 X34.587 Y135.4847 E1.01546 F12000 ; pattern
G0 X35.1627 Y135.4847 F27000
G1 X56.3759 Y114.2715 E1.01546 F12000 ; pattern
G1 X35.1627 Y93.0583 E1.01546 F12000 ; pattern
G0 X35.7384 Y93.0583 F27000
G1 X56.9516 Y114.2715 E1.01546 F12000 ; pattern
G1 X35.7384 Y135.4847 E1.01546 F12000 ; pattern
SET_PRESSURE_ADVANCE ADVANCE=0.0204 ; pattern 5/51
G1 E-0.5 F2700 ; retract
G0 Z0.6 F3600
G0 X38.1884 Y93.0583 F27000
G0 Z0.4 F3600
G1 E0.5 F2700 ; unretract
G1 X59.4016 Y114.2715 E1.01546 F12000 ; pattern
G1 X38.1884 Y135.4847 E1.01546 F12000 ; pattern
G0 X38.7641 Y135.4847 F27000
G1 X59.9773 Y114.2715 E1.01546 F12000 ; pattern
G1 X38.7641 Y93.0583 E1.01546 F12000 ; pattern
G0 X39.3398 Y93.0583 F27000
G1 X60.553 Y114.2715 E1.01546 F12000 ; pattern
G1 X39.3398 Y135.4847 E1.01546 F12000 ; pattern
SET_PRESSURE_ADVANCE ADVANCE=0.0205 ; pattern 6/51
G1 E-0.5 F2700 ; retract
G0 Z0.6 F3600
G0 X41.7898 Y93.0583 F27000
G0 Z0.4 F3600
G1 E0.5 F2700 ; unretract
G1 X63.003 Y114.2715 E1.01546 F12000 ; pattern
G1 X41.7898 Y135.4847 E1.01546 F12000 ; pattern
G0 X42.3655 Y135.4847 F27000
G1 X63.5787 Y114.2715 E1.01546 F12000 ; pattern
G1 X42.3655 Y93.0583 E1.01546 F12000 ; pattern
G0 X42.9412 Y93.0583 F27000
G1 X64.1544 Y114.2715 E1.01546 F12000 ; pattern
G1 X42.9412 Y135.4847 E1.01546 F12000 ; pattern
SET_PRESSURE_ADVANCE ADVANCE=0.0206 ; pattern 7/51
G1 E-0.5 F2700 ; retract
G0 Z0.6 F3600
G0 X45.3912 Y93.0583 F27000
G0 Z0.4 F3600
G1 E0.5 F2700 ; unretract
G1 X66.6044 Y114.2715 E1.01546 F12000 ; pattern
G1 X45.3912 Y135.4847 E1.01546 F12000 ; pattern
G0 X45.9669 Y135.4847 F27000
G1 X67.1801 Y114.2715 E1.01546 F12000 ; pattern
G1 X45.9669 Y93.0583 E1.01546 F12000 ; pattern
G0 X46.5426 Y93.0583 F27000
G1 X67.7558 Y114.2715 E1.01546 F12000 ; pattern
G1 X46.5426 Y135.4847 E1.01546 F12000 ; pattern
SET_PRESSURE_ADVANCE ADVANCE=0.0207 ; pattern 8/51
G1 E-0.5 F2700 ; retract
G0 Z0.6 F3600
G0 X48.9926 Y93.0583 F27000
G0 Z0.4 F3600
G1 E0.5 F2700 ; unretract
G1 X70.2058 Y114.2715 E1.01546 F12000 ; pattern
G1 X48.9926 Y135.4847 E1.01546 F12000 ; pattern
G0 X49.5683 Y135.4847 F27000
G1 X70.7815 Y114.2715 E1.01546 F12000 ; pattern
G1 X49.5683 Y93.0583 E1.01546 F12000 ; pattern
G0 X50.144 Y93.0583 F27000
G1 X71.3572 Y114.2715 E1.01546 F12000 ; pattern
G1 X50.144 Y135.4847 E1.01546 F12000 ; pattern
SET_PRESSURE_ADVANCE ADVANCE=0.0208 ; pattern 9/51
G1 E-0.5 F2700 ; retract
G0 Z0.6 F3600
G0 X52.594 Y93.0583 F27000
G0 Z0.4 F3600
G1 E0.5 F2700 ; unretract
G1 X73.8072 Y114.2715 E1.01546 F12000 ; pattern
G1 X52.594 Y135.4847 E1.01546 F12000 ; pattern
G0 X53.1697 Y135.4847 F27000
G1 X74.3829 Y114.2715 E1.01546 F12000 ; pattern
G1 X53.1697 Y93.0583 E1.01546 F12000 ; pattern
G0 X53.7454 Y93.0583 F27000
G1 X74.9586 Y114.2715 E1.01546 F12000 ; pattern
G1 X53.7454 Y135.4847 E1.01546 F12000 ; pattern
SET_PRESSURE_ADVANCE ADVANCE=0.0209 ; pattern 10/51
G1 E-0.5 F2700 ; retract
G0 Z0.6 F3600
G0 X56.1954 Y93.0583 F27000
G0 Z0.4 F3600
G1 E0.5 F2700 ; unretract
G1 X77.4086 Y114.2715 E1.01546 F12000 ; pattern
G1 X56.1954 Y135.4847 E1.01546 F12000 ; pattern
G0 X56.7711 Y135.4847 F27000
G1 X77.9843 Y114.2715 E1.01546 F12000 ; pattern
G1 X56.7711 Y93.0583 E1.01546 F12000 ; pattern
G0 X57.3468 Y93.0583 F27000
G1 X78.56 Y114.2715 E1.01546 F12000 ; pattern
G1 X57.3468 Y135.4847 E1.01546 F12000 ; pattern
SET_PRESSURE_ADVANCE ADVANCE=0.021 ; pattern 11/51
G1 E-0.5 F2700 ; retract
G0 Z0.6 F3600
G0 X59.7968 Y93.0583 F27000
G0 Z0.4 F3600
G1 E0.5 F2700 ; unretract
G1 X81.01 Y114.2715 E1.01546 F12000 ; pattern
G1 X59.7968 Y135.4847 E1.01546 F12000 ; pattern
G0 X60.3725 Y135.4847 F27000
G1 X81.5857 Y114.2715 E1.01546 F12000 ; pattern
G1 X60.3725 Y93.0583 E1.01546 F12000 ; pattern
G0 X60.9482 Y93.0583 F27000
G1 X82.1614 Y114.2715 E1.01546 F12000 ; pattern
G1 X60.9482 Y135.4847 E1.01546 F12000 ; pattern
SET_PRESSURE_ADVANCE ADVANCE=0.0211 ; pattern 12/51
G1 E-0.5 F2700 ; retract
G0 Z0.6 F3600
G0 X63.3982 Y93.0583 F27000
G0 Z0.4 F3600
G1 E0.5 F2700 ; unretract
G1 X84.6114 Y114.2715 E1.01546 F12000 ; pattern
G1 X63.3982 Y135.4847 E1.01546 F12000 ; pattern
G0 X63.9739 Y135.4847 F27000
G1 X85.1871 Y114.2715 E1.01546 F12000 ; pattern
G1 X63.9739 Y93.0583 E1.01546 F12000 ; pattern
G0 X64.5496 Y93.0583 F27000
G1 X85.7628 Y114.2715 E1.01546 F12000 ; pattern
G1 X64.5496 Y135.4847 E1.01546 F12000 ; pattern
SET_PRESSURE_ADVANCE ADVANCE=0.0212 ; pattern 13/51
G1 E-0.5 F2700 ; retract
G0 Z0.6 F3600
G0 X66.9996 Y93.0583 F27000
G0 Z0.4 F3600
G1 E0.5 F2700 ; unretract
G1 X88.2128 Y114.2715 E1.01546 F12000 ; pattern
G1 X66.9996 Y135.4847 E1.01546 F12000 ; pattern
G0 X67.5753 Y135.4847 F27000
G1 X88.7885 Y114.2715 E1.01546 F12000 ; pattern
G1 X67.5753 Y93.0583 E1.01546 F12000 ; pattern
G0 X68.151 Y93.0583 F27000
G1 X89.3642 Y114.2715 E1.01546 F12000 ; pattern
G1 X68.151 Y135.4847 E1.01546 F12000 ; pattern
SET_PRESSURE_ADVANCE ADVANCE=0.0213 ; pattern 14/51
G1 E-0.5 F2700 ; retract
G0 Z0.6 F3600
G0 X70.601 Y93.0583 F27000
G0 Z0.4 F3600
G1 E0.5 F2700 ; unretract
G1 X91.8142 Y114.2715 E1.01546 F12000 ; pattern
G1 X70.601 Y135.4847 E1.01546 F12000 ; pattern
G0 X71.1767 Y135.4847 F27000
G1 X92.3899 Y114.2715 E1.01546 F12000 ; pattern
G1 X71.1767 Y93.0583 E1.01546 F12000 ; pattern
G0 X71.7524 Y93.0583 F27000
G1 X92.9656 Y114.2715 E1.01546 F12000 ; pattern
G1 X71.7524 Y135.4847 E1.01546 F12000 ; pattern
SET_PRESSURE_ADVANCE ADVANCE=0.0214 ; pattern 15/51
G1 E-0.5 F2700 ; retract
G0 Z0.6 F3600
G0 X74.2024 Y93.0583 F27000
G0 Z0.4 F3600
G1 E0.5 F2700 ; unretract
G1 X95.4156 Y114.2715 E1.01546 F12000 ; pattern
G1 X74.2024 Y135.4847 E1.01546 F12000 ; pattern
G0 X74.7781 Y135.4847 F27000
G1 X95.9913 Y114.2715 E1.01546 F12000 ; pattern
G1 X74.7781 Y93.0583 E1.01546 F12000 ; pattern
G0 X75.3537 Y93.0583 F27000
G1 X96.567 Y114.2715 E1.01546 F12000 ; pattern
G1 X75.3537 Y135.4847 E1.01546 F12000 ; pattern
SET_PRESSURE_ADVANCE ADVANCE=0.0215 ; pattern 16/51
G1 E-0.5 F2700 ; retract
G0 Z0.6 F3600
G0 X77.8037 Y93.0583 F27000
G0 Z0.4 F3600
G1 E0.5 F2700 ; unretract
G1 X99.017 Y114.2715 E1.01546 F12000 ; pattern
G1 X77.8037 Y135.4847 E1.01546 F12000 ; pattern
G0 X78.3794 Y135.4847 F27000
G1 X99.5927 Y114.2715 E1.01546 F12000 ; pattern
G1 X78.3794 Y93.0583 E1.01546 F12000 ; pattern
G0 X78.9551 Y93.0583 F27000
G1 X100.1683 Y114.2715 E1.01546 F12000 ; pattern
G1 X78.9551 Y135.4847 E1.01546 F12000 ; pattern
SET_PRESSURE_ADVANCE ADVANCE=0.0216 ; pattern 17/51
G1 E-0.5 F2700 ; retract
G0 Z0.6 F3600
G0 X81.4051 Y93.0583 F27000
G0 Z0.4 F3600
G1 E0.5 F2700 ; unretract
G1 X102.6183 Y114.2715 E1.01546 F12000 ; pattern
G1 X81.4051 Y135.4847 E1.01546 F12000 ; pattern
G0 X81.9808 Y135.4847 F27000
G1 X103.194 Y114.2715 E1.01546 F12000 ; pattern
G1 X81.9808 Y93.0583 E1.01546 F12000 ; pattern
G0 X82.5565 Y93.0583 F27000
G1 X103.7697 Y114.2715 E1.01546 F12000 ; pattern
G1 X82.5565 Y135.4847 E1.01546 F12000 ; pattern
SET_PRESSURE_ADVANCE ADVANCE=0.0217 ; pattern 18/51
G1 E-0.5 F2700 ; retract
G0 Z0.6 F3600
G0 X85.0065 Y93.0583 F27000
G0 Z0.4 F3600
G1 E0.5 F2700 ; unretract
G1 X106.2197 Y114.2715 E1.01546 F12000 ; pattern
G1 X85.0065 Y135.4847 E1.01546 F12000 ; pattern
G0 X85.5822 Y135.4847 F27000
G1 X106.7954 Y114.2715 E1.01546 F12000 ; pattern
G1 X85.5822 Y93.0583 E1.01546 F12000 ; pattern
G0 X86.1579 Y93.0583 F27000
G1 X107.3711 Y114.2715 E1.01546 F12000 ; pattern
G1 X86.1579 Y135.4847 E1.01546 F12000 ; pattern
SET_PRESSURE_ADVANCE ADVANCE=0.0218 ; pattern 19/51
G1 E-0.5 F2700 ; retract
G0 Z0.6 F3600
G0 X88.6079 Y93.0583 F27000
G0 Z0.4 F3600
G1 E0.5 F2700 ; unretract
G1 X109.8211 Y114.2715 E1.01546 F12000 ; pattern
G1 X88.6079 Y135.4847 E1.01546 F12000 ; pattern
G0 X89.1836 Y135.4847 F27000
G1 X110.3968 Y114.2715 E1.01546 F12000 ; pattern
G1 X89.1836 Y93.0583 E1.01546 F12000 ; pattern
G0 X89.7593 Y93.0583 F27000
G1 X110.9725 Y114.2715 E1.01546 F12000 ; pattern
G1 X89.7593 Y135.4847 E1.01546 F12000 ; pattern
SET_PRESSURE_ADVANCE ADVANCE=0.0219 ; pattern 20/51
G1 E-0.5 F2700 ; retract
G0 Z0.6 F3600
G0 X92.2093 Y93.0583 F27000
G0 Z0.4 F3600
G1 E0.5 F2700 ; unretract
G1 X113.4225 Y114.2715 E1.01546 F12000 ; pattern
G1 X92.2093 Y135.4847 E1.01546 F12000 ; pattern
G0 X92.785 Y135.4847 F27000
G1 X113.9982 Y114.2715 E1.01546 F12000 ; pattern
G1 X92.785 Y93.0583 E1.01546 F12000 ; pattern
G0 X93.3607 Y93.0583 F27000
G1 X114.5739 Y114.2715 E1.01546 F12000 ; pattern
G1 X93.3607 Y135.4847 E1.01546 F12000 ; pattern
SET_PRESSURE_ADVANCE ADVANCE=0.022 ; pattern 21/51
G1 E-0.5 F2700 ; retract
G0 Z0.6 F3600
G0 X95.8107 Y93.0583 F27000
G0 Z0.4 F3600
G1 E0.5 F2700 ; unretract
G1 X117.0239 Y114.2715 E1.01546 F12000 ; pattern
G1 X95.8107 Y135.4847 E1.01546 F12000 ; pattern
G0 X96.3864 Y135.4847 F27000
G1 X117.5996 Y114.2715 E1.01546 F12000 ; pattern
G1 X96.3864 Y93.0583 E1.01546 F12000 ; pattern
G0 X96.9621 Y93.0583 F27000
G1 X118.1753 Y114.2715 E1.01546 F12000 ; pattern
G1 X96.9621 Y135.4847 E1.01546 F12000 ; pattern
SET_PRESSURE_ADVANCE ADVANCE=0.0221 ; pattern 22/51
G1 E-0.5 F2700 ; retract
G0 Z0.6 F3600
G0 X99.4121 Y93.0583 F27000
G0 Z0.4 F3600
G1 E0.5 F2700 ; unretract
G1 X120.6253 Y114.2715 E1.01546 F12000 ; pattern
G1 X99.4121 Y135.4847 E1.01546 F12000 ; pattern
G0 X99.9878 Y135.4847 F27000
G1 X121.201 Y114.2715 E1.01546 F12000 ; pattern
G1 X99.9878 Y93.0583 E1.01546 F12000 ; pattern
G0 X100.5635 Y93.0583 F27000
G1 X121.7767 Y114.2715 E1.01546 F12000 ; pattern
G1 X100.5635 Y135.4847 E1.01546 F12000 ; pattern
SET_PRESSURE_ADVANCE ADVANCE=0.0222 ; pattern 23/51
G1 E-0.5 F2700 ; retract
G0 Z0.6 F3600
G0 X103.0135 Y93.0583 F27000
G0 Z0.4 F3600
G1 E0.5 F2700 ; unretract
G1 X124.2267 Y114.2715 E1.01546 F12000 ; pattern
G1 X103.0135 Y135.4847 E1.01546 F12000 ; pattern
G0 X103.5892 Y135.4847 F27000
G1 X124.8024 Y114.2715 E1.01546 F12000 ; pattern
G1 X103.5892 Y93.0583 E1.01546 F12000 ; pattern
G0 X104.1649 Y93.0583 F27000
G1 X125.3781 Y114.2715 E1.01546 F12000 ; pattern
G1 X104.1649 Y135.4847 E1.01546 F12000 ; pattern
SET_PRESSURE_ADVANCE ADVANCE=0.0223 ; pattern 24/51
G1 E-0.5 F2700 ; retract
G0 Z0.6 F3600
G0 X106.6149 Y93.0583 F27000
G0 Z0.4 F3600
G1 E0.5 F2700 ; unretract
G1 X127.8281 Y114.2715 E1.01546 F12000 ; pattern
G1 X106.6149 Y135.4847 E1.01546 F12000 ; pattern
G0 X107.1906 Y135.4847 F27000
G1 X128.4038 Y114.2715 E1.01546 F12000 ; pattern
G1 X107.1906 Y93.0583 E1.01546 F12000 ; pattern
G0 X107.7663 Y93.0583 F27000
G1 X128.9795 Y114.2715 E1.01546 F12000 ; pattern
G1 X107.7663 Y135.4847 E1.01546 F12000 ; pattern
SET_PRESSURE_ADVANCE ADVANCE=0.0224 ; pattern 25/51
G1 E-0.5 F2700 ; retract
G0 Z0.6 F3600
G0 X110.2163 Y93.0583 F27000
G0 Z0.4 F3600
G1 E0.5 F2700 ; unretract
G1 X131.4295 Y114.2715 E1.01546 F12000 ; pattern
G1 X110.2163 Y135.4847 E1.01546 F12000 ; pattern
G0 X110.792 Y135.4847 F27000
G1 X132.0052 Y114.2715 E1.01546 F12000 ; pattern
G1 X110.792 Y93.0583 E1.01546 F12000 ; pattern
G0 X111.3677 Y93.0583 F27000
G1 X132.5809 Y114.2715 E1.01546 F12000 ; pattern
G1 X111.3677 Y135.4847 E1.01546 F12000 ; pattern
SET_PRESSURE_ADVANCE ADVANCE=0.0225 ; pattern 26/51
G1 E-0.5 F2700 ; retract
G0 Z0.6 F3600
G0 X113.8177 Y93.0583 F27000
G0 Z0.4 F3600
G1 E0.5 F2700 ; unretract
G1 X135.0309 Y114.2715 E1.01546 F12000 ; pattern
G1 X113.8177 Y135.4847 E1.01546 F12000 ; pattern
G0 X114.3934 Y135.4847 F27000
G1 X135.6066 Y114.2715 E1.01546 F12000 ; pattern
G1 X114.3934 Y93.0583 E1.01546 F12000 ; pattern
G0 X114.9691 Y93.0583 F27000
G1 X136.1823 Y114.2715 E1.01546 F12000 ; pattern
G1 X114.9691 Y135.4847 E1.01546 F12000 ; pattern
SET_PRESSURE_ADVANCE ADVANCE=0.0226 ; pattern 27/51
G1 E-0.5 F2700 ; retract
G0 Z0.6 F3600
G0 X117.4191 Y93.0583 F27000
G0 Z0.4 F3600
G1 E0.5 F2700 ; unretract
G1 X138.6323 Y114.2715 E1.01546 F12000 ; pattern
G1 X117.4191 Y135.4847 E1.01546 F12000 ; pattern
G0 X117.9948 Y135.4847 F27000
G1 X139.208 Y114.2715 E1.01546 F12000 ; pattern
G1 X117.9948 Y93.0583 E1.01546 F12000 ; pattern
G0 X118.5705 Y93.0583 F27000
G1 X139.7837 Y114.2715 E1.01546 F12000 ; pattern
G1 X118.5705 Y135.4847 E1.01546 F12000 ; pattern
SET_PRESSURE_ADVANCE ADVANCE=0.0227 ; pattern 28/51
G1 E-0.5 F2700 ; retract
G0 Z0.6 F3600
G0 X121.0205 Y93.0583 F27000
G0 Z0.4 F3600
G1 E0.5 F2700 ; unretract
G1 X142.2337 Y114.2715 E1.01546 F12000 ; pattern
G1 X121.0205 Y135.4847 E1.01546 F12000 ; pattern
G0 X121.5962 Y135.4847 F27000
G1 X142.8094 Y114.2715 E1.01546 F12000 ; pattern
G1 X121.5962 Y93.0583 E1.01546 F12000 ; pattern
G0 X122.1719 Y93.0583 F27000
G1 X143.3851 Y114.2715 E1.01546 F12000 ; pattern
G1 X122.1719 Y135.4847 E1.01546 F12000 ; pattern
SET_PRESSURE_ADVANCE ADVANCE=0.0228 ; pattern 29/51
G1 E-0.5 F2700 ; retract
G0 Z0.6 F3600
G0 X124.6219 Y93.0583 F27000
G0 Z0.4 F3600
G1 E0.5 F2700 ; unretract
G1 X145.8351 Y114.2715 E1.01546 F12000 ; pattern
G1 X124.6219 Y135.4847 E1.01546 F12000 ; pattern
G0 X125.1976 Y135.4847 F27000
G1 X146.4108 Y114.2715 E1.01546 F12000 ; pattern
G1 X125.1976 Y93.0583 E1.01546 F12000 ; pattern
G0 X125.7733 Y93.0583 F27000
G1 X146.9865 Y114.2715 E1.01546 F12000 ; pattern
G1 X125.7733 Y135.4847 E1.01546 F12000 ; pattern
SET_PRESSURE_ADVANCE ADVANCE=0.0229 ; pattern 30/51
G1 E-0.5 F2700 ; retract
G0 Z0.6 F3600
G0 X128.2233 Y93.0583 F27000
G0 Z0.4 F3600
G1 E0.5 F2700 ; unretract
G1 X149.4365 Y114.2715 E1.01546 F12000 ; pattern
G1 X128.2233 Y135.4847 E1.01546 F12000 ; pattern
G0 X128.799 Y135.4847 F27000
G1 X150.0122 Y114.2715 E1.01546 F12000 ; pattern
G1 X128.799 Y93.0583 E1.01546 F12000 ; pattern
G0 X129.3747 Y93.0583 F27000
G1 X150.5879 Y114.2715 E1.01546 F12000 ; pattern
G1 X129.3747 Y135.4847 E1.01546 F12000 ; pattern
SET_PRESSURE_ADVANCE ADVANCE=0.023 ; pattern 31/51
G1 E-0.5 F2700 ; retract
G0 Z0.6 F3600
G0 X131.8247 Y93.0583 F27000
G0 Z0.4 F3600
G1 E0.5 F2700 ; unretract
G1 X153.0379 Y114.2715 E1.01546 F12000 ; pattern
G1 X131.8247 Y135.4847 E1.01546 F12000 ; pattern
G0 X132.4004 Y135.4847 F27000
G1 X153.6136 Y114.2715 E1.01546 F12000 ; pattern
G1 X132.4004 Y93.0583 E1.01546 F12000 ; pattern
G0 X132.9761 Y93.0583 F27000
G1 X154.1893 Y114.2715 E1.01546 F12000 ; pattern
G1 X132.9761 Y135.4847 E1.01546 F12000 ; pattern
SET_PRESSURE_ADVANCE ADVANCE=0.0231 ; pattern 32/51
G1 E-0.5 F2700 ; retract
G0 Z0.6 F3600
G0 X135.4261 Y93.0583 F27000
G0 Z0.4 F3600
G1 E0.5 F2700 ; unretract
G1 X156.6393 Y114.2715 E1.01546 F12000 ; pattern
G1 X135.4261 Y135.4847 E1.01546 F12000 ; pattern
G0 X136.0018 Y135.4847 F27000
G1 X157.215 Y114.2715 E1.01546 F12000 ; pattern
G1 X136.0018 Y93.0583 E1.01546 F12000 ; pattern
G0 X136.5775 Y93.0583 F27000
G1 X157.7907 Y114.2715 E1.01546 F12000 ; pattern
G1 X136.5775 Y135.4847 E1.01546 F12000 ; pattern
SET_PRESSURE_ADVANCE ADVANCE=0.0232 ; pattern 33/51
G1 E-0.5 F2700 ; retract
G0 Z0.6 F3600
G0 X139.0275 Y93.0583 F27000
G0 Z0.4 F3600
G1 E0.5 F2700 ; unretract
G1 X160.2407 Y114.2715 E1.01546 F12000 ; pattern
G1 X139.0275 Y135.4847 E1.01546 F12000 ; pattern
G0 X139.6032 Y135.4847 F27000
G1 X160.8164 Y114.2715 E1.01546 F12000 ; pattern
G1 X139.6032 Y93.0583 E1.01546 F12000 ; pattern
G0 X140.1789 Y93.0583 F27000
G1 X161.3921 Y114.2715 E1.01546 F12000 ; pattern
G1 X140.1789 Y135.4847 E1.01546 F12000 ; pattern
SET_PRESSURE_ADVANCE ADVANCE=0.0233 ; pattern 34/51
G1 E-0.5 F2700 ; retract
G0 Z0.6 F3600
G0 X142.6289 Y93.0583 F27000
G0 Z0.4 F3600
G1 E0.5 F2700 ; unretract
G1 X163.8421 Y114.2715 E1.01546 F12000 ; pattern
G1 X142.6289 Y135.4847 E1.01546 F12000 ; pattern
G0 X143.2046 Y135.4847 F27000
G1 X164.4178 Y114.2715 E1.01546 F12000 ; pattern
G1 X143.2046 Y93.0583 E1.01546 F12000 ; pattern
G0 X143.7803 Y93.0583 F27000
G1 X164.9935 Y114.2715 E1.01546 F12000 ; pattern
G1 X143.7803 Y135.4847 E1.01546 F12000 ; pattern
SET_PRESSURE_ADVANCE ADVANCE=0.0234 ; pattern 35/51
G1 E-0.5 F2700 ; retract
G0 Z0.6 F3600
G0 X146.2303 Y93.0583 F27000
G0 Z0.4 F3600
G1 E0.5 F2700 ; unretract
G1 X167.4435 Y114.2715 E1.01546 F12000 ; pattern
G1 X146.2303 Y135.4847 E1.01546 F12000 ; pattern
G0 X146.806 Y135.4847 F27000
G1 X168.0192 Y114.2715 E1.01546 F12000 ; pattern
G1 X146.806 Y93.0583 E1.01546 F12000 ; pattern
G0 X147.3817 Y93.0583 F27000
G1 X168.5949 Y114.2715 E1.01546 F12000 ; pattern
G1 X147.3817 Y135.4847 E1.01546 F12000 ; pattern
SET_PRESSURE_ADVANCE ADVANCE=0.0235 ; pattern 36/51
G1 E-0.5 F2700 ; retract
G0 Z0.6 F3600
G0 X149.8317 Y93.0583 F27000
G0 Z0.4 F3600
G1 E0.5 F2700 ; unretract
G1 X171.0449 Y114.2715 E1.01546 F12000 ; pattern
G1 X149.8317 Y135.4847 E1.01546 F12000 ; pattern
G0 X150.4073 Y135.4847 F27000
G1 X171.6206 Y114.2715 E1.01546 F12000 ; pattern
G1 X150.4073 Y93.0583 E1.01546 F12000 ; pattern
G0 X150.983 Y93.0583 F27000
G1 X172.1963 Y114.2715 E1.01546 F12000 ; pattern
G1 X150.983 Y135.4847 E1.01546 F12000 ; pattern
SET_PRESSURE_ADVANCE ADVANCE=0.0236 ; pattern 37/51
G1 E-0.5 F2700 ; retract
G0 Z0.6 F3600
G0 X153.433 Y93.0583 F27000
G0 Z0.4 F3600
G1 E0.5 F2700 ; unretract
G1 X174.6463 Y114.2715 E1.01546 F12000 ; pattern
G1 X153.433 Y135.4847 E1.01546 F12000 ; pattern
G0 X154.0087 Y135.4847 F27000
G1 X175.2219 Y114.2715 E1.01546 F12000 ; pattern
G1 X154.0087 Y93.0583 E1.01546 F12000 ; pattern
G0 X154.5844 Y93.0583 F27000
G1 X175.7976 Y114.2715 E1.01546 F12000 ; pattern
G1 X154.5844 Y135.4847 E1.01546 F12000 ; pattern
SET_PRESSURE_ADVANCE ADVANCE=0.0237 ; pattern 38/51
G1 E-0.5 F2700 ; retract
G0 Z0.6 F3600
G0 X157.0344 Y93.0583 F27000
G0 Z0.4 F3600
G1 E0.5 F2700 ; unretract
G1 X178.2476 Y114.2715 E1.01546 F12000 ; pattern
G1 X157.0344 Y135.4847 E1.01546 F12000 ; pattern
G0 X157.6101 Y135.4847 F27000
G1 X178.8233 Y114.2715 E1.01546 F12000 ; pattern
G1 X157.6101 Y93.0583 E1.01546 F12000 ; pattern
G0 X158.1858 Y93.0583 F27000
G1 X179.399 Y114.2715 E1.01546 F12000 ; pattern
G1 X158.1858 Y135.4847 E1.01546 F12000 ; pattern
SET_PRESSURE_ADVANCE ADVANCE=0.0238 ; pattern 39/51
G1 E-0.5 F2700 ; retract
G0 Z0.6 F3600
G0 X160.6358 Y93.0583 F27000
G0 Z0.4 F3600
G1 E0.5 F2700 ; unretract
G1 X181.849 Y114.2715 E1.01546 F12000 ; pattern
G1 X160.6358 Y135.4847 E1.01546 F12000 ; pattern
G0 X161.2115 Y135.4847 F27000
G1 X182.4247 Y114.2715 E1.01546 F12000 ; pattern
G1 X161.2115 Y93.0583 E1.01546 F12000 ; pattern
G0 X161.7872 Y93.0583 F27000
G1 X183.0004 Y114.2715 E1.01546 F12000 ; pattern
G1 X161.7872 Y135.4847 E1.01546 F12000 ; pattern
SET_PRESSURE_ADVANCE ADVANCE=0.0239 ; pattern 40/51
G1 E-0.5 F2700 ; retract
G0 Z0.6 F3600
G0 X164.2372 Y93.0583 F27000
G0 Z0.4 F3600
G1 E0.5 F2700 ; unretract
G1 X185.4504 Y114.2715 E1.01546 F12000 ; pattern
G1 X164.2372 Y135.4847 E1.01546 F12000 ; pattern
G0 X164.8129 Y135.4847 F27000
G1 X186.0261 Y114.2715 E1.01546 F12000 ; pattern
G1 X164.8129 Y93.0583 E1.01546 F12000 ; pattern
G0 X165.3886 Y93.0583 F27000
G1 X186.6018 Y114.2715 E1.01546 F12000 ; pattern
G1 X165.3886 Y135.4847 E1.01546 F12000 ; pattern
SET_PRESSURE_ADVANCE ADVANCE=0.024 ; pattern 41/51
G1 E-0.5 F2700 ; retract
G0 Z0.6 F3600
G0 X167.8386 Y93.0583 F27000
G0 Z0.4 F3600
G1 E0.5 F2700 ; unretract
G1 X189.0518 Y114.2715 E1.01546 F12000 ; pattern
G1 X167.8386 Y135.4847 E1.01546 F12000 ; pattern
G0 X168.4143 Y135.4847 F27000
G1 X189.6275 Y114.2715 E1.01546 F12000 ; pattern
G1 X168.4143 Y93.0583 E1.01546 F12000 ; pattern
G0 X168.99 Y93.0583 F27000
G1 X190.2032 Y114.2715 E1.01546 F12000 ; pattern
G1 X168.99 Y135.4847 E1.01546 F12000 ; pattern
SET_PRESSURE_ADVANCE ADVANCE=0.0241 ; pattern 42/51
G1 E-0.5 F2700 ; retract
G0 Z0.6 F3600
G0 X171.44 Y93.0583 F27000
G0 Z0.4 F3600
G1 E0.5 F2700 ; unretract
G1 X192.6532 Y114.2715 E1.01546 F12000 ; pattern
G1 X171.44 Y135.4847 E1.01546 F12000 ; pattern
G0 X172.0157 Y135.4847 F27000
G1 X193.2289 Y114.2715 E1.01546 F12000 ; pattern
G1 X172.0157 Y93.0583 E1.01546 F12000 ; pattern
G0 X172.5914 Y93.0583 F27000
G1 X193.8046 Y114.2715 E1.01546 F12000 ; pattern
G1 X172.5914 Y135.4847 E1.01546 F12000 ; pattern
SET_PRESSURE_ADVANCE ADVANCE=0.0242 ; pattern 43/51
G1 E-0.5 F2700 ; retract
G0 Z0.6 F3600
G0 X175.0414 Y93.0583 F27000
G0 Z0.4 F3600
G1 E0.5 F2700 ; unretract
G1 X196.2546 Y114.2715 E1.01546 F12000 ; pattern
G1 X175.0414 Y135.4847 E1.01546 F12000 ; pattern
G0 X175.6171 Y135.4847 F27000
G1 X196.8303 Y114.2715 E1.01546 F12000 ; pattern
G1 X175.6171 Y93.0583 E1.01546 F12000 ; pattern
G0 X176.1928 Y93.0583 F27000
G1 X197.406 Y114.2715 E1.01546 F12000 ; pattern
G1 X176.1928 Y135.4847 E1.01546 F12000 ; pattern
SET_PRESSURE_ADVANCE ADVANCE=0.0243 ; pattern 44/51
G1 E-0.5 F2700 ; retract
G0 Z0.6 F3600
G0 X178.6428 Y93.0583 F27000
G0 Z0.4 F3600
G1 E0.5 F2700 ; unretract
G1 X199.856 Y114.2715 E1.01546 F12000 ; pattern
G1 X178.6428 Y135.4847 E1.01546 F12000 ; pattern
G0 X179.2185 Y135.4847 F27000
G1 X200.4317 Y114.2715 E1.01546 F12000 ; pattern
G1 X179.2185 Y93.0583 E1.01546 F12000 ; pattern
G0 X179.7942 Y93.0583 F27000
G1 X201.0074 Y114.2715 E1.01546 F12000 ; pattern
G1 X179.7942 Y135.4847 E1.01546 F12000 ; pattern
SET_PRESSURE_ADVANCE ADVANCE=0.0244 ; pattern 45/51
G1 E-0.5 F2700 ; retract
G0 Z0.6 F3600
G0 X182.2442 Y93.0583 F27000
G0 Z0.4 F3600
G1 E0.5 F2700 ; unretract
G1 X203.4574 Y114.2715 E1.01546 F12000 ; pattern
G1 X182.2442 Y135.4847 E1.01546 F12000 ; pattern
G0 X182.8199 Y135.4847 F27000
G1 X204.0331 Y114.2715 E1.01546 F12000 ; pattern
G1 X182.8199 Y93.0583 E1.01546 F12000 ; pattern
G0 X183.3956 Y93.0583 F27000
G1 X204.6088 Y114.2715 E1.01546 F12000 ; pattern
G1 X183.3956 Y135.4847 E1.01546 F12000 ; pattern
SET_PRESSURE_ADVANCE ADVANCE=0.0245 ; pattern 46/51
G1 E-0.5 F2700 ; retract
G0 Z0.6 F3600
G0 X185.8456 Y93.0583 F27000
G0 Z0.4 F3600
G1 E0.5 F2700 ; unretract
G1 X207.0588 Y114.2715 E1.01546 F12000 ; pattern
G1 X185.8456 Y135.4847 E1.01546 F12000 ; pattern
G0 X186.4213 Y135.4847 F27000
G1 X207.6345 Y114.2715 E1.01546 F12000 ; pattern
G1 X186.4213 Y93.0583 E1.01546 F12000 ; pattern
G0 X186.997 Y93.0583 F27000
G1 X208.2102 Y114.2715 E1.01546 F12000 ; pattern
G1 X186.997 Y135.4847 E1.01546 F12000 ; pattern
SET_PRESSURE_ADVANCE ADVANCE=0.0246 ; pattern 47/51
G1 E-0.5 F2700 ; retract
G0 Z0.6 F3600
G0 X189.447 Y93.0583 F27000
G0 Z0.4 F3600
G1 E0.5 F2700 ; unretract
G1 X210.6602 Y114.2715 E1.01546 F12000 ; pattern
G1 X189.447 Y135.4847 E1.01546 F12000 ; pattern
G0 X190.0227 Y135.4847 F27000
G1 X211.2359 Y114.2715 E1.01546 F12000 ; pattern
G1 X190.0227 Y93.0583 E1.01546 F12000 ; pattern
G0 X190.5984 Y93.0583 F27000
G1 X211.8116 Y114.2715 E1.01546 F12000 ; pattern
G1 X190.5984 Y135.4847 E1.01546 F12000 ; pattern
SET_PRESSURE_ADVANCE ADVANCE=0.0247 ; pattern 48/51
G1 E-0.5 F2700 ; retract
G0 Z0.6 F3600
G0 X193.0484 Y93.0583 F27000
G0 Z0.4 F3600
G1 E0.5 F2700 ; unretract
G1 X214.2616 Y114.2715 E1.01546 F12000 ; pattern
G1 X193.0484 Y135.4847 E1.01546 F12000 ; pattern
G0 X193.6241 Y135.4847 F27000
G1 X214.8373 Y114.2715 E1.01546 F12000 ; pattern
G1 X193.6241 Y93.0583 E1.01546 F12000 ; pattern
G0 X194.1998 Y93.0583 F27000
G1 X215.413 Y114.2715 E1.01546 F12000 ; pattern
G1 X194.1998 Y135.4847 E1.01546 F12000 ; pattern
SET_PRESSURE_ADVANCE ADVANCE=0.0248 ; pattern 49/51
G1 E-0.5 F2700 ; retract
G0 Z0.6 F3600
G0 X196.6498 Y93.0583 F27000
G0 Z0.4 F3600
G1 E0.5 F2700 ; unretract
G1 X217.863 Y114.2715 E1.01546 F12000 ; pattern
G1 X196.6498 Y135.4847 E1.01546 F12000 ; pattern
G0 X197.2255 Y135.4847 F27000
G1 X218.4387 Y114.2715 E1.01546 F12000 ; pattern
G1 X197.2255 Y93.0583 E1.01546 F12000 ; pattern
G0 X197.8012 Y93.0583 F27000
G1 X219.0144 Y114.2715 E1.01546 F12000 ; pattern
G1 X197.8012 Y135.4847 E1.01546 F12000 ; pattern
SET_PRESSURE_ADVANCE ADVANCE=0.0249 ; pattern 50/51
G1 E-0.5 F2700 ; retract
G0 Z0.6 F3600
G0 X200.2512 Y93.0583 F27000
G0 Z0.4 F3600
G1 E0.5 F2700 ; unretract
G1 X221.4644 Y114.2715 E1.01546 F12000 ; pattern
G1 X200.2512 Y135.4847 E1.01546 F12000 ; pattern
G0 X200.8269 Y135.4847 F27000
G1 X222.0401 Y114.2715 E1.01546 F12000 ; pattern
G1 X200.8269 Y93.0583 E1.01546 F12000 ; pattern
G0 X201.4026 Y93.0583 F27000
G1 X222.6158 Y114.2715 E1.01546 F12000 ; pattern
G1 X201.4026 Y135.4847 E1.01546 F12000 ; pattern
SET_PRESSURE_ADVANCE ADVANCE=0.025 ; pattern 51/51
G1 E-0.5 F2700 ; retract
G0 Z0.6 F3600
G0 X203.8526 Y93.0583 F27000
G0 Z0.4 F3600
G1 E0.5 F2700 ; unretract
G1 X225.0658 Y114.2715 E1.01546 F12000 ; pattern
G1 X203.8526 Y135.4847 E1.01546 F12000 ; pattern
G0 X204.4283 Y135.4847 F27000
G1 X225.6415 Y114.2715 E1.01546 F12000 ; pattern
G1 X204.4283 Y93.0583 E1.01546 F12000 ; pattern
G0 X205.004 Y93.0583 F27000
G1 X226.2172 Y114.2715 E1.01546 F12000 ; pattern
G1 X205.004 Y135.4847 E1.01546 F12000 ; pattern
;LAYER_CHANGE
;Z:0.6
;HEIGHT:0.2
SET_PRINT_STATS_INFO CURRENT_LAYER=3
G0 Z0.6 F3600
;TYPE:External perimeter
SET_PRESSURE_ADVANCE ADVANCE=0.02 ; pattern 1/51
G1 E-0.5 F2700 ; retract
G0 Z0.8 F3600
G0 X23.7828 Y93.0583 F27000
G0 Z0.6 F3600
G1 E0.5 F2700 ; unretract
G1 X44.996 Y114.2715 E1.01546 F12000 ; pattern
G1 X23.7828 Y135.4847 E1.01546 F12000 ; pattern
G0 X24.3585 Y135.4847 F27000
G1 X45.5717 Y114.2715 E1.01546 F12000 ; pattern
G1 X24.3585 Y93.0583 E1.01546 F12000 ; pattern
G0 X24.9342 Y93.0583 F27000
G1 X46.1474 Y114.2715 E1.01546 F12000 ; pattern
G1 X24.9342 Y135.4847 E1.01546 F12000 ; pattern
SET_PRESSURE_ADVANCE ADVANCE=0.0201 ; pattern 2/51
G1 E-0.5 F2700 ; retract
G0 Z0.8 F3600
G0 X27.3842 Y93.0583 F27000
G0 Z0.6 F3600
G1 E0.5 F2700 ; unretract
G1 X48.5974 Y114.2715 E1.01546 F12000 ; pattern
G1 X27.3842 Y135.4847 E1.01546 F12000 ; pattern
G0 X27.9599 Y135.4847 F27000
G1 X49.1731 Y114.2715 E1.01546 F12000 ; pattern
G1 X27.9599 Y93.0583 E1.01546 F12000 ; pattern
G0 X28.5356 Y93.0583 F27000
G1 X49.7488 Y114.2715 E1.01546 F12000 ; pattern
G1 X28.5356 Y135.4847 E1.01546 F12000 ; pattern
SET_PRESSURE_ADVANCE ADVANCE=0.0202 ; pattern 3/51
G1 E-0.5 F2700 ; retract
G0 Z0.8 F3600
G0 X30.9856 Y93.0583 F27000
G0 Z0.6 F3600
G1 E0.5 F2700 ; unretract
G1 X52.1988 Y114.2715 E1.01546 F12000 ; pattern
G1 X30.9856 Y135.4847 E1.01546 F12000 ; pattern
G0 X31.5613 Y135.4847 F27000
G1 X52.7745 Y114.2715 E1.01546 F12000 ; pattern
G1 X31.5613 Y93.0583 E1.01546 F12000 ; pattern
G0 X32.137 Y93.0583 F27000
G1 X53.3502 Y114.2715 E1.01546 F12000 ; pattern
G1 X32.137 Y135.4847 E1.01546 F12000 ; pattern
SET_PRESSURE_ADVANCE ADVANCE=0.0203 ; pattern 4/51
G1 E-0.5 F2700 ; retract
G0 Z0.8 F3600
G0 X34.587 Y93.0583 F27000
G0 Z0.6 F3600
G1 E0.5 F2700 ; unretract
G1 X55.8002 Y114.2715 E1.01546 F12000 ; pattern
G1 X34.587 Y135.4847 E1.01546 F12000 ; pattern
G0 X35.1627 Y135.4847 F27000
G1 X56.3759 Y114.2715 E1.01546 F12000 ; pattern
G1 X35.1627 Y93.0583 E1.01546 F12000 ; pattern
G0 X35.7384 Y93.0583 F27000
G1 X56.9516 Y114.2715 E1.01546 F12000 ; pattern
G1 X35.7384 Y135.4847 E1.01546 F12000 ; pattern
SET_PRESSURE_ADVANCE ADVANCE=0.0204 ; pattern 5/51
G1 E-0.5 F2700 ; retract
G0 Z0.8 F3600
G0 X38.1884 Y93.0583 F27000
G0 Z0.6 F3600
G1 E0.5 F2700 ; unretract
G1 X59.4016 Y114.2715 E1.01546 F12000 ; pattern
G1 X38.1884 Y135.4847 E1.01546 F12000 ; pattern
G0 X38.7641 Y135.4847 F27000
G1 X59.9773 Y114.2715 E1.01546 F12000 ; pattern
G1 X38.7641 Y93.0583 E1.01546 F12000 ; pattern
G0 X39.3398 Y93.0583 F27000
G1 X60.553 Y114.2715 E1.01546 F12000 ; pattern
G1 X39.3398 Y135.4847 E1.01546 F12000 ; pattern
SET_PRESSURE_ADVANCE ADVANCE=0.0205 ; pattern 6/51
G1 E-0.5 F2700 ; retract
G0 Z0.8 F3600
G0 X41.7898 Y93.0583 F27000
G0 Z0.6 F3600
G1 E0.5 F2700 ; unretract
G1 X63.003 Y114.2715 E1.01546 F12000 ; pattern
G1 X41.7898 Y135.4847 E1.01546 F12000 ; pattern
G0 X42.3655 Y135.4847 F27000
G1 X63.5787 Y114.2715 E1.01546 F12000 ; pattern
G1 X42.3655 Y93.0583 E1.01546 F12000 ; pattern
G0 X42.9412 Y93.0583 F27000
G1 X64.1544 Y114.2715 E1.01546 F12000 ; pattern
G1 X42.9412 Y135.4847 E1.01546 F12000 ; pattern
SET_PRESSURE_ADVANCE ADVANCE=0.0206 ; pattern 7/51
G1 E-0.5 F2700 ; retract
G0 Z0.8 F3600
G0 X45.3912 Y93.0583 F27000
G0 Z0.6 F3600
G1 E0.5 F2700 ; unretract
G1 X66.6044 Y114.2715 E1.01546 F12000 ; pattern
G1 X45.3912 Y135.4847 E1.01546 F12000 ; pattern
G0 X45.9669 Y135.4847 F27000
G1 X67.1801 Y114.2715 E1.01546 F12000 ; pattern
G1 X45.9669 Y93.0583 E1.01546 F12000 ; pattern
G0 X46.5426 Y93.0583 F27000
G1 X67.7558 Y114.2715 E1.01546 F12000 ; pattern
G1 X46.5426 Y135.4847 E1.01546 F12000 ; pattern
SET_PRESSURE_ADVANCE ADVANCE=0.0207 ; pattern 8/51
G1 E-0.5 F2700 ; retract
G0 Z0.8 F3600
G0 X48.9926 Y93.0583 F27000
G0 Z0.6 F3600
G1 E0.5 F2700 ; unretract
G1 X70.2058 Y114.2715 E1.01546 F12000 ; pattern
G1 X48.9926 Y135.4847 E1.01546 F12000 ; pattern
G0 X49.5683 Y135.4847 F27000
G1 X70.7815 Y114.2715 E1.01546 F12000 ; pattern
G1 X49.5683 Y93.0583 E1.01546 F12000 ; pattern
G0 X50.144 Y93.0583 F27000
G1 X71.3572 Y114.2715 E1.01546 F12000 ; pattern
G1 X50.144 Y135.4847 E1.01546 F12000 ; pattern
SET_PRESSURE_ADVANCE ADVANCE=0.0208 ; pattern 9/51
G1 E-0.5 F2700 ; retract
G0 Z0.8 F3600
G0 X52.594 Y93.0583 F27000
G0 Z0.6 F3600
G1 E0.5 F2700 ; unretract
G1 X73.8072 Y114.2715 E1.01546 F12000 ; pattern
G1 X52.594 Y135.4847 E1.01546 F12000 ; pattern
G0 X53.1697 Y135.4847 F27000
G1 X74.3829 Y114.2715 E1.01546 F12000 ; pattern
G1 X53.1697 Y93.0583 E1.01546 F12000 ; pattern
G0 X53.7454 Y93.0583 F27000
G1 X74.9586 Y114.2715 E1.01546 F12000 ; pattern
G1 X53.7454 Y135.4847 E1.01546 F12000 ; pattern
SET_PRESSURE_ADVANCE ADVANCE=0.0209 ; pattern 10/51
G1 E-0.5 F2700 ; retract
G0 Z0.8 F3600
G0 X56.1954 Y93.0583 F27000
G0 Z0.6 F3600
G1 E0.5 F2700 ; unretract
G1 X77.4086 Y114.2715 E1.01546 F12000 ; pattern
G1 X56.1954 Y135.4847 E1.01546 F12000 ; pattern
G0 X56.7711 Y135.4847 F27000
G1 X77.9843 Y114.2715 E1.01546 F12000 ; pattern
G1 X56.7711 Y93.0583 E1.01546 F12000 ; pattern
G0 X57.3468 Y93.0583 F27000
G1 X78.56 Y114.2715 E1.01546 F12000 ; pattern
G1 X57.3468 Y135.4847 E1.01546 F12000 ; pattern
SET_PRESSURE_ADVANCE ADVANCE=0.021 ; pattern 11/51
G1 E-0.5 F2700 ; retract
G0 Z0.8 F3600
G0 X59.7968 Y93.0583 F27000
G0 Z0.6 F3600
G1 E0.5 F2700 ; unretract
G1 X81.01 Y114.2715 E1.01546 F12000 ; pattern
G1 X59.7968 Y135.4847 E1.01546 F12000 ; pattern
G0 X60.3725 Y135.4847 F27000
G1 X81.5857 Y114.2715 E1.01546 F12000 ; pattern
G1 X60.3725 Y93.0583 E1.01546 F12000 ; pattern
G0 X60.9482 Y93.0583 F27000
G1 X82.1614 Y114.2715 E1.01546 F12000 ; pattern
G1 X60.9482 Y135.4847 E1.01546 F12000 ; pattern
SET_PRESSURE_ADVANCE ADVANCE=0.0211 ; pattern 12/51
G1 E-0.5 F2700 ; retract
G0 Z0.8 F3600
G0 X63.3982 Y93.0583 F27000
G0 Z0.6 F3600
G1 E0.5 F2700 ; unretract
G1 X84.6114 Y114.2715 E1.01546 F12000 ; pattern
G1 X63.3982 Y135.4847 E1.01546 F12000 ; pattern
G0 X63.9739 Y135.4847 F27000
G1 X85.1871 Y114.2715 E1.01546 F12000 ; pattern
G1 X63.9739 Y93.0583 E1.01546 F12000 ; pattern
G0 X64.5496 Y93.0583 F27000
G1 X85.7628 Y114.2715 E1.01546 F12000 ; pattern
G1 X64.5496 Y135.4847 E1.01546 F12000 ; pattern
SET_PRESSURE_ADVANCE ADVANCE=0.0212 ; pattern 13/51
G1 E-0.5 F2700 ; retract
G0 Z0.8 F3600
G0 X66.9996 Y93.0583 F27000
G0 Z0.6 F3600
G1 E0.5 F2700 ; unretract
G1 X88.2128 Y114.2715 E1.01546 F12000 ; pattern
G1 X66.9996 Y135.4847 E1.01546 F12000 ; pattern
G0 X67.5753 Y135.4847 F27000
G1 X88.7885 Y114.2715 E1.01546 F12000 ; pattern
G1 X67.5753 Y93.0583 E1.01546 F12000 ; pattern
G0 X68.151 Y93.0583 F27000
G1 X89.3642 Y114.2715 E1.01546 F12000 ; pattern
G1 X68.151 Y135.4847 E1.01546 F12000 ; pattern
SET_PRESSURE_ADVANCE ADVANCE=0.0213 ; pattern 14/51
G1 E-0.5 F2700 ; retract
G0 Z0.8 F3600
G0 X70.601 Y93.0583 F27000
G0 Z0.6 F3600
G1 E0.5 F2700 ; unretract
G1 X91.8142 Y114.2715 E1.01546 F12000 ; pattern
G1 X70.601 Y135.4847 E1.01546 F12000 ; pattern
G0 X71.1767 Y135.4847 F27000
G1 X92.3899 Y114.2715 E1.01546 F12000 ; pattern
G1 X71.1767 Y93.0583 E1.01546 F12000 ; pattern
G0 X71.7524 Y93.0583 F27000
G1 X92.9656 Y114.2715 E1.01546 F12000 ; pattern
G1 X71.7524 Y135.4847 E1.01546 F12000 ; pattern
SET_PRESSURE_ADVANCE ADVANCE=0.0214 ; pattern 15/51
G1 E-0.5 F2700 ; retract
G0 Z0.8 F3600
G0 X74.2024 Y93.0583 F27000
G0 Z0.6 F3600
G1 E0.5 F2700 ; unretract
G1 X95.4156 Y114.2715 E1.01546 F12000 ; pattern
G1 X74.2024 Y135.4847 E1.01546 F12000 ; pattern
G0 X74.7781 Y135.4847 F27000
G1 X95.9913 Y114.2715 E1.01546 F12000 ; pattern
G1 X74.7781 Y93.0583 E1.01546 F12000 ; pattern
G0 X75.3537 Y93.0583 F27000
G1 X96.567 Y114.2715 E1.01546 F12000 ; pattern
G1 X75.3537 Y135.4847 E1.01546 F12000 ; pattern
SET_PRESSURE_ADVANCE ADVANCE=0.0215 ; pattern 16/51
G1 E-0.5 F2700 ; retract
G0 Z0.8 F3600
G0 X77.8037 Y93.0583 F27000
G0 Z0.6 F3600
G1 E0.5 F2700 ; unretract
G1 X99.017 Y114.2715 E1.01546 F12000 ; pattern
G1 X77.8037 Y135.4847 E1.01546 F12000 ; pattern
G0 X78.3794 Y135.4847 F27000
G1 X99.5927 Y114.2715 E1.01546 F12000 ; pattern
G1 X78.3794 Y93.0583 E1.01546 F12000 ; pattern
G0 X78.9551 Y93.0583 F27000
G1 X100.1683 Y114.2715 E1.01546 F12000 ; pattern
G1 X78.9551 Y135.4847 E1.01546 F12000 ; pattern
SET_PRESSURE_ADVANCE ADVANCE=0.0216 ; pattern 17/51
G1 E-0.5 F2700 ; retract
G0 Z0.8 F3600
G0 X81.4051 Y93.0583 F27000
G0 Z0.6 F3600
G1 E0.5 F2700 ; unretract
G1 X102.6183 Y114.2715 E1.01546 F12000 ; pattern
G1 X81.4051 Y135.4847 E1.01546 F12000 ; pattern
G0 X81.9808 Y135.4847 F27000
G1 X103.194 Y114.2715 E1.01546 F12000 ; pattern
G1 X81.9808 Y93.0583 E1.01546 F12000 ; pattern
G0 X82.5565 Y93.0583 F27000
G1 X103.7697 Y114.2715 E1.01546 F12000 ; pattern
G1 X82.5565 Y135.4847 E1.01546 F12000 ; pattern
SET_PRESSURE_ADVANCE ADVANCE=0.0217 ; pattern 18/51
G1 E-0.5 F2700 ; retract
G0 Z0.8 F3600
G0 X85.0065 Y93.0583 F27000
G0 Z0.6 F3600
G1 E0.5 F2700 ; unretract
G1 X106.2197 Y114.2715 E1.01546 F12000 ; pattern
G1 X85.0065 Y135.4847 E1.01546 F12000 ; pattern
G0 X85.5822 Y135.4847 F27000
G1 X106.7954 Y114.2715 E1.01546 F12000 ; pattern
G1 X85.5822 Y93.0583 E1.01546 F12000 ; pattern
G0 X86.1579 Y93.0583 F27000
G1 X107.3711 Y114.2715 E1.01546 F12000 ; pattern
G1 X86.1579 Y135.4847 E1.01546 F12000 ; pattern
SET_PRESSURE_ADVANCE ADVANCE=0.0218 ; pattern 19/51
G1 E-0.5 F2700 ; retract
G0 Z0.8 F3600
G0 X88.6079 Y93.0583 F27000
G0 Z0.6 F3600
G1 E0.5 F2700 ; unretract
G1 X109.8211 Y114.2715 E1.01546 F12000 ; pattern
G1 X88.6079 Y135.4847 E1.01546 F12000 ; pattern
G0 X89.1836 Y135.4847 F27000
G1 X110.3968 Y114.2715 E1.01546 F12000 ; pattern
G1 X89.1836 Y93.0583 E1.01546 F12000 ; pattern
G0 X89.7593 Y93.0583 F27000
G1 X110.9725 Y114.2715 E1.01546 F12000 ; pattern
G1 X89.7593 Y135.4847 E1.01546 F12000 ; pattern
SET_PRESSURE_ADVANCE ADVANCE=0.0219 ; pattern 20/51
G1 E-0.5 F2700 ; retract
G0 Z0.8 F3600
G0 X92.2093 Y93.0583 F27000
G0 Z0.6 F3600
G1 E0.5 F2700 ; unretract
G1 X113.4225 Y114.2715 E1.01546 F12000 ; pattern
G1 X92.2093 Y135.4847 E1.01546 F12000 ; pattern
G0 X92.785 Y135.4847 F27000
G1 X113.9982 Y114.2715 E1.01546 F12000 ; pattern
G1 X92.785 Y93.0583 E1.01546 F12000 ; pattern
G0 X93.3607 Y93.0583 F27000
G1 X114.5739 Y114.2715 E1.01546 F12000 ; pattern
G1 X93.3607 Y135.4847 E1.01546 F12000 ; pattern
SET_PRESSURE_ADVANCE ADVANCE=0.022 ; pattern 21/51
G1 E-0.5 F2700 ; retract
G0 Z0.8 F3600
G0 X95.8107 Y93.0583 F27000
G0 Z0.6 F3600
G1 E0.5 F2700 ; unretract
G1 X117.0239 Y114.2715 E1.01546 F12000 ; pattern
G1 X95.8107 Y135.4847 E1.01546 F12000 ; pattern
G0 X96.3864 Y135.4847 F27000
G1 X117.5996 Y114.2715 E1.01546 F12000 ; pattern
G1 X96.3864 Y93.0583 E1.01546 F12000 ; pattern
G0 X96.9621 Y93.0583 F27000
G1 X118.1753 Y114.2715 E1.01546 F12000 ; pattern
G1 X96.9621 Y135.4847 E1.01546 F12000 ; pattern
SET_PRESSURE_ADVANCE ADVANCE=0.0221 ; pattern 22/51
G1 E-0.5 F2700 ; retract
G0 Z0.8 F3600
G0 X99.4121 Y93.0583 F27000
G0 Z0.6 F3600
G1 E0.5 F2700 ; unretract
G1 X120.6253 Y114.2715 E1.01546 F12000 ; pattern
G1 X99.4121 Y135.4847 E1.01546 F12000 ; pattern
G0 X99.9878 Y135.4847 F27000
G1 X121.201 Y114.2715 E1.01546 F12000 ; pattern
G1 X99.9878 Y93.0583 E1.01546 F12000 ; pattern
G0 X100.5635 Y93.0583 F27000
G1 X121.7767 Y114.2715 E1.01546 F12000 ; pattern
G1 X100.5635 Y135.4847 E1.01546 F12000 ; pattern
SET_PRESSURE_ADVANCE ADVANCE=0.0222 ; pattern 23/51
G1 E-0.5 F2700 ; retract
G0 Z0.8 F3600
G0 X103.0135 Y93.0583 F27000
G0 Z0.6 F3600
G1 E0.5 F2700 ; unretract
G1 X124.2267 Y114.2715 E1.01546 F12000 ; pattern
G1 X103.0135 Y135.4847 E1.01546 F12000 ; pattern
G0 X103.5892 Y135.4847 F27000
G1 X124.8024 Y114.2715 E1.01546 F12000 ; pattern
G1 X103.5892 Y93.0583 E1.01546 F12000 ; pattern
G0 X104.1649 Y93.0583 F27000
G1 X125.3781 Y114.2715 E1.01546 F12000 ; pattern
G1 X104.1649 Y135.4847 E1.01546 F12000 ; pattern
SET_PRESSURE_ADVANCE ADVANCE=0.0223 ; pattern 24/51
G1 E-0.5 F2700 ; retract
G0 Z0.8 F3600
G0 X106.6149 Y93.0583 F27000
G0 Z0.6 F3600
G1 E0.5 F2700 ; unretract
G1 X127.8281 Y114.2715 E1.01546 F12000 ; pattern
G1 X106.6149 Y135.4847 E1.01546 F12000 ; pattern
G0 X107.1906 Y135.4847 F27000
G1 X128.4038 Y114.2715 E1.01546 F12000 ; pattern
G1 X107.1906 Y93.0583 E1.01546 F12000 ; pattern
G0 X107.7663 Y93.0583 F27000
G1 X128.9795 Y114.2715 E1.01546 F12000 ; pattern
G1 X107.7663 Y135.4847 E1.01546 F12000 ; pattern
SET_PRESSURE_ADVANCE ADVANCE=0.0224 ; pattern 25/51
G1 E-0.5 F2700 ; retract
G0 Z0.8 F3600
G0 X110.2163 Y93.0583 F27000
G0 Z0.6 F3600
G1 E0.5 F2700 ; unretract
G1 X131.4295 Y114.2715 E1.01546 F12000 ; pattern
G1 X110.2163 Y135.4847 E1.01546 F12000 ; pattern
G0 X110.792 Y135.4847 F27000
G1 X132.0052 Y114.2715 E1.01546 F12000 ; pattern
G1 X110.792 Y93.0583 E1.01546 F12000 ; pattern
G0 X111.3677 Y93.0583 F27000
G1 X132.5809 Y114.2715 E1.01546 F12000 ; pattern
G1 X111.3677 Y135.4847 E1.01546 F12000 ; pattern
SET_PRESSURE_ADVANCE ADVANCE=0.0225 ; pattern 26/51
G1 E-0.5 F2700 ; retract
G0 Z0.8 F3600
G0 X113.8177 Y93.0583 F27000
G0 Z0.6 F3600
G1 E0.5 F2700 ; unretract
G1 X135.0309 Y114.2715 E1.01546 F12000 ; pattern
G1 X113.8177 Y135.4847 E1.01546 F12000 ; pattern
G0 X114.3934 Y135.4847 F27000
G1 X135.6066 Y114.2715 E1.01546 F12000 ; pattern
G1 X114.3934 Y93.0583 E1.01546 F12000 ; pattern
G0 X114.9691 Y93.0583 F27000
G1 X136.1823 Y114.2715 E1.01546 F12000 ; pattern
G1 X114.9691 Y135.4847 E1.01546 F12000 ; pattern
SET_PRESSURE_ADVANCE ADVANCE=0.0226 ; pattern 27/51
G1 E-0.5 F2700 ; retract
G0 Z0.8 F3600
G0 X117.4191 Y93.0583 F27000
G0 Z0.6 F3600
G1 E0.5 F2700 ; unretract
G1 X138.6323 Y114.2715 E1.01546 F12000 ; pattern
G1 X117.4191 Y135.4847 E1.01546 F12000 ; pattern
G0 X117.9948 Y135.4847 F27000
G1 X139.208 Y114.2715 E1.01546 F12000 ; pattern
G1 X117.9948 Y93.0583 E1.01546 F12000 ; pattern
G0 X118.5705 Y93.0583 F27000
G1 X139.7837 Y114.2715 E1.01546 F12000 ; pattern
G1 X118.5705 Y135.4847 E1.01546 F12000 ; pattern
SET_PRESSURE_ADVANCE ADVANCE=0.0227 ; pattern 28/51
G1 E-0.5 F2700 ; retract
G0 Z0.8 F3600
G0 X121.0205 Y93.0583 F27000
G0 Z0.6 F3600
G1 E0.5 F2700 ; unretract
G1 X142.2337 Y114.2715 E1.01546 F12000 ; pattern
G1 X121.0205 Y135.4847 E1.01546 F12000 ; pattern
G0 X121.5962 Y135.4847 F27000
G1 X142.8094 Y114.2715 E1.01546 F12000 ; pattern
G1 X121.5962 Y93.0583 E1.01546 F12000 ; pattern
G0 X122.1719 Y93.0583 F27000
G1 X143.3851 Y114.2715 E1.01546 F12000 ; pattern
G1 X122.1719 Y135.4847 E1.01546 F12000 ; pattern
SET_PRESSURE_ADVANCE ADVANCE=0.0228 ; pattern 29/51
G1 E-0.5 F2700 ; retract
G0 Z0.8 F3600
G0 X124.6219 Y93.0583 F27000
G0 Z0.6 F3600
G1 E0.5 F2700 ; unretract
G1 X145.8351 Y114.2715 E1.01546 F12000 ; pattern
G1 X124.6219 Y135.4847 E1.01546 F12000 ; pattern
G0 X125.1976 Y135.4847 F27000
G1 X146.4108 Y114.2715 E1.01546 F12000 ; pattern
G1 X125.1976 Y93.0583 E1.01546 F12000 ; pattern
G0 X125.7733 Y93.0583 F27000
G1 X146.9865 Y114.2715 E1.01546 F12000 ; pattern
G1 X125.7733 Y135.4847 E1.01546 F12000 ; pattern
SET_PRESSURE_ADVANCE ADVANCE=0.0229 ; pattern 30/51
G1 E-0.5 F2700 ; retract
G0 Z0.8 F3600
G0 X128.2233 Y93.0583 F27000
G0 Z0.6 F3600
G1 E0.5 F2700 ; unretract
G1 X149.4365 Y114.2715 E1.01546 F12000 ; pattern
G1 X128.2233 Y135.4847 E1.01546 F12000 ; pattern
G0 X128.799 Y135.4847 F27000
G1 X150.0122 Y114.2715 E1.01546 F12000 ; pattern
G1 X128.799 Y93.0583 E1.01546 F12000 ; pattern
G0 X129.3747 Y93.0583 F27000
G1 X150.5879 Y114.2715 E1.01546 F12000 ; pattern
G1 X129.3747 Y135.4847 E1.01546 F12000 ; pattern
SET_PRESSURE_ADVANCE ADVANCE=0.023 ; pattern 31/51
G1 E-0.5 F2700 ; retract
G0 Z0.8 F3600
G0 X131.8247 Y93.0583 F27000
G0 Z0.6 F3600
G1 E0.5 F2700 ; unretract
G1 X153.0379 Y114.2715 E1.01546 F12000 ; pattern
G1 X131.8247 Y135.4847 E1.01546 F12000 ; pattern
G0 X132.4004 Y135.4847 F27000
G1 X153.6136 Y114.2715 E1.01546 F12000 ; pattern
G1 X132.4004 Y93.0583 E1.01546 F12000 ; pattern
G0 X132.9761 Y93.0583 F27000
G1 X154.1893 Y114.2715 E1.01546 F12000 ; pattern
G1 X132.9761 Y135.4847 E1.01546 F12000 ; pattern
SET_PRESSURE_ADVANCE ADVANCE=0.0231 ; pattern 32/51
G1 E-0.5 F2700 ; retract
G0 Z0.8 F3600
G0 X135.4261 Y93.0583 F27000
G0 Z0.6 F3600
G1 E0.5 F2700 ; unretract
G1 X156.6393 Y114.2715 E1.01546 F12000 ; pattern
G1 X135.4261 Y135.4847 E1.01546 F12000 ; pattern
G0 X136.0018 Y135.4847 F27000
G1 X157.215 Y114.2715 E1.01546 F12000 ; pattern
G1 X136.0018 Y93.0583 E1.01546 F12000 ; pattern
G0 X136.5775 Y93.0583 F27000
G1 X157.7907 Y114.2715 E1.01546 F12000 ; pattern
G1 X136.5775 Y135.4847 E1.01546 F12000 ; pattern
SET_PRESSURE_ADVANCE ADVANCE=0.0232 ; pattern 33/51
G1 E-0.5 F2700 ; retract
G0 Z0.8 F3600
G0 X139.0275 Y93.0583 F27000
G0 Z0.6 F3600
G1 E0.5 F2700 ; unretract
G1 X160.2407 Y114.2715 E1.01546 F12000 ; pattern
G1 X139.0275 Y135.4847 E1.01546 F12000 ; pattern
G0 X139.6032 Y135.4847 F27000
G1 X160.8164 Y114.2715 E1.01546 F12000 ; pattern
G1 X139.6032 Y93.0583 E1.01546 F12000 ; pattern
G0 X140.1789 Y93.0583 F27000
G1 X161.3921 Y114.2715 E1.01546 F12000 ; pattern
G1 X140.1789 Y135.4847 E1.01546 F12000 ; pattern
SET_PRESSURE_ADVANCE ADVANCE=0.0233 ; pattern 34/51
G1 E-0.5 F2700 ; retract
G0 Z0.8 F3600
G0 X142.6289 Y93.0583 F27000
G0 Z0.6 F3600
G1 E0.5 F2700 ; unretract
G1 X163.8421 Y114.2715 E1.01546 F12000 ; pattern
G1 X142.6289 Y135.4847 E1.01546 F12000 ; pattern
G0 X143.2046 Y135.4847 F27000
G1 X164.4178 Y114.2715 E1.01546 F12000 ; pattern
G1 X143.2046 Y93.0583 E1.01546 F12000 ; pattern
G0 X143.7803 Y93.0583 F27000
G1 X164.9935 Y114.2715 E1.01546 F12000 ; pattern
G1 X143.7803 Y135.4847 E1.01546 F12000 ; pattern
SET_PRESSURE_ADVANCE ADVANCE=0.0234 ; pattern 35/51
G1 E-0.5 F2700 ; retract
G0 Z0.8 F3600
G0 X146.2303 Y93.0583 F27000
G0 Z0.6 F3600
G1 E0.5 F2700 ; unretract
G1 X167.4435 Y114.2715 E1.01546 F12000 ; pattern
G1 X146.2303 Y135.4847 E1.01546 F12000 ; pattern
G0 X146.806 Y135.4847 F27000
G1 X168.0192 Y114.2715 E1.01546 F12000 ; pattern
G1 X146.806 Y93.0583 E1.01546 F12000 ; pattern
G0 X147.3817 Y93.0583 F27000
G1 X168.5949 Y114.2715 E1.01546 F12000 ; pattern
G1 X147.3817 Y135.4847 E1.01546 F12000 ; pattern
SET_PRESSURE_ADVANCE ADVANCE=0.0235 ; pattern 36/51
G1 E-0.5 F2700 ; retract
G0 Z0.8 F3600
G0 X149.8317 Y93.0583 F27000
G0 Z0.6 F3600
G1 E0.5 F2700 ; unretract
G1 X171.0449 Y114.2715 E1.01546 F12000 ; pattern
G1 X149.8317 Y135.4847 E1.01546 F12000 ; pattern
G0 X150.4073 Y135.4847 F27000
G1 X171.6206 Y114.2715 E1.01546 F12000 ; pattern
G1 X150.4073 Y93.0583 E1.01546 F12000 ; pattern
G0 X150.983 Y93.0583 F27000
G1 X172.1963 Y114.2715 E1.01546 F12000 ; pattern
G1 X150.983 Y135.4847 E1.01546 F12000 ; pattern
SET_PRESSURE_ADVANCE ADVANCE=0.0236 ; pattern 37/51
G1 E-0.5 F2700 ; retract
G0 Z0.8 F3600
G0 X153.433 Y93.0583 F27000
G0 Z0.6 F3600
G1 E0.5 F2700 ; unretract
G1 X174.6463 Y114.2715 E1.01546 F12000 ; pattern
G1 X153.433 Y135.4847 E1.01546 F12000 ; pattern
G0 X154.0087 Y135.4847 F27000
G1 X175.2219 Y114.2715 E1.01546 F12000 ; pattern
G1 X154.0087 Y93.0583 E1.01546 F12000 ; pattern
G0 X154.5844 Y93.0583 F27000
G1 X175.7976 Y114.2715 E1.01546 F12000 ; pattern
G1 X154.5844 Y135.4847 E1.01546 F12000 ; pattern
SET_PRESSURE_ADVANCE ADVANCE=0.0237 ; pattern 38/51
G1 E-0.5 F2700 ; retract
G0 Z0.8 F3600
G0 X157.0344 Y93.0583 F27000
G0 Z0.6 F3600
G1 E0.5 F2700 ; unretract
G1 X178.2476 Y114.2715 E1.01546 F12000 ; pattern
G1 X157.0344 Y135.4847 E1.01546 F12000 ; pattern
G0 X157.6101 Y135.4847 F27000
G1 X178.8233 Y114.2715 E1.01546 F12000 ; pattern
G1 X157.6101 Y93.0583 E1.01546 F12000 ; pattern
G0 X158.1858 Y93.0583 F27000
G1 X179.399 Y114.2715 E1.01546 F12000 ; pattern
G1 X158.1858 Y135.4847 E1.01546 F12000 ; pattern
SET_PRESSURE_ADVANCE ADVANCE=0.0238 ; pattern 39/51
G1 E-0.5 F2700 ; retract
G0 Z0.8 F3600
G0 X160.6358 Y93.0583 F27000
G0 Z0.6 F3600
G1 E0.5 F2700 ; unretract
G1 X181.849 Y114.2715 E1.01546 F12000 ; pattern
G1 X160.6358 Y135.4847 E1.01546 F12000 ; pattern
G0 X161.2115 Y135.4847 F27000
G1 X182.4247 Y114.2715 E1.01546 F12000 ; pattern
G1 X161.2115 Y93.0583 E1.01546 F12000 ; pattern
G0 X161.7872 Y93.0583 F27000
G1 X183.0004 Y114.2715 E1.01546 F12000 ; pattern
G1 X161.7872 Y135.4847 E1.01546 F12000 ; pattern
SET_PRESSURE_ADVANCE ADVANCE=0.0239 ; pattern 40/51
G1 E-0.5 F2700 ; retract
G0 Z0.8 F3600
G0 X164.2372 Y93.0583 F27000
G0 Z0.6 F3600
G1 E0.5 F2700 ; unretract
G1 X185.4504 Y114.2715 E1.01546 F12000 ; pattern
G1 X164.2372 Y135.4847 E1.01546 F12000 ; pattern
G0 X164.8129 Y135.4847 F27000
G1 X186.0261 Y114.2715 E1.01546 F12000 ; pattern
G1 X164.8129 Y93.0583 E1.01546 F12000 ; pattern
G0 X165.3886 Y93.0583 F27000
G1 X186.6018 Y114.2715 E1.01546 F12000 ; pattern
G1 X165.3886 Y135.4847 E1.01546 F12000 ; pattern
SET_PRESSURE_ADVANCE ADVANCE=0.024 ; pattern 41/51
G1 E-0.5 F2700 ; retract
G0 Z0.8 F3600
G0 X167.8386 Y93.0583 F27000
G0 Z0.6 F3600
G1 E0.5 F2700 ; unretract
G1 X189.0518 Y114.2715 E1.01546 F12000 ; pattern
G1 X167.8386 Y135.4847 E1.01546 F12000 ; pattern
G0 X168.4143 Y135.4847 F27000
G1 X189.6275 Y114.2715 E1.01546 F12000 ; pattern
G1 X168.4143 Y93.0583 E1.01546 F12000 ; pattern
G0 X168.99 Y93.0583 F27000
G1 X190.2032 Y114.2715 E1.01546 F12000 ; pattern
G1 X168.99 Y135.4847 E1.01546 F12000 ; pattern
SET_PRESSURE_ADVANCE ADVANCE=0.0241 ; pattern 42/51
G1 E-0.5 F2700 ; retract
G0 Z0.8 F3600
G0 X171.44 Y93.0583 F27000
G0 Z0.6 F3600
G1 E0.5 F2700 ; unretract
G1 X192.6532 Y114.2715 E1.01546 F12000 ; pattern
G1 X171.44 Y135.4847 E1.01546 F12000 ; pattern
G0 X172.0157 Y135.4847 F27000
G1 X193.2289 Y114.2715 E1.01546 F12000 ; pattern
G1 X172.0157 Y93.0583 E1.01546 F12000 ; pattern
G0 X172.5914 Y93.0583 F27000
G1 X193.8046 Y114.2715 E1.01546 F12000 ; pattern
G1 X172.5914 Y135.4847 E1.01546 F12000 ; pattern
SET_PRESSURE_ADVANCE ADVANCE=0.0242 ; pattern 43/51
G1 E-0.5 F2700 ; retract
G0 Z0.8 F3600
G0 X175.0414 Y93.0583 F27000
G0 Z0.6 F3600
G1 E0.5 F2700 ; unretract
G1 X196.2546 Y114.2715 E1.01546 F12000 ; pattern
G1 X175.0414 Y135.4847 E1.01546 F12000 ; pattern
G0 X175.6171 Y135.4847 F27000
G1 X196.8303 Y114.2715 E1.01546 F12000 ; pattern
G1 X175.6171 Y93.0583 E1.01546 F12000 ; pattern
G0 X176.1928 Y93.0583 F27000
G1 X197.406 Y114.2715 E1.01546 F12000 ; pattern
G1 X176.1928 Y135.4847 E1.01546 F12000 ; pattern
SET_PRESSURE_ADVANCE ADVANCE=0.0243 ; pattern 44/51
G1 E-0.5 F2700 ; retract
G0 Z0.8 F3600
G0 X178.6428 Y93.0583 F27000
G0 Z0.6 F3600
G1 E0.5 F2700 ; unretract
G1 X199.856 Y114.2715 E1.01546 F12000 ; pattern
G1 X178.6428 Y135.4847 E1.01546 F12000 ; pattern
G0 X179.2185 Y135.4847 F27000
G1 X200.4317 Y114.2715 E1.01546 F12000 ; pattern
G1 X179.2185 Y93.0583 E1.01546 F12000 ; pattern
G0 X179.7942 Y93.0583 F27000
G1 X201.0074 Y114.2715 E1.01546 F12000 ; pattern
G1 X179.7942 Y135.4847 E1.01546 F12000 ; pattern
SET_PRESSURE_ADVANCE ADVANCE=0.0244 ; pattern 45/51
G1 E-0.5 F2700 ; retract
G0 Z0.8 F3600
G0 X182.2442 Y93.0583 F27000
G0 Z0.6 F3600
G1 E0.5 F2700 ; unretract
G1 X203.4574 Y114.2715 E1.01546 F12000 ; pattern
G1 X182.2442 Y135.4847 E1.01546 F12000 ; pattern
G0 X182.8199 Y135.4847 F27000
G1 X204.0331 Y114.2715 E1.01546 F12000 ; pattern
G1 X182.8199 Y93.0583 E1.01546 F12000 ; pattern
G0 X183.3956 Y93.0583 F27000
G1 X204.6088 Y114.2715 E1.01546 F12000 ; pattern
G1 X183.3956 Y135.4847 E1.01546 F12000 ; pattern
SET_PRESSURE_ADVANCE ADVANCE=0.0245 ; pattern 46/51
G1 E-0.5 F2700 ; retract
G0 Z0.8 F3600
G0 X185.8456 Y93.0583 F27000
G0 Z0.6 F3600
G1 E0.5 F2700 ; unretract
G1 X207.0588 Y114.2715 E1.01546 F12000 ; pattern
G1 X185.8456 Y135.4847 E1.01546 F12000 ; pattern
G0 X186.4213 Y135.4847 F27000
G1 X207.6345 Y114.2715 E1.01546 F12000 ; pattern
G1 X186.4213 Y93.0583 E1.01546 F12000 ; pattern
G0 X186.997 Y93.0583 F27000
G1 X208.2102 Y114.2715 E1.01546 F12000 ; pattern
G1 X186.997 Y135.4847 E1.01546 F12000 ; pattern
SET_PRESSURE_ADVANCE ADVANCE=0.0246 ; pattern 47/51
G1 E-0.5 F2700 ; retract
G0 Z0.8 F3600
G0 X189.447 Y93.0583 F27000
G0 Z0.6 F3600
G1 E0.5 F2700 ; unretract
G1 X210.6602 Y114.2715 E1.01546 F12000 ; pattern
G1 X189.447 Y135.4847 E1.01546 F12000 ; pattern
G0 X190.0227 Y135.4847 F27000
G1 X211.2359 Y114.2715 E1.01546 F12000 ; pattern
G1 X190.0227 Y93.0583 E1.01546 F12000 ; pattern
G0 X190.5984 Y93.0583 F27000
G1 X211.8116 Y114.2715 E1.01546 F12000 ; pattern
G1 X190.5984 Y135.4847 E1.01546 F12000 ; pattern
SET_PRESSURE_ADVANCE ADVANCE=0.0247 ; pattern 48/51
G1 E-0.5 F2700 ; retract
G0 Z0.8 F3600
G0 X193.0484 Y93.0583 F27000
G0 Z0.6 F3600
G1 E0.5 F2700 ; unretract
G1 X214.2616 Y114.2715 E1.01546 F12000 ; pattern
G1 X193.0484 Y135.4847 E1.01546 F12000 ; pattern
G0 X193.6241 Y135.4847 F27000
G1 X214.8373 Y114.2715 E1.01546 F12000 ; pattern
G1 X193.6241 Y93.0583 E1.01546 F12000 ; pattern
G0 X194.1998 Y93.0583 F27000
G1 X215.413 Y114.2715 E1.01546 F12000 ; pattern
G1 X194.1998 Y135.4847 E1.01546 F12000 ; pattern
SET_PRESSURE_ADVANCE ADVANCE=0.0248 ; pattern 49/51
G1 E-0.5 F2700 ; retract
G0 Z0.8 F3600
G0 X196.6498 Y93.0583 F27000
G0 Z0.6 F3600
G1 E0.5 F2700 ; unretract
G1 X217.863 Y114.2715 E1.01546 F12000 ; pattern
G1 X196.6498 Y135.4847 E1.01546 F12000 ; pattern
G0 X197.2255 Y135.4847 F27000
G1 X218.4387 Y114.2715 E1.01546 F12000 ; pattern
G1 X197.2255 Y93.0583 E1.01546 F12000 ; pattern
G0 X197.8012 Y93.0583 F27000
G1 X219.0144 Y114.2715 E1.01546 F12000 ; pattern
G1 X197.8012 Y135.4847 E1.01546 F12000 ; pattern
SET_PRESSURE_ADVANCE ADVANCE=0.0249 ; pattern 50/51
G1 E-0.5 F2700 ; retract
G0 Z0.8 F3600
G0 X200.2512 Y93.0583 F27000
G0 Z0.6 F3600
G1 E0.5 F2700 ; unretract
G1 X221.4644 Y114.2715 E1.01546 F12000 ; pattern
G1 X200.2512 Y135.4847 E1.01546 F12000 ; pattern
G0 X200.8269 Y135.4847 F27000
G1 X222.0401 Y114.2715 E1.01546 F12000 ; pattern
G1 X200.8269 Y93.0583 E1.01546 F12000 ; pattern
G0 X201.4026 Y93.0583 F27000
G1 X222.6158 Y114.2715 E1.01546 F12000 ; pattern
G1 X201.4026 Y135.4847 E1.01546 F12000 ; pattern
SET_PRESSURE_ADVANCE ADVANCE=0.025 ; pattern 51/51
G1 E-0.5 F2700 ; retract
G0 Z0.8 F3600
G0 X203.8526 Y93.0583 F27000
G0 Z0.6 F3600
G1 E0.5 F2700 ; unretract
G1 X225.0658 Y114.2715 E1.01546 F12000 ; pattern
G1 X203.8526 Y135.4847 E1.01546 F12000 ; pattern
G0 X204.4283 Y135.4847 F27000
G1 X225.6415 Y114.2715 E1.01546 F12000 ; pattern
G1 X204.4283 Y93.0583 E1.01546 F12000 ; pattern
G0 X205.004 Y93.0583 F27000
G1 X226.2172 Y114.2715 E1.01546 F12000 ; pattern
G1 X205.004 Y135.4847 E1.01546 F12000 ; pattern
;LAYER_CHANGE
;Z:0.8
;HEIGHT:0.2
SET_PRINT_STATS_INFO CURRENT_LAYER=4
G0 Z0.8 F3600
;TYPE:External perimeter
SET_PRESSURE_ADVANCE ADVANCE=0.02 ; pattern 1/51
G1 E-0.5 F2700 ; retract
G0 Z1 F3600
G0 X23.7828 Y93.0583 F27000
G0 Z0.8 F3600
G1 E0.5 F2700 ; unretract
G1 X44.996 Y114.2715 E1.01546 F12000 ; pattern
G1 X23.7828 Y135.4847 E1.01546 F12000 ; pattern
G0 X24.3585 Y135.4847 F27000
G1 X45.5717 Y114.2715 E1.01546 F12000 ; pattern
G1 X24.3585 Y93.0583 E1.01546 F12000 ; pattern
G0 X24.9342 Y93.0583 F27000
G1 X46.1474 Y114.2715 E1.01546 F12000 ; pattern
G1 X24.9342 Y135.4847 E1.01546 F12000 ; pattern
SET_PRESSURE_ADVANCE ADVANCE=0.0201 ; pattern 2/51
G1 E-0.5 F2700 ; retract
G0 Z1 F3600
G0 X27.3842 Y93.0583 F27000
G0 Z0.8 F3600
G1 E0.5 F2700 ; unretract
G1 X48.5974 Y114.2715 E1.01546 F12000 ; pattern
G1 X27.3842 Y135.4847 E1.01546 F12000 ; pattern
G0 X27.9599 Y135.4847 F27000
G1 X49.1731 Y114.2715 E1.01546 F12000 ; pattern
G1 X27.9599 Y93.0583 E1.01546 F12000 ; pattern
G0 X28.5356 Y93.0583 F27000
G1 X49.7488 Y114.2715 E1.01546 F12000 ; pattern
G1 X28.5356 Y135.4847 E1.01546 F12000 ; pattern
SET_PRESSURE_ADVANCE ADVANCE=0.0202 ; pattern 3/51
G1 E-0.5 F2700 ; retract
G0 Z1 F3600
G0 X30.9856 Y93.0583 F27000
G0 Z0.8 F3600
G1 E0.5 F2700 ; unretract
G1 X52.1988 Y114.2715 E1.01546 F12000 ; pattern
G1 X30.9856 Y135.4847 E1.01546 F12000 ; pattern
G0 X31.5613 Y135.4847 F27000
G1 X52.7745 Y114.2715 E1.01546 F12000 ; pattern
G1 X31.5613 Y93.0583 E1.01546 F12000 ; pattern
G0 X32.137 Y93.0583 F27000
G1 X53.3502 Y114.2715 E1.01546 F12000 ; pattern
G1 X32.137 Y135.4847 E1.01546 F12000 ; pattern
SET_PRESSURE_ADVANCE ADVANCE=0.0203 ; pattern 4/51
G1 E-0.5 F2700 ; retract
G0 Z1 F3600
G0 X34.587 Y93.0583 F27000
G0 Z0.8 F3600
G1 E0.5 F2700 ; unretract
G1 X55.8002 Y114.2715 E1.01546 F12000 ; pattern
G1 X34.587 Y135.4847 E1.01546 F12000 ; pattern
G0 X35.1627 Y135.4847 F27000
G1 X56.3759 Y114.2715 E1.01546 F12000 ; pattern
G1 X35.1627 Y93.0583 E1.01546 F12000 ; pattern
G0 X35.7384 Y93.0583 F27000
G1 X56.9516 Y114.2715 E1.01546 F12000 ; pattern
G1 X35.7384 Y135.4847 E1.01546 F12000 ; pattern
SET_PRESSURE_ADVANCE ADVANCE=0.0204 ; pattern 5/51
G1 E-0.5 F2700 ; retract
G0 Z1 F3600
G0 X38.1884 Y93.0583 F27000
G0 Z0.8 F3600
G1 E0.5 F2700 ; unretract
G1 X59.4016 Y114.2715 E1.01546 F12000 ; pattern
G1 X38.1884 Y135.4847 E1.01546 F12000 ; pattern
G0 X38.7641 Y135.4847 F27000
G1 X59.9773 Y114.2715 E1.01546 F12000 ; pattern
G1 X38.7641 Y93.0583 E1.01546 F12000 ; pattern
G0 X39.3398 Y93.0583 F27000
G1 X60.553 Y114.2715 E1.01546 F12000 ; pattern
G1 X39.3398 Y135.4847 E1.01546 F12000 ; pattern
SET_PRESSURE_ADVANCE ADVANCE=0.0205 ; pattern 6/51
G1 E-0.5 F2700 ; retract
G0 Z1 F3600
G0 X41.7898 Y93.0583 F27000
G0 Z0.8 F3600
G1 E0.5 F2700 ; unretract
G1 X63.003 Y114.2715 E1.01546 F12000 ; pattern
G1 X41.7898 Y135.4847 E1.01546 F12000 ; pattern
G0 X42.3655 Y135.4847 F27000
G1 X63.5787 Y114.2715 E1.01546 F12000 ; pattern
G1 X42.3655 Y93.0583 E1.01546 F12000 ; pattern
G0 X42.9412 Y93.0583 F27000
G1 X64.1544 Y114.2715 E1.01546 F12000 ; pattern
G1 X42.9412 Y135.4847 E1.01546 F12000 ; pattern
SET_PRESSURE_ADVANCE ADVANCE=0.0206 ; pattern 7/51
G1 E-0.5 F2700 ; retract
G0 Z1 F3600
G0 X45.3912 Y93.0583 F27000
G0 Z0.8 F3600
G1 E0.5 F2700 ; unretract
G1 X66.6044 Y114.2715 E1.01546 F12000 ; pattern
G1 X45.3912 Y135.4847 E1.01546 F12000 ; pattern
G0 X45.9669 Y135.4847 F27000
G1 X67.1801 Y114.2715 E1.01546 F12000 ; pattern
G1 X45.9669 Y93.0583 E1.01546 F12000 ; pattern
G0 X46.5426 Y93.0583 F27000
G1 X67.7558 Y114.2715 E1.01546 F12000 ; pattern
G1 X46.5426 Y135.4847 E1.01546 F12000 ; pattern
SET_PRESSURE_ADVANCE ADVANCE=0.0207 ; pattern 8/51
G1 E-0.5 F2700 ; retract
G0 Z1 F3600
G0 X48.9926 Y93.0583 F27000
G0 Z0.8 F3600
G1 E0.5 F2700 ; unretract
G1 X70.2058 Y114.2715 E1.01546 F12000 ; pattern
G1 X48.9926 Y135.4847 E1.01546 F12000 ; pattern
G0 X49.5683 Y135.4847 F27000
G1 X70.7815 Y114.2715 E1.01546 F12000 ; pattern
G1 X49.5683 Y93.0583 E1.01546 F12000 ; pattern
G0 X50.144 Y93.0583 F27000
G1 X71.3572 Y114.2715 E1.01546 F12000 ; pattern
G1 X50.144 Y135.4847 E1.01546 F12000 ; pattern
SET_PRESSURE_ADVANCE ADVANCE=0.0208 ; pattern 9/51
G1 E-0.5 F2700 ; retract
G0 Z1 F3600
G0 X52.594 Y93.0583 F27000
G0 Z0.8 F3600
G1 E0.5 F2700 ; unretract
G1 X73.8072 Y114.2715 E1.01546 F12000 ; pattern
G1 X52.594 Y135.4847 E1.01546 F12000 ; pattern
G0 X53.1697 Y135.4847 F27000
G1 X74.3829 Y114.2715 E1.01546 F12000 ; pattern
G1 X53.1697 Y93.0583 E1.01546 F12000 ; pattern
G0 X53.7454 Y93.0583 F27000
G1 X74.9586 Y114.2715 E1.01546 F12000 ; pattern
G1 X53.7454 Y135.4847 E1.01546 F12000 ; pattern
SET_PRESSURE_ADVANCE ADVANCE=0.0209 ; pattern 10/51
G1 E-0.5 F2700 ; retract
G0 Z1 F3600
G0 X56.1954 Y93.0583 F27000
G0 Z0.8 F3600
G1 E0.5 F2700 ; unretract
G1 X77.4086 Y114.2715 E1.01546 F12000 ; pattern
G1 X56.1954 Y135.4847 E1.01546 F12000 ; pattern
G0 X56.7711 Y135.4847 F27000
G1 X77.9843 Y114.2715 E1.01546 F12000 ; pattern
G1 X56.7711 Y93.0583 E1.01546 F12000 ; pattern
G0 X57.3468 Y93.0583 F27000
G1 X78.56 Y114.2715 E1.01546 F12000 ; pattern
G1 X57.3468 Y135.4847 E1.01546 F12000 ; pattern
SET_PRESSURE_ADVANCE ADVANCE=0.021 ; pattern 11/51
G1 E-0.5 F2700 ; retract
G0 Z1 F3600
G0 X59.7968 Y93.0583 F27000
G0 Z0.8 F3600
G1 E0.5 F2700 ; unretract
G1 X81.01 Y114.2715 E1.01546 F12000 ; pattern
G1 X59.7968 Y135.4847 E1.01546 F12000 ; pattern
G0 X60.3725 Y135.4847 F27000
G1 X81.5857 Y114.2715 E1.01546 F12000 ; pattern
G1 X60.3725 Y93.0583 E1.01546 F12000 ; pattern
G0 X60.9482 Y93.0583 F27000
G1 X82.1614 Y114.2715 E1.01546 F12000 ; pattern
G1 X60.9482 Y135.4847 E1.01546 F12000 ; pattern
SET_PRESSURE_ADVANCE ADVANCE=0.0211 ; pattern 12/51
G1 E-0.5 F2700 ; retract
G0 Z1 F3600
G0 X63.3982 Y93.0583 F27000
G0 Z0.8 F3600
G1 E0.5 F2700 ; unretract
G1 X84.6114 Y114.2715 E1.01546 F12000 ; pattern
G1 X63.3982 Y135.4847 E1.01546 F12000 ; pattern
G0 X63.9739 Y135.4847 F27000
G1 X85.1871 Y114.2715 E1.01546 F12000 ; pattern
G1 X63.9739 Y93.0583 E1.01546 F12000 ; pattern
G0 X64.5496 Y93.0583 F27000
G1 X85.7628 Y114.2715 E1.01546 F12000 ; pattern
G1 X64.5496 Y135.4847 E1.01546 F12000 ; pattern
SET_PRESSURE_ADVANCE ADVANCE=0.0212 ; pattern 13/51
G1 E-0.5 F2700 ; retract
G0 Z1 F3600
G0 X66.9996 Y93.0583 F27000
G0 Z0.8 F3600
G1 E0.5 F2700 ; unretract
G1 X88.2128 Y114.2715 E1.01546 F12000 ; pattern
G1 X66.9996 Y135.4847 E1.01546 F12000 ; pattern
G0 X67.5753 Y135.4847 F27000
G1 X88.7885 Y114.2715 E1.01546 F12000 ; pattern
G1 X67.5753 Y93.0583 E1.01546 F12000 ; pattern
G0 X68.151 Y93.0583 F27000
G1 X89.3642 Y114.2715 E1.01546 F12000 ; pattern
G1 X68.151 Y135.4847 E1.01546 F12000 ; pattern
SET_PRESSURE_ADVANCE ADVANCE=0.0213 ; pattern 14/51
G1 E-0.5 F2700 ; retract
G0 Z1 F3600
G0 X70.601 Y93.0583 F27000
G0 Z0.8 F3600
G1 E0.5 F2700 ; unretract
G1 X91.8142 Y114.2715 E1.01546 F12000 ; pattern
G1 X70.601 Y135.4847 E1.01546 F12000 ; pattern
G0 X71.1767 Y135.4847 F27000
G1 X92.3899 Y114.2715 E1.01546 F12000 ; pattern
G1 X71.1767 Y93.0583 E1.01546 F12000 ; pattern
G0 X71.7524 Y93.0583 F27000
G1 X92.9656 Y114.2715 E1.01546 F12000 ; pattern
G1 X71.7524 Y135.4847 E1.01546 F12000 ; pattern
SET_PRESSURE_ADVANCE ADVANCE=0.0214 ; pattern 15/51
G1 E-0.5 F2700 ; retract
G0 Z1 F3600
G0 X74.2024 Y93.0583 F27000
G0 Z0.8 F3600
G1 E0.5 F2700 ; unretract
G1 X95.4156 Y114.2715 E1.01546 F12000 ; pattern
G1 X74.2024 Y135.4847 E1.01546 F12000 ; pattern
G0 X74.7781 Y135.4847 F27000
G1 X95.9913 Y114.2715 E1.01546 F12000 ; pattern
G1 X74.7781 Y93.0583 E1.01546 F12000 ; pattern
G0 X75.3537 Y93.0583 F27000
G1 X96.567 Y114.2715 E1.01546 F12000 ; pattern
G1 X75.3537 Y135.4847 E1.01546 F12000 ; pattern
SET_PRESSURE_ADVANCE ADVANCE=0.0215 ; pattern 16/51
G1 E-0.5 F2700 ; retract
G0 Z1 F3600
G0 X77.8037 Y93.0583 F27000
G0 Z0.8 F3600
G1 E0.5 F2700 ; unretract
G1 X99.017 Y114.2715 E1.01546 F12000 ; pattern
G1 X77.8037 Y135.4847 E1.01546 F12000 ; pattern
G0 X78.3794 Y135.4847 F27000
G1 X99.5927 Y114.2715 E1.01546 F12000 ; pattern
G1 X78.3794 Y93.0583 E1.01546 F12000 ; pattern
G0 X78.9551 Y93.0583 F27000
G1 X100.1683 Y114.2715 E1.01546 F12000 ; pattern
G1 X78.9551 Y135.4847 E1.01546 F12000 ; pattern
SET_PRESSURE_ADVANCE ADVANCE=0.0216 ; pattern 17/51
G1 E-0.5 F2700 ; retract
G0 Z1 F3600
G0 X81.4051 Y93.0583 F27000
G0 Z0.8 F3600
G1 E0.5 F2700 ; unretract
G1 X102.6183 Y114.2715 E1.01546 F12000 ; pattern
G1 X81.4051 Y135.4847 E1.01546 F12000 ; pattern
G0 X81.9808 Y135.4847 F27000
G1 X103.194 Y114.2715 E1.01546 F12000 ; pattern
G1 X81.9808 Y93.0583 E1.01546 F12000 ; pattern
G0 X82.5565 Y93.0583 F27000
G1 X103.7697 Y114.2715 E1.01546 F12000 ; pattern
G1 X82.5565 Y135.4847 E1.01546 F12000 ; pattern
SET_PRESSURE_ADVANCE ADVANCE=0.0217 ; pattern 18/51
G1 E-0.5 F2700 ; retract
G0 Z1 F3600
G0 X85.0065 Y93.0583 F27000
G0 Z0.8 F3600
G1 E0.5 F2700 ; unretract
G1 X106.2197 Y114.2715 E1.01546 F12000 ; pattern
G1 X85.0065 Y135.4847 E1.01546 F12000 ; pattern
G0 X85.5822 Y135.4847 F27000
G1 X106.7954 Y114.2715 E1.01546 F12000 ; pattern
G1 X85.5822 Y93.0583 E1.01546 F12000 ; pattern
G0 X86.1579 Y93.0583 F27000
G1 X107.3711 Y114.2715 E1.01546 F12000 ; pattern
G1 X86.1579 Y135.4847 E1.01546 F12000 ; pattern
SET_PRESSURE_ADVANCE ADVANCE=0.0218 ; pattern 19/51
G1 E-0.5 F2700 ; retract
G0 Z1 F3600
G0 X88.6079 Y93.0583 F27000
G0 Z0.8 F3600
G1 E0.5 F2700 ; unretract
G1 X109.8211 Y114.2715 E1.01546 F12000 ; pattern
G1 X88.6079 Y135.4847 E1.01546 F12000 ; pattern
G0 X89.1836 Y135.4847 F27000
G1 X110.3968 Y114.2715 E1.01546 F12000 ; pattern
G1 X89.1836 Y93.0583 E1.01546 F12000 ; pattern
G0 X89.7593 Y93.0583 F27000
G1 X110.9725 Y114.2715 E1.01546 F12000 ; pattern
G1 X89.7593 Y135.4847 E1.01546 F12000 ; pattern
SET_PRESSURE_ADVANCE ADVANCE=0.0219 ; pattern 20/51
G1 E-0.5 F2700 ; retract
G0 Z1 F3600
G0 X92.2093 Y93.0583 F27000
G0 Z0.8 F3600
G1 E0.5 F2700 ; unretract
G1 X113.4225 Y114.2715 E1.01546 F12000 ; pattern
G1 X92.2093 Y135.4847 E1.01546 F12000 ; pattern
G0 X92.785 Y135.4847 F27000
G1 X113.9982 Y114.2715 E1.01546 F12000 ; pattern
G1 X92.785 Y93.0583 E1.01546 F12000 ; pattern
G0 X93.3607 Y93.0583 F27000
G1 X114.5739 Y114.2715 E1.01546 F12000 ; pattern
G1 X93.3607 Y135.4847 E1.01546 F12000 ; pattern
SET_PRESSURE_ADVANCE ADVANCE=0.022 ; pattern 21/51
G1 E-0.5 F2700 ; retract
G0 Z1 F3600
G0 X95.8107 Y93.0583 F27000
G0 Z0.8 F3600
G1 E0.5 F2700 ; unretract
G1 X117.0239 Y114.2715 E1.01546 F12000 ; pattern
G1 X95.8107 Y135.4847 E1.01546 F12000 ; pattern
G0 X96.3864 Y135.4847 F27000
G1 X117.5996 Y114.2715 E1.01546 F12000 ; pattern
G1 X96.3864 Y93.0583 E1.01546 F12000 ; pattern
G0 X96.9621 Y93.0583 F27000
G1 X118.1753 Y114.2715 E1.01546 F12000 ; pattern
G1 X96.9621 Y135.4847 E1.01546 F12000 ; pattern
SET_PRESSURE_ADVANCE ADVANCE=0.0221 ; pattern 22/51
G1 E-0.5 F2700 ; retract
G0 Z1 F3600
G0 X99.4121 Y93.0583 F27000
G0 Z0.8 F3600
G1 E0.5 F2700 ; unretract
G1 X120.6253 Y114.2715 E1.01546 F12000 ; pattern
G1 X99.4121 Y135.4847 E1.01546 F12000 ; pattern
G0 X99.9878 Y135.4847 F27000
G1 X121.201 Y114.2715 E1.01546 F12000 ; pattern
G1 X99.9878 Y93.0583 E1.01546 F12000 ; pattern
G0 X100.5635 Y93.0583 F27000
G1 X121.7767 Y114.2715 E1.01546 F12000 ; pattern
G1 X100.5635 Y135.4847 E1.01546 F12000 ; pattern
SET_PRESSURE_ADVANCE ADVANCE=0.0222 ; pattern 23/51
G1 E-0.5 F2700 ; retract
G0 Z1 F3600
G0 X103.0135 Y93.0583 F27000
G0 Z0.8 F3600
G1 E0.5 F2700 ; unretract
G1 X124.2267 Y114.2715 E1.01546 F12000 ; pattern
G1 X103.0135 Y135.4847 E1.01546 F12000 ; pattern
G0 X103.5892 Y135.4847 F27000
G1 X124.8024 Y114.2715 E1.01546 F12000 ; pattern
G1 X103.5892 Y93.0583 E1.01546 F12000 ; pattern
G0 X104.1649 Y93.0583 F27000
G1 X125.3781 Y114.2715 E1.01546 F12000 ; pattern
G1 X104.1649 Y135.4847 E1.01546 F12000 ; pattern
SET_PRESSURE_ADVANCE ADVANCE=0.0223 ; pattern 24/51
G1 E-0.5 F2700 ; retract
G0 Z1 F3600
G0 X106.6149 Y93.0583 F27000
G0 Z0.8 F3600
G1 E0.5 F2700 ; unretract
G1 X127.8281 Y114.2715 E1.01546 F12000 ; pattern
G1 X106.6149 Y135.4847 E1.01546 F12000 ; pattern
G0 X107.1906 Y135.4847 F27000
G1 X128.4038 Y114.2715 E1.01546 F12000 ; pattern
G1 X107.1906 Y93.0583 E1.01546 F12000 ; pattern
G0 X107.7663 Y93.0583 F27000
G1 X128.9795 Y114.2715 E1.01546 F12000 ; pattern
G1 X107.7663 Y135.4847 E1.01546 F12000 ; pattern
SET_PRESSURE_ADVANCE ADVANCE=0.0224 ; pattern 25/51
G1 E-0.5 F2700 ; retract
G0 Z1 F3600
G0 X110.2163 Y93.0583 F27000
G0 Z0.8 F3600
G1 E0.5 F2700 ; unretract
G1 X131.4295 Y114.2715 E1.01546 F12000 ; pattern
G1 X110.2163 Y135.4847 E1.01546 F12000 ; pattern
G0 X110.792 Y135.4847 F27000
G1 X132.0052 Y114.2715 E1.01546 F12000 ; pattern
G1 X110.792 Y93.0583 E1.01546 F12000 ; pattern
G0 X111.3677 Y93.0583 F27000
G1 X132.5809 Y114.2715 E1.01546 F12000 ; pattern
G1 X111.3677 Y135.4847 E1.01546 F12000 ; pattern
SET_PRESSURE_ADVANCE ADVANCE=0.0225 ; pattern 26/51
G1 E-0.5 F2700 ; retract
G0 Z1 F3600
G0 X113.8177 Y93.0583 F27000
G0 Z0.8 F3600
G1 E0.5 F2700 ; unretract
G1 X135.0309 Y114.2715 E1.01546 F12000 ; pattern
G1 X113.8177 Y135.4847 E1.01546 F12000 ; pattern
G0 X114.3934 Y135.4847 F27000
G1 X135.6066 Y114.2715 E1.01546 F12000 ; pattern
G1 X114.3934 Y93.0583 E1.01546 F12000 ; pattern
G0 X114.9691 Y93.0583 F27000
G1 X136.1823 Y114.2715 E1.01546 F12000 ; pattern
G1 X114.9691 Y135.4847 E1.01546 F12000 ; pattern
SET_PRESSURE_ADVANCE ADVANCE=0.0226 ; pattern 27/51
G1 E-0.5 F2700 ; retract
G0 Z1 F3600
G0 X117.4191 Y93.0583 F27000
G0 Z0.8 F3600
G1 E0.5 F2700 ; unretract
G1 X138.6323 Y114.2715 E1.01546 F12000 ; pattern
G1 X117.4191 Y135.4847 E1.01546 F12000 ; pattern
G0 X117.9948 Y135.4847 F27000
G1 X139.208 Y114.2715 E1.01546 F12000 ; pattern
G1 X117.9948 Y93.0583 E1.01546 F12000 ; pattern
G0 X118.5705 Y93.0583 F27000
G1 X139.7837 Y114.2715 E1.01546 F12000 ; pattern
G1 X118.5705 Y135.4847 E1.01546 F12000 ; pattern
SET_PRESSURE_ADVANCE ADVANCE=0.0227 ; pattern 28/51
G1 E-0.5 F2700 ; retract
G0 Z1 F3600
G0 X121.0205 Y93.0583 F27000
G0 Z0.8 F3600
G1 E0.5 F2700 ; unretract
G1 X142.2337 Y114.2715 E1.01546 F12000 ; pattern
G1 X121.0205 Y135.4847 E1.01546 F12000 ; pattern
G0 X121.5962 Y135.4847 F27000
G1 X142.8094 Y114.2715 E1.01546 F12000 ; pattern
G1 X121.5962 Y93.0583 E1.01546 F12000 ; pattern
G0 X122.1719 Y93.0583 F27000
G1 X143.3851 Y114.2715 E1.01546 F12000 ; pattern
G1 X122.1719 Y135.4847 E1.01546 F12000 ; pattern
SET_PRESSURE_ADVANCE ADVANCE=0.0228 ; pattern 29/51
G1 E-0.5 F2700 ; retract
G0 Z1 F3600
G0 X124.6219 Y93.0583 F27000
G0 Z0.8 F3600
G1 E0.5 F2700 ; unretract
G1 X145.8351 Y114.2715 E1.01546 F12000 ; pattern
G1 X124.6219 Y135.4847 E1.01546 F12000 ; pattern
G0 X125.1976 Y135.4847 F27000
G1 X146.4108 Y114.2715 E1.01546 F12000 ; pattern
G1 X125.1976 Y93.0583 E1.01546 F12000 ; pattern
G0 X125.7733 Y93.0583 F27000
G1 X146.9865 Y114.2715 E1.01546 F12000 ; pattern
G1 X125.7733 Y135.4847 E1.01546 F12000 ; pattern
SET_PRESSURE_ADVANCE ADVANCE=0.0229 ; pattern 30/51
G1 E-0.5 F2700 ; retract
G0 Z1 F3600
G0 X128.2233 Y93.0583 F27000
G0 Z0.8 F3600
G1 E0.5 F2700 ; unretract
G1 X149.4365 Y114.2715 E1.01546 F12000 ; pattern
G1 X128.2233 Y135.4847 E1.01546 F12000 ; pattern
G0 X128.799 Y135.4847 F27000
G1 X150.0122 Y114.2715 E1.01546 F12000 ; pattern
G1 X128.799 Y93.0583 E1.01546 F12000 ; pattern
G0 X129.3747 Y93.0583 F27000
G1 X150.5879 Y114.2715 E1.01546 F12000 ; pattern
G1 X129.3747 Y135.4847 E1.01546 F12000 ; pattern
SET_PRESSURE_ADVANCE ADVANCE=0.023 ; pattern 31/51
G1 E-0.5 F2700 ; retract
G0 Z1 F3600
G0 X131.8247 Y93.0583 F27000
G0 Z0.8 F3600
G1 E0.5 F2700 ; unretract
G1 X153.0379 Y114.2715 E1.01546 F12000 ; pattern
G1 X131.8247 Y135.4847 E1.01546 F12000 ; pattern
G0 X132.4004 Y135.4847 F27000
G1 X153.6136 Y114.2715 E1.01546 F12000 ; pattern
G1 X132.4004 Y93.0583 E1.01546 F12000 ; pattern
G0 X132.9761 Y93.0583 F27000
G1 X154.1893 Y114.2715 E1.01546 F12000 ; pattern
G1 X132.9761 Y135.4847 E1.01546 F12000 ; pattern
SET_PRESSURE_ADVANCE ADVANCE=0.0231 ; pattern 32/51
G1 E-0.5 F2700 ; retract
G0 Z1 F3600
G0 X135.4261 Y93.0583 F27000
G0 Z0.8 F3600
G1 E0.5 F2700 ; unretract
G1 X156.6393 Y114.2715 E1.01546 F12000 ; pattern
G1 X135.4261 Y135.4847 E1.01546 F12000 ; pattern
G0 X136.0018 Y135.4847 F27000
G1 X157.215 Y114.2715 E1.01546 F12000 ; pattern
G1 X136.0018 Y93.0583 E1.01546 F12000 ; pattern
G0 X136.5775 Y93.0583 F27000
G1 X157.7907 Y114.2715 E1.01546 F12000 ; pattern
G1 X136.5775 Y135.4847 E1.01546 F12000 ; pattern
SET_PRESSURE_ADVANCE ADVANCE=0.0232 ; pattern 33/51
G1 E-0.5 F2700 ; retract
G0 Z1 F3600
G0 X139.0275 Y93.0583 F27000
G0 Z0.8 F3600
G1 E0.5 F2700 ; unretract
G1 X160.2407 Y114.2715 E1.01546 F12000 ; pattern
G1 X139.0275 Y135.4847 E1.01546 F12000 ; pattern
G0 X139.6032 Y135.4847 F27000
G1 X160.8164 Y114.2715 E1.01546 F12000 ; pattern
G1 X139.6032 Y93.0583 E1.01546 F12000 ; pattern
G0 X140.1789 Y93.0583 F27000
G1 X161.3921 Y114.2715 E1.01546 F12000 ; pattern
G1 X140.1789 Y135.4847 E1.01546 F12000 ; pattern
SET_PRESSURE_ADVANCE ADVANCE=0.0233 ; pattern 34/51
G1 E-0.5 F2700 ; retract
G0 Z1 F3600
G0 X142.6289 Y93.0583 F27000
G0 Z0.8 F3600
G1 E0.5 F2700 ; unretract
G1 X163.8421 Y114.2715 E1.01546 F12000 ; pattern
G1 X142.6289 Y135.4847 E1.01546 F12000 ; pattern
G0 X143.2046 Y135.4847 F27000
G1 X164.4178 Y114.2715 E1.01546 F12000 ; pattern
G1 X143.2046 Y93.0583 E1.01546 F12000 ; pattern
G0 X143.7803 Y93.0583 F27000
G1 X164.9935 Y114.2715 E1.01546 F12000 ; pattern
G1 X143.7803 Y135.4847 E1.01546 F12000 ; pattern
SET_PRESSURE_ADVANCE ADVANCE=0.0234 ; pattern 35/51
G1 E-0.5 F2700 ; retract
G0 Z1 F3600
G0 X146.2303 Y93.0583 F27000
G0 Z0.8 F3600
G1 E0.5 F2700 ; unretract
G1 X167.4435 Y114.2715 E1.01546 F12000 ; pattern
G1 X146.2303 Y135.4847 E1.01546 F12000 ; pattern
G0 X146.806 Y135.4847 F27000
G1 X168.0192 Y114.2715 E1.01546 F12000 ; pattern
G1 X146.806 Y93.0583 E1.01546 F12000 ; pattern
G0 X147.3817 Y93.0583 F27000
G1 X168.5949 Y114.2715 E1.01546 F12000 ; pattern
G1 X147.3817 Y135.4847 E1.01546 F12000 ; pattern
SET_PRESSURE_ADVANCE ADVANCE=0.0235 ; pattern 36/51
G1 E-0.5 F2700 ; retract
G0 Z1 F3600
G0 X149.8317 Y93.0583 F27000
G0 Z0.8 F3600
G1 E0.5 F2700 ; unretract
G1 X171.0449 Y114.2715 E1.01546 F12000 ; pattern
G1 X149.8317 Y135.4847 E1.01546 F12000 ; pattern
G0 X150.4073 Y135.4847 F27000
G1 X171.6206 Y114.2715 E1.01546 F12000 ; pattern
G1 X150.4073 Y93.0583 E1.01546 F12000 ; pattern
G0 X150.983 Y93.0583 F27000
G1 X172.1963 Y114.2715 E1.01546 F12000 ; pattern
G1 X150.983 Y135.4847 E1.01546 F12000 ; pattern
SET_PRESSURE_ADVANCE ADVANCE=0.0236 ; pattern 37/51
G1 E-0.5 F2700 ; retract
G0 Z1 F3600
G0 X153.433 Y93.0583 F27000
G0 Z0.8 F3600
G1 E0.5 F2700 ; unretract
G1 X174.6463 Y114.2715 E1.01546 F12000 ; pattern
G1 X153.433 Y135.4847 E1.01546 F12000 ; pattern
G0 X154.0087 Y135.4847 F27000
G1 X175.2219 Y114.2715 E1.01546 F12000 ; pattern
G1 X154.0087 Y93.0583 E1.01546 F12000 ; pattern
G0 X154.5844 Y93.0583 F27000
G1 X175.7976 Y114.2715 E1.01546 F12000 ; pattern
G1 X154.5844 Y135.4847 E1.01546 F12000 ; pattern
SET_PRESSURE_ADVANCE ADVANCE=0.0237 ; pattern 38/51
G1 E-0.5 F2700 ; retract
G0 Z1 F3600
G0 X157.0344 Y93.0583 F27000
G0 Z0.8 F3600
G1 E0.5 F2700 ; unretract
G1 X178.2476 Y114.2715 E1.01546 F12000 ; pattern
G1 X157.0344 Y135.4847 E1.01546 F12000 ; pattern
G0 X157.6101 Y135.4847 F27000
G1 X178.8233 Y114.2715 E1.01546 F12000 ; pattern
G1 X157.6101 Y93.0583 E1.01546 F12000 ; pattern
G0 X158.1858 Y93.0583 F27000
G1 X179.399 Y114.2715 E1.01546 F12000 ; pattern
G1 X158.1858 Y135.4847 E1.01546 F12000 ; pattern
SET_PRESSURE_ADVANCE ADVANCE=0.0238 ; pattern 39/51
G1 E-0.5 F2700 ; retract
G0 Z1 F3600
G0 X160.6358 Y93.0583 F27000
G0 Z0.8 F3600
G1 E0.5 F2700 ; unretract
G1 X181.849 Y114.2715 E1.01546 F12000 ; pattern
G1 X160.6358 Y135.4847 E1.01546 F12000 ; pattern
G0 X161.2115 Y135.4847 F27000
G1 X182.4247 Y114.2715 E1.01546 F12000 ; pattern
G1 X161.2115 Y93.0583 E1.01546 F12000 ; pattern
G0 X161.7872 Y93.0583 F27000
G1 X183.0004 Y114.2715 E1.01546 F12000 ; pattern
G1 X161.7872 Y135.4847 E1.01546 F12000 ; pattern
SET_PRESSURE_ADVANCE ADVANCE=0.0239 ; pattern 40/51
G1 E-0.5 F2700 ; retract
G0 Z1 F3600
G0 X164.2372 Y93.0583 F27000
G0 Z0.8 F3600
G1 E0.5 F2700 ; unretract
G1 X185.4504 Y114.2715 E1.01546 F12000 ; pattern
G1 X164.2372 Y135.4847 E1.01546 F12000 ; pattern
G0 X164.8129 Y135.4847 F27000
G1 X186.0261 Y114.2715 E1.01546 F12000 ; pattern
G1 X164.8129 Y93.0583 E1.01546 F12000 ; pattern
G0 X165.3886 Y93.0583 F27000
G1 X186.6018 Y114.2715 E1.01546 F12000 ; pattern
G1 X165.3886 Y135.4847 E1.01546 F12000 ; pattern
SET_PRESSURE_ADVANCE ADVANCE=0.024 ; pattern 41/51
G1 E-0.5 F2700 ; retract
G0 Z1 F3600
G0 X167.8386 Y93.0583 F27000
G0 Z0.8 F3600
G1 E0.5 F2700 ; unretract
G1 X189.0518 Y114.2715 E1.01546 F12000 ; pattern
G1 X167.8386 Y135.4847 E1.01546 F12000 ; pattern
G0 X168.4143 Y135.4847 F27000
G1 X189.6275 Y114.2715 E1.01546 F12000 ; pattern
G1 X168.4143 Y93.0583 E1.01546 F12000 ; pattern
G0 X168.99 Y93.0583 F27000
G1 X190.2032 Y114.2715 E1.01546 F12000 ; pattern
G1 X168.99 Y135.4847 E1.01546 F12000 ; pattern
SET_PRESSURE_ADVANCE ADVANCE=0.0241 ; pattern 42/51
G1 E-0.5 F2700 ; retract
G0 Z1 F3600
G0 X171.44 Y93.0583 F27000
G0 Z0.8 F3600
G1 E0.5 F2700 ; unretract
G1 X192.6532 Y114.2715 E1.01546 F12000 ; pattern
G1 X171.44 Y135.4847 E1.01546 F12000 ; pattern
G0 X172.0157 Y135.4847 F27000
G1 X193.2289 Y114.2715 E1.01546 F12000 ; pattern
G1 X172.0157 Y93.0583 E1.01546 F12000 ; pattern
G0 X172.5914 Y93.0583 F27000
G1 X193.8046 Y114.2715 E1.01546 F12000 ; pattern
G1 X172.5914 Y135.4847 E1.01546 F12000 ; pattern
SET_PRESSURE_ADVANCE ADVANCE=0.0242 ; pattern 43/51
G1 E-0.5 F2700 ; retract
G0 Z1 F3600
G0 X175.0414 Y93.0583 F27000
G0 Z0.8 F3600
G1 E0.5 F2700 ; unretract
G1 X196.2546 Y114.2715 E1.01546 F12000 ; pattern
G1 X175.0414 Y135.4847 E1.01546 F12000 ; pattern
G0 X175.6171 Y135.4847 F27000
G1 X196.8303 Y114.2715 E1.01546 F12000 ; pattern
G1 X175.6171 Y93.0583 E1.01546 F12000 ; pattern
G0 X176.1928 Y93.0583 F27000
G1 X197.406 Y114.2715 E1.01546 F12000 ; pattern
G1 X176.1928 Y135.4847 E1.01546 F12000 ; pattern
SET_PRESSURE_ADVANCE ADVANCE=0.0243 ; pattern 44/51
G1 E-0.5 F2700 ; retract
G0 Z1 F3600
G0 X178.6428 Y93.0583 F27000
G0 Z0.8 F3600
G1 E0.5 F2700 ; unretract
G1 X199.856 Y114.2715 E1.01546 F12000 ; pattern
G1 X178.6428 Y135.4847 E1.01546 F12000 ; pattern
G0 X179.2185 Y135.4847 F27000
G1 X200.4317 Y114.2715 E1.01546 F12000 ; pattern
G1 X179.2185 Y93.0583 E1.01546 F12000 ; pattern
G0 X179.7942 Y93.0583 F27000
G1 X201.0074 Y114.2715 E1.01546 F12000 ; pattern
G1 X179.7942 Y135.4847 E1.01546 F12000 ; pattern
SET_PRESSURE_ADVANCE ADVANCE=0.0244 ; pattern 45/51
G1 E-0.5 F2700 ; retract
G0 Z1 F3600
G0 X182.2442 Y93.0583 F27000
G0 Z0.8 F3600
G1 E0.5 F2700 ; unretract
G1 X203.4574 Y114.2715 E1.01546 F12000 ; pattern
G1 X182.2442 Y135.4847 E1.01546 F12000 ; pattern
G0 X182.8199 Y135.4847 F27000
G1 X204.0331 Y114.2715 E1.01546 F12000 ; pattern
G1 X182.8199 Y93.0583 E1.01546 F12000 ; pattern
G0 X183.3956 Y93.0583 F27000
G1 X204.6088 Y114.2715 E1.01546 F12000 ; pattern
G1 X183.3956 Y135.4847 E1.01546 F12000 ; pattern
SET_PRESSURE_ADVANCE ADVANCE=0.0245 ; pattern 46/51
G1 E-0.5 F2700 ; retract
G0 Z1 F3600
G0 X185.8456 Y93.0583 F27000
G0 Z0.8 F3600
G1 E0.5 F2700 ; unretract
G1 X207.0588 Y114.2715 E1.01546 F12000 ; pattern
G1 X185.8456 Y135.4847 E1.01546 F12000 ; pattern
G0 X186.4213 Y135.4847 F27000
G1 X207.6345 Y114.2715 E1.01546 F12000 ; pattern
G1 X186.4213 Y93.0583 E1.01546 F12000 ; pattern
G0 X186.997 Y93.0583 F27000
G1 X208.2102 Y114.2715 E1.01546 F12000 ; pattern
G1 X186.997 Y135.4847 E1.01546 F12000 ; pattern
SET_PRESSURE_ADVANCE ADVANCE=0.0246 ; pattern 47/51
G1 E-0.5 F2700 ; retract
G0 Z1 F3600
G0 X189.447 Y93.0583 F27000
G0 Z0.8 F3600
G1 E0.5 F2700 ; unretract
G1 X210.6602 Y114.2715 E1.01546 F12000 ; pattern
G1 X189.447 Y135.4847 E1.01546 F12000 ; pattern
G0 X190.0227 Y135.4847 F27000
G1 X211.2359 Y114.2715 E1.01546 F12000 ; pattern
G1 X190.0227 Y93.0583 E1.01546 F12000 ; pattern
G0 X190.5984 Y93.0583 F27000
G1 X211.8116 Y114.2715 E1.01546 F12000 ; pattern
G1 X190.5984 Y135.4847 E1.01546 F12000 ; pattern
SET_PRESSURE_ADVANCE ADVANCE=0.0247 ; pattern 48/51
G1 E-0.5 F2700 ; retract
G0 Z1 F3600
G0 X193.0484 Y93.0583 F27000
G0 Z0.8 F3600
G1 E0.5 F2700 ; unretract
G1 X214.2616 Y114.2715 E1.01546 F12000 ; pattern
G1 X193.0484 Y135.4847 E1.01546 F12000 ; pattern
G0 X193.6241 Y135.4847 F27000
G1 X214.8373 Y114.2715 E1.01546 F12000 ; pattern
G1 X193.6241 Y93.0583 E1.01546 F12000 ; pattern
G0 X194.1998 Y93.0583 F27000
G1 X215.413 Y114.2715 E1.01546 F12000 ; pattern
G1 X194.1998 Y135.4847 E1.01546 F12000 ; pattern
SET_PRESSURE_ADVANCE ADVANCE=0.0248 ; pattern 49/51
G1 E-0.5 F2700 ; retract
G0 Z1 F3600
G0 X196.6498 Y93.0583 F27000
G0 Z0.8 F3600
G1 E0.5 F2700 ; unretract
G1 X217.863 Y114.2715 E1.01546 F12000 ; pattern
G1 X196.6498 Y135.4847 E1.01546 F12000 ; pattern
G0 X197.2255 Y135.4847 F27000
G1 X218.4387 Y114.2715 E1.01546 F12000 ; pattern
G1 X197.2255 Y93.0583 E1.01546 F12000 ; pattern
G0 X197.8012 Y93.0583 F27000
G1 X219.0144 Y114.2715 E1.01546 F12000 ; pattern
G1 X197.8012 Y135.4847 E1.01546 F12000 ; pattern
SET_PRESSURE_ADVANCE ADVANCE=0.0249 ; pattern 50/51
G1 E-0.5 F2700 ; retract
G0 Z1 F3600
G0 X200.2512 Y93.0583 F27000
G0 Z0.8 F3600
G1 E0.5 F2700 ; unretract
G1 X221.4644 Y114.2715 E1.01546 F12000 ; pattern
G1 X200.2512 Y135.4847 E1.01546 F12000 ; pattern
G0 X200.8269 Y135.4847 F27000
G1 X222.0401 Y114.2715 E1.01546 F12000 ; pattern
G1 X200.8269 Y93.0583 E1.01546 F12000 ; pattern
G0 X201.4026 Y93.0583 F27000
G1 X222.6158 Y114.2715 E1.01546 F12000 ; pattern
G1 X201.4026 Y135.4847 E1.01546 F12000 ; pattern
SET_PRESSURE_ADVANCE ADVANCE=0.025 ; pattern 51/51
G1 E-0.5 F2700 ; retract
G0 Z1 F3600
G0 X203.8526 Y93.0583 F27000
G0 Z0.8 F3600
G1 E0.5 F2700 ; unretract
G1 X225.0658 Y114.2715 E1.01546 F12000 ; pattern
G1 X203.8526 Y135.4847 E1.01546 F12000 ; pattern
G0 X204.4283 Y135.4847 F27000
G1 X225.6415 Y114.2715 E1.01546 F12000 ; pattern
G1 X204.4283 Y93.0583 E1.01546 F12000 ; pattern
G0 X205.004 Y93.0583 F27000
G1 X226.2172 Y114.2715 E1.01546 F12000 ; pattern
G1 X205.004 Y135.4847 E1.01546 F12000 ; pattern
;LAYER_CHANGE
;Z:1
;HEIGHT:0.2
SET_PRINT_STATS_INFO CURRENT_LAYER=5
G0 Z1 F3600
M106 S38 ; fan
;TYPE:External perimeter
SET_PRESSURE_ADVANCE ADVANCE=0.02 ; pattern 1/51
G1 E-0.5 F2700 ; retract
G0 Z1.2 F3600
G0 X23.7828 Y93.0583 F27000
G0 Z1 F3600
G1 E0.5 F2700 ; unretract
G1 X44.996 Y114.2715 E1.01546 F12000 ; pattern
G1 X23.7828 Y135.4847 E1.01546 F12000 ; pattern
G0 X24.3585 Y135.4847 F27000
G1 X45.5717 Y114.2715 E1.01546 F12000 ; pattern
G1 X24.3585 Y93.0583 E1.01546 F12000 ; pattern
G0 X24.9342 Y93.0583 F27000
G1 X46.1474 Y114.2715 E1.01546 F12000 ; pattern
G1 X24.9342 Y135.4847 E1.01546 F12000 ; pattern
SET_PRESSURE_ADVANCE ADVANCE=0.0201 ; pattern 2/51
G1 E-0.5 F2700 ; retract
G0 Z1.2 F3600
G0 X27.3842 Y93.0583 F27000
G0 Z1 F3600
G1 E0.5 F2700 ; unretract
G1 X48.5974 Y114.2715 E1.01546 F12000 ; pattern
G1 X27.3842 Y135.4847 E1.01546 F12000 ; pattern
G0 X27.9599 Y135.4847 F27000
G1 X49.1731 Y114.2715 E1.01546 F12000 ; pattern
G1 X27.9599 Y93.0583 E1.01546 F12000 ; pattern
G0 X28.5356 Y93.0583 F27000
G1 X49.7488 Y114.2715 E1.01546 F12000 ; pattern
G1 X28.5356 Y135.4847 E1.01546 F12000 ; pattern
SET_PRESSURE_ADVANCE ADVANCE=0.0202 ; pattern 3/51
G1 E-0.5 F2700 ; retract
G0 Z1.2 F3600
G0 X30.9856 Y93.0583 F27000
G0 Z1 F3600
G1 E0.5 F2700 ; unretract
G1 X52.1988 Y114.2715 E1.01546 F12000 ; pattern
G1 X30.9856 Y135.4847 E1.01546 F12000 ; pattern
G0 X31.5613 Y135.4847 F27000
G1 X52.7745 Y114.2715 E1.01546 F12000 ; pattern
G1 X31.5613 Y93.0583 E1.01546 F12000 ; pattern
G0 X32.137 Y93.0583 F27000
G1 X53.3502 Y114.2715 E1.01546 F12000 ; pattern
G1 X32.137 Y135.4847 E1.01546 F12000 ; pattern
SET_PRESSURE_ADVANCE ADVANCE=0.0203 ; pattern 4/51
G1 E-0.5 F2700 ; retract
G0 Z1.2 F3600
G0 X34.587 Y93.0583 F27000
G0 Z1 F3600
G1 E0.5 F2700 ; unretract
G1 X55.8002 Y114.2715 E1.01546 F12000 ; pattern
G1 X34.587 Y135.4847 E1.01546 F12000 ; pattern
G0 X35.1627 Y135.4847 F27000
G1 X56.3759 Y114.2715 E1.01546 F12000 ; pattern
G1 X35.1627 Y93.0583 E1.01546 F12000 ; pattern
G0 X35.7384 Y93.0583 F27000
G1 X56.9516 Y114.2715 E1.01546 F12000 ; pattern
G1 X35.7384 Y135.4847 E1.01546 F12000 ; pattern
SET_PRESSURE_ADVANCE ADVANCE=0.0204 ; pattern 5/51
G1 E-0.5 F2700 ; retract
G0 Z1.2 F3600
G0 X38.1884 Y93.0583 F27000
G0 Z1 F3600
G1 E0.5 F2700 ; unretract
G1 X59.4016 Y114.2715 E1.01546 F12000 ; pattern
G1 X38.1884 Y135.4847 E1.01546 F12000 ; pattern
G0 X38.7641 Y135.4847 F27000
G1 X59.9773 Y114.2715 E1.01546 F12000 ; pattern
G1 X38.7641 Y93.0583 E1.01546 F12000 ; pattern
G0 X39.3398 Y93.0583 F27000
G1 X60.553 Y114.2715 E1.01546 F12000 ; pattern
G1 X39.3398 Y135.4847 E1.01546 F12000 ; pattern
SET_PRESSURE_ADVANCE ADVANCE=0.0205 ; pattern 6/51
G1 E-0.5 F2700 ; retract
G0 Z1.2 F3600
G0 X41.7898 Y93.0583 F27000
G0 Z1 F3600
G1 E0.5 F2700 ; unretract
G1 X63.003 Y114.2715 E1.01546 F12000 ; pattern
G1 X41.7898 Y135.4847 E1.01546 F12000 ; pattern
G0 X42.3655 Y135.4847 F27000
G1 X63.5787 Y114.2715 E1.01546 F12000 ; pattern
G1 X42.3655 Y93.0583 E1.01546 F12000 ; pattern
G0 X42.9412 Y93.0583 F27000
G1 X64.1544 Y114.2715 E1.01546 F12000 ; pattern
G1 X42.9412 Y135.4847 E1.01546 F12000 ; pattern
SET_PRESSURE_ADVANCE ADVANCE=0.0206 ; pattern 7/51
G1 E-0.5 F2700 ; retract
G0 Z1.2 F3600
G0 X45.3912 Y93.0583 F27000
G0 Z1 F3600
G1 E0.5 F2700 ; unretract
G1 X66.6044 Y114.2715 E1.01546 F12000 ; pattern
G1 X45.3912 Y135.4847 E1.01546 F12000 ; pattern
G0 X45.9669 Y135.4847 F27000
G1 X67.1801 Y114.2715 E1.01546 F12000 ; pattern
G1 X45.9669 Y93.0583 E1.01546 F12000 ; pattern
G0 X46.5426 Y93.0583 F27000
G1 X67.7558 Y114.2715 E1.01546 F12000 ; pattern
G1 X46.5426 Y135.4847 E1.01546 F12000 ; pattern
SET_PRESSURE_ADVANCE ADVANCE=0.0207 ; pattern 8/51
G1 E-0.5 F2700 ; retract
G0 Z1.2 F3600
G0 X48.9926 Y93.0583 F27000
G0 Z1 F3600
G1 E0.5 F2700 ; unretract
G1 X70.2058 Y114.2715 E1.01546 F12000 ; pattern
G1 X48.9926 Y135.4847 E1.01546 F12000 ; pattern
G0 X49.5683 Y135.4847 F27000
G1 X70.7815 Y114.2715 E1.01546 F12000 ; pattern
G1 X49.5683 Y93.0583 E1.01546 F12000 ; pattern
G0 X50.144 Y93.0583 F27000
G1 X71.3572 Y114.2715 E1.01546 F12000 ; pattern
G1 X50.144 Y135.4847 E1.01546 F12000 ; pattern
SET_PRESSURE_ADVANCE ADVANCE=0.0208 ; pattern 9/51
G1 E-0.5 F2700 ; retract
G0 Z1.2 F3600
G0 X52.594 Y93.0583 F27000
G0 Z1 F3600
G1 E0.5 F2700 ; unretract
G1 X73.8072 Y114.2715 E1.01546 F12000 ; pattern
G1 X52.594 Y135.4847 E1.01546 F12000 ; pattern
G0 X53.1697 Y135.4847 F27000
G1 X74.3829 Y114.2715 E1.01546 F12000 ; pattern
G1 X53.1697 Y93.0583 E1.01546 F12000 ; pattern
G0 X53.7454 Y93.0583 F27000
G1 X74.9586 Y114.2715 E1.01546 F12000 ; pattern
G1 X53.7454 Y135.4847 E1.01546 F12000 ; pattern
SET_PRESSURE_ADVANCE ADVANCE=0.0209 ; pattern 10/51
G1 E-0.5 F2700 ; retract
G0 Z1.2 F3600
G0 X56.1954 Y93.0583 F27000
G0 Z1 F3600
G1 E0.5 F2700 ; unretract
G1 X77.4086 Y114.2715 E1.01546 F12000 ; pattern
G1 X56.1954 Y135.4847 E1.01546 F12000 ; pattern
G0 X56.7711 Y135.4847 F27000
G1 X77.9843 Y114.2715 E1.01546 F12000 ; pattern
G1 X56.7711 Y93.0583 E1.01546 F12000 ; pattern
G0 X57.3468 Y93.0583 F27000
G1 X78.56 Y114.2715 E1.01546 F12000 ; pattern
G1 X57.3468 Y135.4847 E1.01546 F12000 ; pattern
SET_PRESSURE_ADVANCE ADVANCE=0.021 ; pattern 11/51
G1 E-0.5 F2700 ; retract
G0 Z1.2 F3600
G0 X59.7968 Y93.0583 F27000
G0 Z1 F3600
G1 E0.5 F2700 ; unretract
G1 X81.01 Y114.2715 E1.01546 F12000 ; pattern
G1 X59.7968 Y135.4847 E1.01546 F12000 ; pattern
G0 X60.3725 Y135.4847 F27000
G1 X81.5857 Y114.2715 E1.01546 F12000 ; pattern
G1 X60.3725 Y93.0583 E1.01546 F12000 ; pattern
G0 X60.9482 Y93.0583 F27000
G1 X82.1614 Y114.2715 E1.01546 F12000 ; pattern
G1 X60.9482 Y135.4847 E1.01546 F12000 ; pattern
SET_PRESSURE_ADVANCE ADVANCE=0.0211 ; pattern 12/51
G1 E-0.5 F2700 ; retract
G0 Z1.2 F3600
G0 X63.3982 Y93.0583 F27000
G0 Z1 F3600
G1 E0.5 F2700 ; unretract
G1 X84.6114 Y114.2715 E1.01546 F12000 ; pattern
G1 X63.3982 Y135.4847 E1.01546 F12000 ; pattern
G0 X63.9739 Y135.4847 F27000
G1 X85.1871 Y114.2715 E1.01546 F12000 ; pattern
G1 X63.9739 Y93.0583 E1.01546 F12000 ; pattern
G0 X64.5496 Y93.0583 F27000
G1 X85.7628 Y114.2715 E1.01546 F12000 ; pattern
G1 X64.5496 Y135.4847 E1.01546 F12000 ; pattern
SET_PRESSURE_ADVANCE ADVANCE=0.0212 ; pattern 13/51
G1 E-0.5 F2700 ; retract
G0 Z1.2 F3600
G0 X66.9996 Y93.0583 F27000
G0 Z1 F3600
G1 E0.5 F2700 ; unretract
G1 X88.2128 Y114.2715 E1.01546 F12000 ; pattern
G1 X66.9996 Y135.4847 E1.01546 F12000 ; pattern
G0 X67.5753 Y135.4847 F27000
G1 X88.7885 Y114.2715 E1.01546 F12000 ; pattern
G1 X67.5753 Y93.0583 E1.01546 F12000 ; pattern
G0 X68.151 Y93.0583 F27000
G1 X89.3642 Y114.2715 E1.01546 F12000 ; pattern
G1 X68.151 Y135.4847 E1.01546 F12000 ; pattern
SET_PRESSURE_ADVANCE ADVANCE=0.0213 ; pattern 14/51
G1 E-0.5 F2700 ; retract
G0 Z1.2 F3600
G0 X70.601 Y93.0583 F27000
G0 Z1 F3600
G1 E0.5 F2700 ; unretract
G1 X91.8142 Y114.2715 E1.01546 F12000 ; pattern
G1 X70.601 Y135.4847 E1.01546 F12000 ; pattern
G0 X71.1767 Y135.4847 F27000
G1 X92.3899 Y114.2715 E1.01546 F12000 ; pattern
G1 X71.1767 Y93.0583 E1.01546 F12000 ; pattern
G0 X71.7524 Y93.0583 F27000
G1 X92.9656 Y114.2715 E1.01546 F12000 ; pattern
G1 X71.7524 Y135.4847 E1.01546 F12000 ; pattern
SET_PRESSURE_ADVANCE ADVANCE=0.0214 ; pattern 15/51
G1 E-0.5 F2700 ; retract
G0 Z1.2 F3600
G0 X74.2024 Y93.0583 F27000
G0 Z1 F3600
G1 E0.5 F2700 ; unretract
G1 X95.4156 Y114.2715 E1.01546 F12000 ; pattern
G1 X74.2024 Y135.4847 E1.01546 F12000 ; pattern
G0 X74.7781 Y135.4847 F27000
G1 X95.9913 Y114.2715 E1.01546 F12000 ; pattern
G1 X74.7781 Y93.0583 E1.01546 F12000 ; pattern
G0 X75.3537 Y93.0583 F27000
G1 X96.567 Y114.2715 E1.01546 F12000 ; pattern
G1 X75.3537 Y135.4847 E1.01546 F12000 ; pattern
SET_PRESSURE_ADVANCE ADVANCE=0.0215 ; pattern 16/51
G1 E-0.5 F2700 ; retract
G0 Z1.2 F3600
G0 X77.8037 Y93.0583 F27000
G0 Z1 F3600
G1 E0.5 F2700 ; unretract
G1 X99.017 Y114.2715 E1.01546 F12000 ; pattern
G1 X77.8037 Y135.4847 E1.01546 F12000 ; pattern
G0 X78.3794 Y135.4847 F27000
G1 X99.5927 Y114.2715 E1.01546 F12000 ; pattern
G1 X78.3794 Y93.0583 E1.01546 F12000 ; pattern
G0 X78.9551 Y93.0583 F27000
G1 X100.1683 Y114.2715 E1.01546 F12000 ; pattern
G1 X78.9551 Y135.4847 E1.01546 F12000 ; pattern
SET_PRESSURE_ADVANCE ADVANCE=0.0216 ; pattern 17/51
G1 E-0.5 F2700 ; retract
G0 Z1.2 F3600
G0 X81.4051 Y93.0583 F27000
G0 Z1 F3600
G1 E0.5 F2700 ; unretract
G1 X102.6183 Y114.2715 E1.01546 F12000 ; pattern
G1 X81.4051 Y135.4847 E1.01546 F12000 ; pattern
G0 X81.9808 Y135.4847 F27000
G1 X103.194 Y114.2715 E1.01546 F12000 ; pattern
G1 X81.9808 Y93.0583 E1.01546 F12000 ; pattern
G0 X82.5565 Y93.0583 F27000
G1 X103.7697 Y114.2715 E1.01546 F12000 ; pattern
G1 X82.5565 Y135.4847 E1.01546 F12000 ; pattern
SET_PRESSURE_ADVANCE ADVANCE=0.0217 ; pattern 18/51
G1 E-0.5 F2700 ; retract
G0 Z1.2 F3600
G0 X85.0065 Y93.0583 F27000
G0 Z1 F3600
G1 E0.5 F2700 ; unretract
G1 X106.2197 Y114.2715 E1.01546 F12000 ; pattern
G1 X85.0065 Y135.4847 E1.01546 F12000 ; pattern
G0 X85.5822 Y135.4847 F27000
G1 X106.7954 Y114.2715 E1.01546 F12000 ; pattern
G1 X85.5822 Y93.0583 E1.01546 F12000 ; pattern
G0 X86.1579 Y93.0583 F27000
G1 X107.3711 Y114.2715 E1.01546 F12000 ; pattern
G1 X86.1579 Y135.4847 E1.01546 F12000 ; pattern
SET_PRESSURE_ADVANCE ADVANCE=0.0218 ; pattern 19/51
G1 E-0.5 F2700 ; retract
G0 Z1.2 F3600
G0 X88.6079 Y93.0583 F27000
G0 Z1 F3600
G1 E0.5 F2700 ; unretract
G1 X109.8211 Y114.2715 E1.01546 F12000 ; pattern
G1 X88.6079 Y135.4847 E1.01546 F12000 ; pattern
G0 X89.1836 Y135.4847 F27000
G1 X110.3968 Y114.2715 E1.01546 F12000 ; pattern
G1 X89.1836 Y93.0583 E1.01546 F12000 ; pattern
G0 X89.7593 Y93.0583 F27000
G1 X110.9725 Y114.2715 E1.01546 F12000 ; pattern
G1 X89.7593 Y135.4847 E1.01546 F12000 ; pattern
SET_PRESSURE_ADVANCE ADVANCE=0.0219 ; pattern 20/51
G1 E-0.5 F2700 ; retract
G0 Z1.2 F3600
G0 X92.2093 Y93.0583 F27000
G0 Z1 F3600
G1 E0.5 F2700 ; unretract
G1 X113.4225 Y114.2715 E1.01546 F12000 ; pattern
G1 X92.2093 Y135.4847 E1.01546 F12000 ; pattern
G0 X92.785 Y135.4847 F27000
G1 X113.9982 Y114.2715 E1.01546 F12000 ; pattern
G1 X92.785 Y93.0583 E1.01546 F12000 ; pattern
G0 X93.3607 Y93.0583 F27000
G1 X114.5739 Y114.2715 E1.01546 F12000 ; pattern
G1 X93.3607 Y135.4847 E1.01546 F12000 ; pattern
SET_PRESSURE_ADVANCE ADVANCE=0.022 ; pattern 21/51
G1 E-0.5 F2700 ; retract
G0 Z1.2 F3600
G0 X95.8107 Y93.0583 F27000
G0 Z1 F3600
G1 E0.5 F2700 ; unretract
G1 X117.0239 Y114.2715 E1.01546 F12000 ; pattern
G1 X95.8107 Y135.4847 E1.01546 F12000 ; pattern
G0 X96.3864 Y135.4847 F27000
G1 X117.5996 Y114.2715 E1.01546 F12000 ; pattern
G1 X96.3864 Y93.0583 E1.01546 F12000 ; pattern
G0 X96.9621 Y93.0583 F27000
G1 X118.1753 Y114.2715 E1.01546 F12000 ; pattern
G1 X96.9621 Y135.4847 E1.01546 F12000 ; pattern
SET_PRESSURE_ADVANCE ADVANCE=0.0221 ; pattern 22/51
G1 E-0.5 F2700 ; retract
G0 Z1.2 F3600
G0 X99.4121 Y93.0583 F27000
G0 Z1 F3600
G1 E0.5 F2700 ; unretract
G1 X120.6253 Y114.2715 E1.01546 F12000 ; pattern
G1 X99.4121 Y135.4847 E1.01546 F12000 ; pattern
G0 X99.9878 Y135.4847 F27000
G1 X121.201 Y114.2715 E1.01546 F12000 ; pattern
G1 X99.9878 Y93.0583 E1.01546 F12000 ; pattern
G0 X100.5635 Y93.0583 F27000
G1 X121.7767 Y114.2715 E1.01546 F12000 ; pattern
G1 X100.5635 Y135.4847 E1.01546 F12000 ; pattern
SET_PRESSURE_ADVANCE ADVANCE=0.0222 ; pattern 23/51
G1 E-0.5 F2700 ; retract
G0 Z1.2 F3600
G0 X103.0135 Y93.0583 F27000
G0 Z1 F3600
G1 E0.5 F2700 ; unretract
G1 X124.2267 Y114.2715 E1.01546 F12000 ; pattern
G1 X103.0135 Y135.4847 E1.01546 F12000 ; pattern
G0 X103.5892 Y135.4847 F27000
G1 X124.8024 Y114.2715 E1.01546 F12000 ; pattern
G1 X103.5892 Y93.0583 E1.01546 F12000 ; pattern
G0 X104.1649 Y93.0583 F27000
G1 X125.3781 Y114.2715 E1.01546 F12000 ; pattern
G1 X104.1649 Y135.4847 E1.01546 F12000 ; pattern
SET_PRESSURE_ADVANCE ADVANCE=0.0223 ; pattern 24/51
G1 E-0.5 F2700 ; retract
G0 Z1.2 F3600
G0 X106.6149 Y93.0583 F27000
G0 Z1 F3600
G1 E0.5 F2700 ; unretract
G1 X127.8281 Y114.2715 E1.01546 F12000 ; pattern
G1 X106.6149 Y135.4847 E1.01546 F12000 ; pattern
G0 X107.1906 Y135.4847 F27000
G1 X128.4038 Y114.2715 E1.01546 F12000 ; pattern
G1 X107.1906 Y93.0583 E1.01546 F12000 ; pattern
G0 X107.7663 Y93.0583 F27000
G1 X128.9795 Y114.2715 E1.01546 F12000 ; pattern
G1 X107.7663 Y135.4847 E1.01546 F12000 ; pattern
SET_PRESSURE_ADVANCE ADVANCE=0.0224 ; pattern 25/51
G1 E-0.5 F2700 ; retract
G0 Z1.2 F3600
G0 X110.2163 Y93.0583 F27000
G0 Z1 F3600
G1 E0.5 F2700 ; unretract
G1 X131.4295 Y114.2715 E1.01546 F12000 ; pattern
G1 X110.2163 Y135.4847 E1.01546 F12000 ; pattern
G0 X110.792 Y135.4847 F27000
G1 X132.0052 Y114.2715 E1.01546 F12000 ; pattern
G1 X110.792 Y93.0583 E1.01546 F12000 ; pattern
G0 X111.3677 Y93.0583 F27000
G1 X132.5809 Y114.2715 E1.01546 F12000 ; pattern
G1 X111.3677 Y135.4847 E1.01546 F12000 ; pattern
SET_PRESSURE_ADVANCE ADVANCE=0.0225 ; pattern 26/51
G1 E-0.5 F2700 ; retract
G0 Z1.2 F3600
G0 X113.8177 Y93.0583 F27000
G0 Z1 F3600
G1 E0.5 F2700 ; unretract
G1 X135.0309 Y114.2715 E1.01546 F12000 ; pattern
G1 X113.8177 Y135.4847 E1.01546 F12000 ; pattern
G0 X114.3934 Y135.4847 F27000
G1 X135.6066 Y114.2715 E1.01546 F12000 ; pattern
G1 X114.3934 Y93.0583 E1.01546 F12000 ; pattern
G0 X114.9691 Y93.0583 F27000
G1 X136.1823 Y114.2715 E1.01546 F12000 ; pattern
G1 X114.9691 Y135.4847 E1.01546 F12000 ; pattern
SET_PRESSURE_ADVANCE ADVANCE=0.0226 ; pattern 27/51
G1 E-0.5 F2700 ; retract
G0 Z1.2 F3600
G0 X117.4191 Y93.0583 F27000
G0 Z1 F3600
G1 E0.5 F2700 ; unretract
G1 X138.6323 Y114.2715 E1.01546 F12000 ; pattern
G1 X117.4191 Y135.4847 E1.01546 F12000 ; pattern
G0 X117.9948 Y135.4847 F27000
G1 X139.208 Y114.2715 E1.01546 F12000 ; pattern
G1 X117.9948 Y93.0583 E1.01546 F12000 ; pattern
G0 X118.5705 Y93.0583 F27000
G1 X139.7837 Y114.2715 E1.01546 F12000 ; pattern
G1 X118.5705 Y135.4847 E1.01546 F12000 ; pattern
SET_PRESSURE_ADVANCE ADVANCE=0.0227 ; pattern 28/51
G1 E-0.5 F2700 ; retract
G0 Z1.2 F3600
G0 X121.0205 Y93.0583 F27000
G0 Z1 F3600
G1 E0.5 F2700 ; unretract
G1 X142.2337 Y114.2715 E1.01546 F12000 ; pattern
G1 X121.0205 Y135.4847 E1.01546 F12000 ; pattern
G0 X121.5962 Y135.4847 F27000
G1 X142.8094 Y114.2715 E1.01546 F12000 ; pattern
G1 X121.5962 Y93.0583 E1.01546 F12000 ; pattern
G0 X122.1719 Y93.0583 F27000
G1 X143.3851 Y114.2715 E1.01546 F12000 ; pattern
G1 X122.1719 Y135.4847 E1.01546 F12000 ; pattern
SET_PRESSURE_ADVANCE ADVANCE=0.0228 ; pattern 29/51
G1 E-0.5 F2700 ; retract
G0 Z1.2 F3600
G0 X124.6219 Y93.0583 F27000
G0 Z1 F3600
G1 E0.5 F2700 ; unretract
G1 X145.8351 Y114.2715 E1.01546 F12000 ; pattern
G1 X124.6219 Y135.4847 E1.01546 F12000 ; pattern
G0 X125.1976 Y135.4847 F27000
G1 X146.4108 Y114.2715 E1.01546 F12000 ; pattern
G1 X125.1976 Y93.0583 E1.01546 F12000 ; pattern
G0 X125.7733 Y93.0583 F27000
G1 X146.9865 Y114.2715 E1.01546 F12000 ; pattern
G1 X125.7733 Y135.4847 E1.01546 F12000 ; pattern
SET_PRESSURE_ADVANCE ADVANCE=0.0229 ; pattern 30/51
G1 E-0.5 F2700 ; retract
G0 Z1.2 F3600
G0 X128.2233 Y93.0583 F27000
G0 Z1 F3600
G1 E0.5 F2700 ; unretract
G1 X149.4365 Y114.2715 E1.01546 F12000 ; pattern
G1 X128.2233 Y135.4847 E1.01546 F12000 ; pattern
G0 X128.799 Y135.4847 F27000
G1 X150.0122 Y114.2715 E1.01546 F12000 ; pattern
G1 X128.799 Y93.0583 E1.01546 F12000 ; pattern
G0 X129.3747 Y93.0583 F27000
G1 X150.5879 Y114.2715 E1.01546 F12000 ; pattern
G1 X129.3747 Y135.4847 E1.01546 F12000 ; pattern
SET_PRESSURE_ADVANCE ADVANCE=0.023 ; pattern 31/51
G1 E-0.5 F2700 ; retract
G0 Z1.2 F3600
G0 X131.8247 Y93.0583 F27000
G0 Z1 F3600
G1 E0.5 F2700 ; unretract
G1 X153.0379 Y114.2715 E1.01546 F12000 ; pattern
G1 X131.8247 Y135.4847 E1.01546 F12000 ; pattern
G0 X132.4004 Y135.4847 F27000
G1 X153.6136 Y114.2715 E1.01546 F12000 ; pattern
G1 X132.4004 Y93.0583 E1.01546 F12000 ; pattern
G0 X132.9761 Y93.0583 F27000
G1 X154.1893 Y114.2715 E1.01546 F12000 ; pattern
G1 X132.9761 Y135.4847 E1.01546 F12000 ; pattern
SET_PRESSURE_ADVANCE ADVANCE=0.0231 ; pattern 32/51
G1 E-0.5 F2700 ; retract
G0 Z1.2 F3600
G0 X135.4261 Y93.0583 F27000
G0 Z1 F3600
G1 E0.5 F2700 ; unretract
G1 X156.6393 Y114.2715 E1.01546 F12000 ; pattern
G1 X135.4261 Y135.4847 E1.01546 F12000 ; pattern
G0 X136.0018 Y135.4847 F27000
G1 X157.215 Y114.2715 E1.01546 F12000 ; pattern
G1 X136.0018 Y93.0583 E1.01546 F12000 ; pattern
G0 X136.5775 Y93.0583 F27000
G1 X157.7907 Y114.2715 E1.01546 F12000 ; pattern
G1 X136.5775 Y135.4847 E1.01546 F12000 ; pattern
SET_PRESSURE_ADVANCE ADVANCE=0.0232 ; pattern 33/51
G1 E-0.5 F2700 ; retract
G0 Z1.2 F3600
G0 X139.0275 Y93.0583 F27000
G0 Z1 F3600
G1 E0.5 F2700 ; unretract
G1 X160.2407 Y114.2715 E1.01546 F12000 ; pattern
G1 X139.0275 Y135.4847 E1.01546 F12000 ; pattern
G0 X139.6032 Y135.4847 F27000
G1 X160.8164 Y114.2715 E1.01546 F12000 ; pattern
G1 X139.6032 Y93.0583 E1.01546 F12000 ; pattern
G0 X140.1789 Y93.0583 F27000
G1 X161.3921 Y114.2715 E1.01546 F12000 ; pattern
G1 X140.1789 Y135.4847 E1.01546 F12000 ; pattern
SET_PRESSURE_ADVANCE ADVANCE=0.0233 ; pattern 34/51
G1 E-0.5 F2700 ; retract
G0 Z1.2 F3600
G0 X142.6289 Y93.0583 F27000
G0 Z1 F3600
G1 E0.5 F2700 ; unretract
G1 X163.8421 Y114.2715 E1.01546 F12000 ; pattern
G1 X142.6289 Y135.4847 E1.01546 F12000 ; pattern
G0 X143.2046 Y135.4847 F27000
G1 X164.4178 Y114.2715 E1.01546 F12000 ; pattern
G1 X143.2046 Y93.0583 E1.01546 F12000 ; pattern
G0 X143.7803 Y93.0583 F27000
G1 X164.9935 Y114.2715 E1.01546 F12000 ; pattern
G1 X143.7803 Y135.4847 E1.01546 F12000 ; pattern
SET_PRESSURE_ADVANCE ADVANCE=0.0234 ; pattern 35/51
G1 E-0.5 F2700 ; retract
G0 Z1.2 F3600
G0 X146.2303 Y93.0583 F27000
G0 Z1 F3600
G1 E0.5 F2700 ; unretract
G1 X167.4435 Y114.2715 E1.01546 F12000 ; pattern
G1 X146.2303 Y135.4847 E1.01546 F12000 ; pattern
G0 X146.806 Y135.4847 F27000
G1 X168.0192 Y114.2715 E1.01546 F12000 ; pattern
G1 X146.806 Y93.0583 E1.01546 F12000 ; pattern
G0 X147.3817 Y93.0583 F27000
G1 X168.5949 Y114.2715 E1.01546 F12000 ; pattern
G1 X147.3817 Y135.4847 E1.01546 F12000 ; pattern
SET_PRESSURE_ADVANCE ADVANCE=0.0235 ; pattern 36/51
G1 E-0.5 F2700 ; retract
G0 Z1.2 F3600
G0 X149.8317 Y93.0583 F27000
G0 Z1 F3600
G1 E0.5 F2700 ; unretract
G1 X171.0449 Y114.2715 E1.01546 F12000 ; pattern
G1 X149.8317 Y135.4847 E1.01546 F12000 ; pattern
G0 X150.4073 Y135.4847 F27000
G1 X171.6206 Y114.2715 E1.01546 F12000 ; pattern
G1 X150.4073 Y93.0583 E1.01546 F12000 ; pattern
G0 X150.983 Y93.0583 F27000
G1 X172.1963 Y114.2715 E1.01546 F12000 ; pattern
G1 X150.983 Y135.4847 E1.01546 F12000 ; pattern
SET_PRESSURE_ADVANCE ADVANCE=0.0236 ; pattern 37/51
G1 E-0.5 F2700 ; retract
G0 Z1.2 F3600
G0 X153.433 Y93.0583 F27000
G0 Z1 F3600
G1 E0.5 F2700 ; unretract
G1 X174.6463 Y114.2715 E1.01546 F12000 ; pattern
G1 X153.433 Y135.4847 E1.01546 F12000 ; pattern
G0 X154.0087 Y135.4847 F27000
G1 X175.2219 Y114.2715 E1.01546 F12000 ; pattern
G1 X154.0087 Y93.0583 E1.01546 F12000 ; pattern
G0 X154.5844 Y93.0583 F27000
G1 X175.7976 Y114.2715 E1.01546 F12000 ; pattern
G1 X154.5844 Y135.4847 E1.01546 F12000 ; pattern
SET_PRESSURE_ADVANCE ADVANCE=0.0237 ; pattern 38/51
G1 E-0.5 F2700 ; retract
G0 Z1.2 F3600
G0 X157.0344 Y93.0583 F27000
G0 Z1 F3600
G1 E0.5 F2700 ; unretract
G1 X178.2476 Y114.2715 E1.01546 F12000 ; pattern
G1 X157.0344 Y135.4847 E1.01546 F12000 ; pattern
G0 X157.6101 Y135.4847 F27000
G1 X178.8233 Y114.2715 E1.01546 F12000 ; pattern
G1 X157.6101 Y93.0583 E1.01546 F12000 ; pattern
G0 X158.1858 Y93.0583 F27000
G1 X179.399 Y114.2715 E1.01546 F12000 ; pattern
G1 X158.1858 Y135.4847 E1.01546 F12000 ; pattern
SET_PRESSURE_ADVANCE ADVANCE=0.0238 ; pattern 39/51
G1 E-0.5 F2700 ; retract
G0 Z1.2 F3600
G0 X160.6358 Y93.0583 F27000
G0 Z1 F3600
G1 E0.5 F2700 ; unretract
G1 X181.849 Y114.2715 E1.01546 F12000 ; pattern
G1 X160.6358 Y135.4847 E1.01546 F12000 ; pattern
G0 X161.2115 Y135.4847 F27000
G1 X182.4247 Y114.2715 E1.01546 F12000 ; pattern
G1 X161.2115 Y93.0583 E1.01546 F12000 ; pattern
G0 X161.7872 Y93.0583 F27000
G1 X183.0004 Y114.2715 E1.01546 F12000 ; pattern
G1 X161.7872 Y135.4847 E1.01546 F12000 ; pattern
SET_PRESSURE_ADVANCE ADVANCE=0.0239 ; pattern 40/51
G1 E-0.5 F2700 ; retract
G0 Z1.2 F3600
G0 X164.2372 Y93.0583 F27000
G0 Z1 F3600
G1 E0.5 F2700 ; unretract
G1 X185.4504 Y114.2715 E1.01546 F12000 ; pattern
G1 X164.2372 Y135.4847 E1.01546 F12000 ; pattern
G0 X164.8129 Y135.4847 F27000
G1 X186.0261 Y114.2715 E1.01546 F12000 ; pattern
G1 X164.8129 Y93.0583 E1.01546 F12000 ; pattern
G0 X165.3886 Y93.0583 F27000
G1 X186.6018 Y114.2715 E1.01546 F12000 ; pattern
G1 X165.3886 Y135.4847 E1.01546 F12000 ; pattern
SET_PRESSURE_ADVANCE ADVANCE=0.024 ; pattern 41/51
G1 E-0.5 F2700 ; retract
G0 Z1.2 F3600
G0 X167.8386 Y93.0583 F27000
G0 Z1 F3600
G1 E0.5 F2700 ; unretract
G1 X189.0518 Y114.2715 E1.01546 F12000 ; pattern
G1 X167.8386 Y135.4847 E1.01546 F12000 ; pattern
G0 X168.4143 Y135.4847 F27000
G1 X189.6275 Y114.2715 E1.01546 F12000 ; pattern
G1 X168.4143 Y93.0583 E1.01546 F12000 ; pattern
G0 X168.99 Y93.0583 F27000
G1 X190.2032 Y114.2715 E1.01546 F12000 ; pattern
G1 X168.99 Y135.4847 E1.01546 F12000 ; pattern
SET_PRESSURE_ADVANCE ADVANCE=0.0241 ; pattern 42/51
G1 E-0.5 F2700 ; retract
G0 Z1.2 F3600
G0 X171.44 Y93.0583 F27000
G0 Z1 F3600
G1 E0.5 F2700 ; unretract
G1 X192.6532 Y114.2715 E1.01546 F12000 ; pattern
G1 X171.44 Y135.4847 E1.01546 F12000 ; pattern
G0 X172.0157 Y135.4847 F27000
G1 X193.2289 Y114.2715 E1.01546 F12000 ; pattern
G1 X172.0157 Y93.0583 E1.01546 F12000 ; pattern
G0 X172.5914 Y93.0583 F27000
G1 X193.8046 Y114.2715 E1.01546 F12000 ; pattern
G1 X172.5914 Y135.4847 E1.01546 F12000 ; pattern
SET_PRESSURE_ADVANCE ADVANCE=0.0242 ; pattern 43/51
G1 E-0.5 F2700 ; retract
G0 Z1.2 F3600
G0 X175.0414 Y93.0583 F27000
G0 Z1 F3600
G1 E0.5 F2700 ; unretract
G1 X196.2546 Y114.2715 E1.01546 F12000 ; pattern
G1 X175.0414 Y135.4847 E1.01546 F12000 ; pattern
G0 X175.6171 Y135.4847 F27000
G1 X196.8303 Y114.2715 E1.01546 F12000 ; pattern
G1 X175.6171 Y93.0583 E1.01546 F12000 ; pattern
G0 X176.1928 Y93.0583 F27000
G1 X197.406 Y114.2715 E1.01546 F12000 ; pattern
G1 X176.1928 Y135.4847 E1.01546 F12000 ; pattern
SET_PRESSURE_ADVANCE ADVANCE=0.0243 ; pattern 44/51
G1 E-0.5 F2700 ; retract
G0 Z1.2 F3600
G0 X178.6428 Y93.0583 F27000
G0 Z1 F3600
G1 E0.5 F2700 ; unretract
G1 X199.856 Y114.2715 E1.01546 F12000 ; pattern
G1 X178.6428 Y135.4847 E1.01546 F12000 ; pattern
G0 X179.2185 Y135.4847 F27000
G1 X200.4317 Y114.2715 E1.01546 F12000 ; pattern
G1 X179.2185 Y93.0583 E1.01546 F12000 ; pattern
G0 X179.7942 Y93.0583 F27000
G1 X201.0074 Y114.2715 E1.01546 F12000 ; pattern
G1 X179.7942 Y135.4847 E1.01546 F12000 ; pattern
SET_PRESSURE_ADVANCE ADVANCE=0.0244 ; pattern 45/51
G1 E-0.5 F2700 ; retract
G0 Z1.2 F3600
G0 X182.2442 Y93.0583 F27000
G0 Z1 F3600
G1 E0.5 F2700 ; unretract
G1 X203.4574 Y114.2715 E1.01546 F12000 ; pattern
G1 X182.2442 Y135.4847 E1.01546 F12000 ; pattern
G0 X182.8199 Y135.4847 F27000
G1 X204.0331 Y114.2715 E1.01546 F12000 ; pattern
G1 X182.8199 Y93.0583 E1.01546 F12000 ; pattern
G0 X183.3956 Y93.0583 F27000
G1 X204.6088 Y114.2715 E1.01546 F12000 ; pattern
G1 X183.3956 Y135.4847 E1.01546 F12000 ; pattern
SET_PRESSURE_ADVANCE ADVANCE=0.0245 ; pattern 46/51
G1 E-0.5 F2700 ; retract
G0 Z1.2 F3600
G0 X185.8456 Y93.0583 F27000
G0 Z1 F3600
G1 E0.5 F2700 ; unretract
G1 X207.0588 Y114.2715 E1.01546 F12000 ; pattern
G1 X185.8456 Y135.4847 E1.01546 F12000 ; pattern
G0 X186.4213 Y135.4847 F27000
G1 X207.6345 Y114.2715 E1.01546 F12000 ; pattern
G1 X186.4213 Y93.0583 E1.01546 F12000 ; pattern
G0 X186.997 Y93.0583 F27000
G1 X208.2102 Y114.2715 E1.01546 F12000 ; pattern
G1 X186.997 Y135.4847 E1.01546 F12000 ; pattern
SET_PRESSURE_ADVANCE ADVANCE=0.0246 ; pattern 47/51
G1 E-0.5 F2700 ; retract
G0 Z1.2 F3600
G0 X189.447 Y93.0583 F27000
G0 Z1 F3600
G1 E0.5 F2700 ; unretract
G1 X210.6602 Y114.2715 E1.01546 F12000 ; pattern
G1 X189.447 Y135.4847 E1.01546 F12000 ; pattern
G0 X190.0227 Y135.4847 F27000
G1 X211.2359 Y114.2715 E1.01546 F12000 ; pattern
G1 X190.0227 Y93.0583 E1.01546 F12000 ; pattern
G0 X190.5984 Y93.0583 F27000
G1 X211.8116 Y114.2715 E1.01546 F12000 ; pattern
G1 X190.5984 Y135.4847 E1.01546 F12000 ; pattern
SET_PRESSURE_ADVANCE ADVANCE=0.0247 ; pattern 48/51
G1 E-0.5 F2700 ; retract
G0 Z1.2 F3600
G0 X193.0484 Y93.0583 F27000
G0 Z1 F3600
G1 E0.5 F2700 ; unretract
G1 X214.2616 Y114.2715 E1.01546 F12000 ; pattern
G1 X193.0484 Y135.4847 E1.01546 F12000 ; pattern
G0 X193.6241 Y135.4847 F27000
G1 X214.8373 Y114.2715 E1.01546 F12000 ; pattern
G1 X193.6241 Y93.0583 E1.01546 F12000 ; pattern
G0 X194.1998 Y93.0583 F27000
G1 X215.413 Y114.2715 E1.01546 F12000 ; pattern
G1 X194.1998 Y135.4847 E1.01546 F12000 ; pattern
SET_PRESSURE_ADVANCE ADVANCE=0.0248 ; pattern 49/51
G1 E-0.5 F2700 ; retract
G0 Z1.2 F3600
G0 X196.6498 Y93.0583 F27000
G0 Z1 F3600
G1 E0.5 F2700 ; unretract
G1 X217.863 Y114.2715 E1.01546 F12000 ; pattern
G1 X196.6498 Y135.4847 E1.01546 F12000 ; pattern
G0 X197.2255 Y135.4847 F27000
G1 X218.4387 Y114.2715 E1.01546 F12000 ; pattern
G1 X197.2255 Y93.0583 E1.01546 F12000 ; pattern
G0 X197.8012 Y93.0583 F27000
G1 X219.0144 Y114.2715 E1.01546 F12000 ; pattern
G1 X197.8012 Y135.4847 E1.01546 F12000 ; pattern
SET_PRESSURE_ADVANCE ADVANCE=0.0249 ; pattern 50/51
G1 E-0.5 F2700 ; retract
G0 Z1.2 F3600
G0 X200.2512 Y93.0583 F27000
G0 Z1 F3600
G1 E0.5 F2700 ; unretract
G1 X221.4644 Y114.2715 E1.01546 F12000 ; pattern
G1 X200.2512 Y135.4847 E1.01546 F12000 ; pattern
G0 X200.8269 Y135.4847 F27000
G1 X222.0401 Y114.2715 E1.01546 F12000 ; pattern
G1 X200.8269 Y93.0583 E1.01546 F12000 ; pattern
G0 X201.4026 Y93.0583 F27000
G1 X222.6158 Y114.2715 E1.01546 F12000 ; pattern
G1 X201.4026 Y135.4847 E1.01546 F12000 ; pattern
SET_PRESSURE_ADVANCE ADVANCE=0.025 ; pattern 51/51
G1 E-0.5 F2700 ; retract
G0 Z1.2 F3600
G0 X203.8526 Y93.0583 F27000
G0 Z1 F3600
G1 E0.5 F2700 ; unretract
G1 X225.0658 Y114.2715 E1.01546 F12000 ; pattern
G1 X203.8526 Y135.4847 E1.01546 F12000 ; pattern
G0 X204.4283 Y135.4847 F27000
G1 X225.6415 Y114.2715 E1.01546 F12000 ; pattern
G1 X204.4283 Y93.0583 E1.01546 F12000 ; pattern
G0 X205.004 Y93.0583 F27000
G1 X226.2172 Y114.2715 E1.01546 F12000 ; pattern
G1 X205.004 Y135.4847 E1.01546 F12000 ; pattern
SET_PRESSURE_ADVANCE ADVANCE=0.02 ; back to start value
G1 E-0.5 F2700 ; retract
G0 Z6 F3600
M107 ; part fan off
M82 ; restore absolute extrusion
G92 E0
; <<< print_calibration_tool pattern end
EXCLUDE_OBJECT_END NAME='pa_calibration_test'
; Filament-specific end gcode
PRINT_END ;end script from macro
M73 P100 R0
; objects_info = {"objects":[{"name":"pa_calibration_test","polygon":[[19.952,91.227],[230.048,91.227],[230.048,158.773],[19.952,158.773]]}]}
; filament used [mm] = 2058.52
; filament used [cm3] = 4.95
; filament used [g] = 5.15
; filament cost = 0.14
; total filament used [g] = 5.15
; total filament cost = 0.14
; total filament used for wipe tower [g] = 0.00
; estimated printing time (normal mode) = 15m 4s
; estimated first layer printing time (normal mode) = 8m 41s

; prusaslicer_config = begin
; arc_fitting = disabled
; autoemit_temperature_commands = 1
; automatic_extrusion_widths = 1
; automatic_infill_combination = 0
; automatic_infill_combination_max_layer_height = 100%
; avoid_crossing_curled_overhangs = 0
; avoid_crossing_perimeters = 0
; avoid_crossing_perimeters_max_detour = 0
; bed_custom_model = C:\\Users\\Michael\\AppData\\Roaming\\PrusaSlicer\\printer\\printbed-v1-250.stl
; bed_custom_texture = C:\\Users\\Michael\\AppData\\Roaming\\PrusaSlicer\\printer\\bedtexture-v1-250.png
; bed_shape = 0x0,250x0,250x250,0x250
; bed_temperature = 100
; bed_temperature_extruder = 0
; before_layer_gcode = ;[layer_z]\n;TIMELAPSE_TAKE_FRAME
; between_objects_gcode = 
; binary_gcode = 0
; bottom_fill_pattern = monotonic
; bottom_solid_layers = 3
; bottom_solid_min_thickness = 0.5
; bridge_acceleration = 1500
; bridge_angle = 0
; bridge_fan_speed = 25
; bridge_flow_ratio = 1
; bridge_speed = 50
; brim_separation = 0.1
; brim_type = outer_only
; brim_width = 0
; chamber_minimal_temperature = 0
; chamber_temperature = 0
; color_change_gcode = M600\nG1 E0.3 F1500 ; prime after color change
; colorprint_heights = 
; compatible_printers_condition_cummulative = ;"printer_notes!~/.*NO_TEMPLATES.*/ and printer_notes!~/.*PRINTER_VENDOR_TRILAB.*/ and printer_notes!~/.*PRINTER_MODEL_MK4IS.*/ and ! (printer_notes=~/.*PRINTER_VENDOR_PRUSA3D.*/ and num_extruders>1)"
; complete_objects = 0
; cooling = 1
; cooling_perimeter_transition_distance = 0
; cooling_slowdown_logic = uniform_cooling
; cooling_tube_length = 5
; cooling_tube_retraction = 91.5
; custom_parameters_filament = ""
; custom_parameters_print = 
; custom_parameters_printer = 
; default_acceleration = 3000
; default_filament_profile = 
; default_print_profile = 
; deretract_speed = 0
; disable_fan_first_layers = 4
; dont_support_bridges = 0
; draft_shield = disabled
; duplicate_distance = 6
; elefant_foot_compensation = 0.2
; enable_dynamic_fan_speeds = 1
; enable_dynamic_overhang_speeds = 1
; end_filament_gcode = "; Filament-specific end gcode"
; end_gcode = PRINT_END ;end script from macro
; ensure_vertical_shell_thickness = enabled
; external_perimeter_acceleration = 2500
; external_perimeter_extrusion_width = 0
; external_perimeter_speed = 150
; external_perimeters_first = 0
; extra_loading_move = -2
; extra_perimeters = 0
; extra_perimeters_on_overhangs = 0
; extruder_clearance_height = 33
; extruder_clearance_radius = 75
; extruder_colour = ""
; extruder_offset = 0x0
; extrusion_axis = E
; extrusion_multiplier = 1
; extrusion_width = 0
; fan_always_on = 0
; fan_below_layer_time = 30
; filament_abrasive = 0
; filament_colour = #FFFFFF
; filament_cooling_final_speed = 2
; filament_cooling_initial_speed = 3
; filament_cooling_moves = 1
; filament_cost = 27.82
; filament_density = 1.04
; filament_deretract_speed = nil
; filament_diameter = 1.75
; filament_flush_speed = 0
; filament_flush_volume = 0
; filament_infill_max_crossing_speed = 0
; filament_infill_max_speed = 0
; filament_load_time = 0
; filament_loading_speed = 14
; filament_loading_speed_start = 19
; filament_max_volumetric_speed = 22
; filament_minimal_purge_on_wipe_tower = 0
; filament_multitool_ramming = 0
; filament_multitool_ramming_flow = 10
; filament_multitool_ramming_volume = 10
; filament_notes = ""
; filament_purge_multiplier = 100%
; filament_ramming_parameters = "120 100 5.70968 6.03226 7 8.25806 9 9.19355 9.3871 9.77419 10.129 10.3226 10.4516 10.5161| 0.05 5.69677 0.45 6.15484 0.95 8.76774 1.45 9.20323 1.95 9.95806 2.45 10.3871 2.95 10.5677 3.45 7.6 3.95 7.6 4.45 7.6 4.95 7.6"
; filament_retract_before_travel = nil
; filament_retract_before_wipe = nil
; filament_retract_layer_change = nil
; filament_retract_length = nil
; filament_retract_length_toolchange = nil
; filament_retract_lift = nil
; filament_retract_lift_above = nil
; filament_retract_lift_below = nil
; filament_retract_restart_extra = nil
; filament_retract_restart_extra_toolchange = nil
; filament_retract_speed = nil
; filament_seam_gap_distance = nil
; filament_settings_id = "ABS v - TitanX - white - CHT 0.4"
; filament_shrinkage_compensation_xy = 0%
; filament_shrinkage_compensation_z = 0%
; filament_soluble = 0
; filament_spool_weight = 0
; filament_stamping_distance = 0
; filament_stamping_loading_speed = 20
; filament_toolchange_delay = 0
; filament_travel_lift_before_obstacle = nil
; filament_travel_max_lift = nil
; filament_travel_ramping_lift = nil
; filament_travel_slope = nil
; filament_type = ABS
; filament_unload_time = 0
; filament_unloading_speed = 20
; filament_unloading_speed_start = 100
; filament_vendor = Generic
; filament_wipe = nil
; fill_angle = 45
; fill_density = 40%
; fill_pattern = cubic
; first_layer_acceleration = 500
; first_layer_acceleration_over_raft = 0
; first_layer_bed_temperature = 100
; first_layer_extrusion_width = 0
; first_layer_height = 0.2
; first_layer_infill_speed = 100
; first_layer_speed = 45
; first_layer_speed_over_raft = 30
; first_layer_temperature = 260
; full_fan_speed_layer = 0
; fuzzy_skin = none
; fuzzy_skin_point_dist = 0.8
; fuzzy_skin_thickness = 0.3
; gap_fill_enabled = 1
; gap_fill_speed = 120
; gcode_comments = 0
; gcode_flavor = klipper
; gcode_label_objects = firmware
; gcode_resolution = 0.008
; gcode_substitutions = 
; high_current_on_filament_swap = 0
; host_type = prusalink
; idle_temperature = nil
; infill_acceleration = 5000
; infill_anchor = 2
; infill_anchor_max = 12
; infill_every_layers = 1
; infill_extruder = 1
; infill_extrusion_width = 0
; infill_first = 0
; infill_overlap = 15%
; infill_speed = 250
; inherits_cummulative = ;"Generic ABS @Template";
; interface_shells = 0
; interlocking_beam = 0
; interlocking_beam_layer_count = 2
; interlocking_beam_width = 0.8
; interlocking_boundary_avoidance = 2
; interlocking_depth = 2
; interlocking_orientation = 22.5
; ironing = 0
; ironing_flowrate = 15%
; ironing_spacing = 0.1
; ironing_speed = 15
; ironing_type = top
; layer_gcode = ;AFTER_LAYER_CHANGE\n;[layer_z]
; layer_height = 0.2
; machine_limits_usage = time_estimate_only
; machine_max_acceleration_e = 4500,2000
; machine_max_acceleration_extruding = 3000,1500
; machine_max_acceleration_retracting = 3000,1500
; machine_max_acceleration_travel = 1500,1250
; machine_max_acceleration_x = 6500,3000
; machine_max_acceleration_y = 6500,3000
; machine_max_acceleration_z = 2500,1500
; machine_max_feedrate_e = 120,120
; machine_max_feedrate_x = 450,300
; machine_max_feedrate_y = 450,300
; machine_max_feedrate_z = 80,40
; machine_max_jerk_e = 10,10
; machine_max_jerk_x = 10,8
; machine_max_jerk_y = 10,8
; machine_max_jerk_z = 2,2
; machine_max_junction_deviation = 0,0
; machine_min_extruding_rate = 0,0
; machine_min_travel_rate = 0,0
; max_fan_speed = 15
; max_layer_height = 0.3
; max_print_height = 210
; max_print_speed = 300
; max_volumetric_extrusion_rate_slope_negative = 0
; max_volumetric_extrusion_rate_slope_positive = 0
; max_volumetric_speed = 0
; min_bead_width = 85%
; min_fan_speed = 15
; min_feature_size = 25%
; min_layer_height = 0.1
; min_print_speed = 15
; min_skirt_length = 4
; mmu_segmented_region_interlocking_depth = 0
; mmu_segmented_region_max_width = 0
; multimaterial_purging = 140
; notes = 
; nozzle_diameter = 0.4
; nozzle_high_flow = 1
; only_one_perimeter_first_layer = 0
; only_retract_when_crossing_perimeters = 0
; ooze_prevention = 0
; output_filename_format = {input_filename_base}_{nozzle_diameter[0]}n_{layer_height}mm_{printing_filament_types}_{printer_model}_{print_time}.gcode
; over_bridge_speed = 0
; overhang_fan_speed_0 = 15
; overhang_fan_speed_1 = 15
; overhang_fan_speed_2 = 30
; overhang_fan_speed_3 = 60
; overhang_speed_0 = 15
; overhang_speed_1 = 25
; overhang_speed_2 = 50
; overhang_speed_3 = 70%
; overhangs = 1
; parking_pos_retraction = 92
; pause_print_gcode = PAUSE
; perimeter_acceleration = 3000
; perimeter_extruder = 1
; perimeter_extrusion_width = 0
; perimeter_generator = arachne
; perimeter_speed = 200
; perimeters = 3
; physical_printer_settings_id = JokeLedgeVoron
; post_process = 
; prefer_clockwise_movements = 0
; print_settings_id = 0.20mm BALANCED
; printer_model = 
; printer_notes = 
; printer_settings_id = Voron 0.4mm CHT
; printer_technology = FFF
; printer_variant = 
; printer_vendor = 
; raft_contact_distance = 0.15
; raft_expansion = 1.5
; raft_first_layer_density = 90%
; raft_first_layer_expansion = 3
; raft_layers = 0
; remaining_times = 1
; resolution = 0
; retract_before_travel = 1.5
; retract_before_wipe = 80%
; retract_layer_change = 1
; retract_length = 0.5
; retract_length_toolchange = 10
; retract_lift = 0.2
; retract_lift_above = 0
; retract_lift_below = 190
; retract_restart_extra = 0
; retract_restart_extra_toolchange = 0
; retract_speed = 45
; scarf_seam_entire_loop = 0
; scarf_seam_length = 20
; scarf_seam_max_segment_length = 1
; scarf_seam_on_inner_perimeters = 0
; scarf_seam_only_on_smooth = 1
; scarf_seam_placement = nowhere
; scarf_seam_start_height = 0%
; seam_gap_distance = 15%
; seam_position = aligned
; silent_mode = 1
; single_extruder_multi_material = 0
; single_extruder_multi_material_priming = 0
; skirt_distance = 6
; skirt_height = 1
; skirts = 0
; slice_closing_radius = 0.049
; slicing_mode = regular
; slowdown_below_layer_time = 20
; small_perimeter_speed = 150
; solid_infill_acceleration = 5000
; solid_infill_below_area = 0
; solid_infill_every_layers = 0
; solid_infill_extruder = 1
; solid_infill_extrusion_width = 0
; solid_infill_speed = 150
; spiral_vase = 0
; staggered_inner_seams = 0
; standby_temperature_delta = -5
; start_filament_gcode = "; Filament gcode\n;SET_PRESSURE_ADVANCE ADVANCE=0.035"
; start_gcode = M104 S0 ; Stops SuperSlicer from sending temp waits separately\nM140 S0\nM117\nPRINT_START EXTRUDER={first_layer_temperature[initial_extruder]} BED=[first_layer_bed_temperature] CHAMBER=[chamber_temperature] FILAMENT_TYPE=[filament_type] NOZZLE_DIAMETER={nozzle_diameter[0]}\n
; support_material = 0
; support_material_angle = 0
; support_material_auto = 1
; support_material_bottom_contact_distance = 0.2
; support_material_bottom_interface_layers = 0
; support_material_buildplate_only = 0
; support_material_closing_radius = 2
; support_material_contact_distance = 0.2
; support_material_enforce_layers = 0
; support_material_extruder = 0
; support_material_extrusion_width = 0
; support_material_interface_contact_loops = 0
; support_material_interface_extruder = 0
; support_material_interface_layers = 3
; support_material_interface_pattern = auto
; support_material_interface_spacing = 0
; support_material_interface_speed = 50
; support_material_pattern = rectilinear
; support_material_spacing = 2.5
; support_material_speed = 60
; support_material_style = grid
; support_material_synchronize_layers = 0
; support_material_threshold = 0
; support_material_with_sheath = 1
; support_material_xy_spacing = 50%
; support_tree_angle = 40
; support_tree_angle_slow = 25
; support_tree_branch_diameter = 2
; support_tree_branch_diameter_angle = 5
; support_tree_branch_diameter_double_wall = 3
; support_tree_branch_distance = 1
; support_tree_tip_diameter = 0.8
; support_tree_top_rate = 15%
; temperature = 260
; template_custom_gcode = 
; thick_bridges = 0
; thin_walls = 0
; thumbnails = 16x16/QOI, 313x173/QOI, 480x240/QOI, 32x32/PNG, 380x285/PNG
; thumbnails_format = QOI
; toolchange_gcode = 
; toolchange_ordering = optimized
; top_fill_pattern = monotoniclines
; top_infill_extrusion_width = 0
; top_one_perimeter_type = top
; top_solid_infill_acceleration = 2000
; top_solid_infill_speed = 100
; top_solid_layers = 5
; top_solid_min_thickness = 0.7
; travel_acceleration = 7000
; travel_lift_before_obstacle = 0
; travel_max_lift = 1.5
; travel_ramping_lift = 1
; travel_short_distance_acceleration = 250
; travel_slope = 1
; travel_speed = 450
; travel_speed_z = 60
; use_firmware_retraction = 0
; use_relative_e_distances = 0
; use_volumetric_e = 0
; variable_layer_height = 1
; wall_distribution_count = 1
; wall_transition_angle = 10
; wall_transition_filter_deviation = 25%
; wall_transition_length = 100%
; wipe = 0
; wipe_into_infill = 0
; wipe_into_objects = 0
; wipe_tower = 0
; wipe_tower_acceleration = 0
; wipe_tower_bridging = 10
; wipe_tower_brim_width = 2
; wipe_tower_cone_angle = 25
; wipe_tower_extra_flow = 250%
; wipe_tower_extra_spacing = 110%
; wipe_tower_extruder = 0
; wipe_tower_no_sparse_layers = 0
; wipe_tower_width = 60
; wiping_volumes_matrix = 0
; wiping_volumes_use_custom_matrix = 0
; xy_size_compensation = 0
; z_offset = 0
; prusaslicer_config = end

