; ============================================================
; Pressure Advance calibration pattern
; generated by Print Calibration Tool (Ellis-style chevron pattern)
; ============================================================
; bed = 250x250
; first_layer_height = 0.2
; layer_height = 0.2
; layers = 5
; anchor = frame
; print_numbers = 1
; pa_start = 0.025
; pa_end = 0.08
; pa_step = 0.0025
; pa_values = 0.025,0.0275,0.03,0.0325,0.035,0.0375,0.04,0.0425,0.045,0.0475,0.05,0.0525,0.055,0.0575,0.06,0.0625,0.065,0.0675,0.07,0.0725,0.075,0.0775,0.08
; relative_e = 0
; gcode_flavor = klipper
; extrusion_width = 0.45
; anchor_width = 0.56
; filament_diameter = 1.75
; extrusion_multiplier = 1
; acceleration_print = 3000
; acceleration_first_layer = 500
; acceleration_restore = 3000
; pattern_size = 109.26x64.55 mm
; pattern_origin = 70.37,92.73
; speed_pattern = 200 mm/s
; speed_first_layer = 45 mm/s
; estimated_time_s = 413
; filament_mm = 935.03
; ------------------------------------------------------------
; generated by PrusaSlicer 2.9.6 on 2026-08-17 at 13:52:10 UTC


;
;

;
;

;
;

;
;

;
;
; 

; external perimeters extrusion width = 0.45mm
; perimeters extrusion width = 0.45mm
; infill extrusion width = 0.45mm
; solid infill extrusion width = 0.45mm
; top infill extrusion width = 0.40mm

M73 P0 R7

EXCLUDE_OBJECT_DEFINE NAME='pa_calibration_test' CENTER=125,125 POLYGON=[[70.371,92.727],[179.629,92.727],[179.629,157.273],[70.371,157.273]]

M104 S0 ; Stops SuperSlicer from sending temp waits separately
M140 S0
M117
PRINT_START EXTRUDER=260 BED=100 CHAMBER=0 FILAMENT_TYPE=ABS NOZZLE_DIAMETER=0.4
G21 ; set units to millimeters
G90 ; use absolute coordinates
M82 ; use absolute distances for extrusion
G92 E0
; Filament gcode
;SET_PRESSURE_ADVANCE ADVANCE=0.035
M107
EXCLUDE_OBJECT_START NAME='pa_calibration_test'
; >>> print_calibration_tool pattern begin
G21 ; millimeters
G90 ; absolute positioning
M83 ; relative extrusion
G92 E0
M106 S0 ; fan
SET_VELOCITY_LIMIT ACCEL=500 ; acceleration for the test
G1 E-0.5 F2700 ; retract
G0 Z5 F3600
G0 X74.2024 Y94.5583 F27000
G0 Z0.2 F3600
SET_PRESSURE_ADVANCE ADVANCE=0.025 ; start value
SET_PRINT_STATS_INFO TOTAL_LAYER=5
;LAYER_CHANGE
;Z:0.2
;HEIGHT:0.2
SET_PRINT_STATS_INFO CURRENT_LAYER=1
; anchor frame
;TYPE:Perimeter
G0 Z0.4 F3600
G0 X70.6511 Y93.007 F27000
G0 Z0.2 F3600
G1 E0.5 F2700 ; unretract
G1 X179.3489 Y93.007 E4.6735 F2700 ; anchor
G1 X179.3489 Y138.5359 E1.95753 F2700 ; anchor
G1 X70.6511 Y138.5359 E4.6735 F2700 ; anchor
G1 X70.6511 Y93.007 E1.95753 F2700 ; anchor
G0 X71.1682 Y93.5241 F27000
G1 X178.8318 Y93.5241 E4.62903 F2700 ; anchor
G1 X178.8318 Y138.0188 E1.91307 F2700 ; anchor
G1 X71.1682 Y138.0188 E4.62903 F2700 ; anchor
G1 X71.1682 Y93.5241 E1.91307 F2700 ; anchor
G0 X71.6853 Y94.0412 F27000
G1 X178.3147 Y94.0412 E4.58457 F2700 ; anchor
G1 X178.3147 Y137.5017 E1.8686 F2700 ; anchor
G1 X71.6853 Y137.5017 E4.58457 F2700 ; anchor
G1 X71.6853 Y94.0412 E1.8686 F2700 ; anchor
G0 X72.2024 Y94.5583 F27000
G1 X177.7976 Y94.5583 E4.54011 F2700 ; anchor
G1 X177.7976 Y136.9847 E1.82414 F2700 ; anchor
G1 X72.2024 Y136.9847 E4.54011 F2700 ; anchor
G1 X72.2024 Y94.5583 E1.82414 F2700 ; anchor
; number tab
;TYPE:Solid infill
G1 E-0.5 F2700 ; retract
G0 Z0.4 F3600
G0 X70.6511 Y139.053 F27000
G0 Z0.2 F3600
G1 E0.5 F2700 ; unretract
G1 X179.3489 Y139.053 E4.6735 F2700 ; tab
G1 X179.3489 Y156.993 E0.77134 F2700 ; tab
G1 X70.6511 Y156.993 E4.6735 F2700 ; tab
G1 X70.6511 Y139.053 E0.77134 F2700 ; tab
G0 X71.1682 Y139.5701 F27000
G1 X178.8318 Y139.5701 E4.62903 F2700 ; tab
G1 X178.8318 Y156.4759 E0.72687 F2700 ; tab
G1 X71.1682 Y156.4759 E4.62903 F2700 ; tab
G1 X71.1682 Y139.5701 E0.72687 F2700 ; tab
G0 X71.6853 Y140.0871 F27000
G1 X178.3147 Y140.0871 E4.58457 F2700 ; tab
G1 X178.3147 Y155.9588 E0.68241 F2700 ; tab
G1 X71.6853 Y155.9588 E4.58457 F2700 ; tab
G1 X71.6853 Y140.0871 E0.68241 F2700 ; tab
G0 X72.2024 Y140.6042 F27000
G1 X177.7976 Y140.6042 E4.54011 F2700 ; tab
G1 X177.7976 Y155.4417 E0.63794 F2700 ; tab
G1 X72.2024 Y155.4417 E4.54011 F2700 ; tab
G1 X72.2024 Y140.6042 E0.63794 F2700 ; tab
G1 E-0.5 F2700 ; retract
G0 Z0.4 F3600
G0 X176.6931 Y140.9776 F27000
G0 Z0.2 F3600
G1 E0.5 F2700 ; unretract
G1 X177.4243 Y141.7088 E0.04446 F2700 ; tab
G0 X177.4243 Y142.4401 F27000
G1 X175.9618 Y140.9776 E0.08893 F2700 ; tab
G0 X175.2305 Y140.9776 F27000
G1 X177.4243 Y143.1713 E0.13339 F2700 ; tab
G0 X177.4243 Y143.9026 F27000
G1 X174.4993 Y140.9776 E0.17786 F2700 ; tab
G0 X173.768 Y140.9776 F27000
G1 X177.4243 Y144.6339 E0.22232 F2700 ; tab
G0 X177.4243 Y145.3651 F27000
G1 X173.0367 Y140.9776 E0.26678 F2700 ; tab
G0 X172.3055 Y140.9776 F27000
G1 X177.4243 Y146.0964 E0.31125 F2700 ; tab
G0 X177.4243 Y146.8276 F27000
G1 X171.5742 Y140.9776 E0.35571 F2700 ; tab
G0 X170.843 Y140.9776 F27000
G1 X177.4243 Y147.5589 E0.40018 F2700 ; tab
G0 X177.4243 Y148.2902 F27000
G1 X170.1117 Y140.9776 E0.44464 F2700 ; tab
G0 X169.3804 Y140.9776 F27000
G1 X177.4243 Y149.0214 E0.4891 F2700 ; tab
G0 X177.4243 Y149.7527 F27000
G1 X168.6492 Y140.9776 E0.53357 F2700 ; tab
G0 X167.9179 Y140.9776 F27000
G1 X177.4243 Y150.4839 E0.57803 F2700 ; tab
G0 X177.4243 Y151.2152 F27000
G1 X167.1867 Y140.9776 E0.6225 F2700 ; tab
G0 X166.4554 Y140.9776 F27000
G1 X177.4243 Y151.9465 E0.66696 F2700 ; tab
G0 X177.4243 Y152.6777 F27000
G1 X165.7241 Y140.9776 E0.71142 F2700 ; tab
G0 X164.9929 Y140.9776 F27000
G1 X177.4243 Y153.409 E0.75589 F2700 ; tab
G0 X177.4243 Y154.1403 F27000
G1 X164.2616 Y140.9776 E0.80035 F2700 ; tab
G0 X163.5304 Y140.9776 F27000
G1 X177.4243 Y154.8715 E0.84482 F2700 ; tab
G0 X176.8899 Y155.0684 F27000
G1 X162.7991 Y140.9776 E0.85679 F2700 ; tab
G0 X162.0678 Y140.9776 F27000
G1 X176.1587 Y155.0684 E0.85679 F2700 ; tab
G0 X175.4274 Y155.0684 F27000
G1 X161.3366 Y140.9776 E0.85679 F2700 ; tab
G0 X160.6053 Y140.9776 F27000
G1 X174.6962 Y155.0684 E0.85679 F2700 ; tab
G0 X173.9649 Y155.0684 F27000
G1 X159.874 Y140.9776 E0.85679 F2700 ; tab
G0 X159.1428 Y140.9776 F27000
G1 X173.2336 Y155.0684 E0.85679 F2700 ; tab
G0 X172.5024 Y155.0684 F27000
G1 X158.4115 Y140.9776 E0.85679 F2700 ; tab
G0 X157.6803 Y140.9776 F27000
G1 X171.7711 Y155.0684 E0.85679 F2700 ; tab
G0 X171.0399 Y155.0684 F27000
G1 X156.949 Y140.9776 E0.85679 F2700 ; tab
G0 X156.2177 Y140.9776 F27000
G1 X170.3086 Y155.0684 E0.85679 F2700 ; tab
G0 X169.5773 Y155.0684 F27000
G1 X155.4865 Y140.9776 E0.85679 F2700 ; tab
G0 X154.7552 Y140.9776 F27000
G1 X168.8461 Y155.0684 E0.85679 F2700 ; tab
G0 X168.1148 Y155.0684 F27000
G1 X154.024 Y140.9776 E0.85679 F2700 ; tab
G0 X153.2927 Y140.9776 F27000
G1 X167.3836 Y155.0684 E0.85679 F2700 ; tab
G0 X166.6523 Y155.0684 F27000
G1 X152.5614 Y140.9776 E0.85679 F2700 ; tab
G0 X151.8302 Y140.9776 F27000
G1 X165.921 Y155.0684 E0.85679 F2700 ; tab
G0 X165.1898 Y155.0684 F27000
G1 X151.0989 Y140.9776 E0.85679 F2700 ; tab
G0 X150.3677 Y140.9776 F27000
G1 X164.4585 Y155.0684 E0.85679 F2700 ; tab
G0 X163.7272 Y155.0684 F27000
G1 X149.6364 Y140.9776 E0.85679 F2700 ; tab
G0 X148.9051 Y140.9776 F27000
G1 X162.996 Y155.0684 E0.85679 F2700 ; tab
G0 X162.2647 Y155.0684 F27000
G1 X148.1739 Y140.9776 E0.85679 F2700 ; tab
G0 X147.4426 Y140.9776 F27000
G1 X161.5335 Y155.0684 E0.85679 F2700 ; tab
G0 X160.8022 Y155.0684 F27000
G1 X146.7113 Y140.9776 E0.85679 F2700 ; tab
G0 X145.9801 Y140.9776 F27000
G1 X160.0709 Y155.0684 E0.85679 F2700 ; tab
G0 X159.3397 Y155.0684 F27000
G1 X145.2488 Y140.9776 E0.85679 F2700 ; tab
G0 X144.5176 Y140.9776 F27000
G1 X158.6084 Y155.0684 E0.85679 F2700 ; tab
G0 X157.8772 Y155.0684 F27000
G1 X143.7863 Y140.9776 E0.85679 F2700 ; tab
G0 X143.055 Y140.9776 F27000
G1 X157.1459 Y155.0684 E0.85679 F2700 ; tab
G0 X156.4146 Y155.0684 F27000
G1 X142.3238 Y140.9776 E0.85679 F2700 ; tab
G0 X141.5925 Y140.9776 F27000
G1 X155.6834 Y155.0684 E0.85679 F2700 ; tab
G0 X154.9521 Y155.0684 F27000
G1 X140.8613 Y140.9776 E0.85679 F2700 ; tab
G0 X140.13 Y140.9776 F27000
G1 X154.2209 Y155.0684 E0.85679 F2700 ; tab
G0 X153.4896 Y155.0684 F27000
G1 X139.3987 Y140.9776 E0.85679 F2700 ; tab
G0 X138.6675 Y140.9776 F27000
G1 X152.7583 Y155.0684 E0.85679 F2700 ; tab
G0 X152.0271 Y155.0684 F27000
G1 X137.9362 Y140.9776 E0.85679 F2700 ; tab
G0 X137.205 Y140.9776 F27000
G1 X151.2958 Y155.0684 E0.85679 F2700 ; tab
G0 X150.5645 Y155.0684 F27000
G1 X136.4737 Y140.9776 E0.85679 F2700 ; tab
G0 X135.7424 Y140.9776 F27000
G1 X149.8333 Y155.0684 E0.85679 F2700 ; tab
G0 X149.102 Y155.0684 F27000
G1 X135.0112 Y140.9776 E0.85679 F2700 ; tab
G0 X134.2799 Y140.9776 F27000
G1 X148.3708 Y155.0684 E0.85679 F2700 ; tab
G0 X147.6395 Y155.0684 F27000
G1 X133.5486 Y140.9776 E0.85679 F2700 ; tab
G0 X132.8174 Y140.9776 F27000
G1 X146.9082 Y155.0684 E0.85679 F2700 ; tab
G0 X146.177 Y155.0684 F27000
G1 X132.0861 Y140.9776 E0.85679 F2700 ; tab
G0 X131.3549 Y140.9776 F27000
G1 X145.4457 Y155.0684 E0.85679 F2700 ; tab
G0 X144.7145 Y155.0684 F27000
G1 X130.6236 Y140.9776 E0.85679 F2700 ; tab
G0 X129.8923 Y140.9776 F27000
G1 X143.9832 Y155.0684 E0.85679 F2700 ; tab
G0 X143.2519 Y155.0684 F27000
G1 X129.1611 Y140.9776 E0.85679 F2700 ; tab
G0 X128.4298 Y140.9776 F27000
G1 X142.5207 Y155.0684 E0.85679 F2700 ; tab
G0 X141.7894 Y155.0684 F27000
G1 X127.6986 Y140.9776 E0.85679 F2700 ; tab
G0 X126.9673 Y140.9776 F27000
G1 X141.0582 Y155.0684 E0.85679 F2700 ; tab
G0 X140.3269 Y155.0684 F27000
G1 X126.236 Y140.9776 E0.85679 F2700 ; tab
G0 X125.5048 Y140.9776 F27000
G1 X139.5956 Y155.0684 E0.85679 F2700 ; tab
G0 X138.8644 Y155.0684 F27000
G1 X124.7735 Y140.9776 E0.85679 F2700 ; tab
G0 X124.0423 Y140.9776 F27000
G1 X138.1331 Y155.0684 E0.85679 F2700 ; tab
G0 X137.4019 Y155.0684 F27000
G1 X123.311 Y140.9776 E0.85679 F2700 ; tab
G0 X122.5797 Y140.9776 F27000
G1 X136.6706 Y155.0684 E0.85679 F2700 ; tab
G0 X135.9393 Y155.0684 F27000
G1 X121.8485 Y140.9776 E0.85679 F2700 ; tab
G0 X121.1172 Y140.9776 F27000
G1 X135.2081 Y155.0684 E0.85679 F2700 ; tab
G0 X134.4768 Y155.0684 F27000
G1 X120.386 Y140.9776 E0.85679 F2700 ; tab
G0 X119.6547 Y140.9776 F27000
G1 X133.7455 Y155.0684 E0.85679 F2700 ; tab
G0 X133.0143 Y155.0684 F27000
G1 X118.9234 Y140.9776 E0.85679 F2700 ; tab
G0 X118.1922 Y140.9776 F27000
G1 X132.283 Y155.0684 E0.85679 F2700 ; tab
G0 X131.5518 Y155.0684 F27000
G1 X117.4609 Y140.9776 E0.85679 F2700 ; tab
G0 X116.7296 Y140.9776 F27000
G1 X130.8205 Y155.0684 E0.85679 F2700 ; tab
G0 X130.0892 Y155.0684 F27000
G1 X115.9984 Y140.9776 E0.85679 F2700 ; tab
G0 X115.2671 Y140.9776 F27000
G1 X129.358 Y155.0684 E0.85679 F2700 ; tab
G0 X128.6267 Y155.0684 F27000
G1 X114.5359 Y140.9776 E0.85679 F2700 ; tab
G0 X113.8046 Y140.9776 F27000
G1 X127.8955 Y155.0684 E0.85679 F2700 ; tab
G0 X127.1642 Y155.0684 F27000
G1 X113.0733 Y140.9776 E0.85679 F2700 ; tab
G0 X112.3421 Y140.9776 F27000
G1 X126.4329 Y155.0684 E0.85679 F2700 ; tab
G0 X125.7017 Y155.0684 F27000
G1 X111.6108 Y140.9776 E0.85679 F2700 ; tab
G0 X110.8796 Y140.9776 F27000
G1 X124.9704 Y155.0684 E0.85679 F2700 ; tab
G0 X124.2392 Y155.0684 F27000
G1 X110.1483 Y140.9776 E0.85679 F2700 ; tab
G0 X109.417 Y140.9776 F27000
G1 X123.5079 Y155.0684 E0.85679 F2700 ; tab
G0 X122.7766 Y155.0684 F27000
G1 X108.6858 Y140.9776 E0.85679 F2700 ; tab
G0 X107.9545 Y140.9776 F27000
G1 X122.0454 Y155.0684 E0.85679 F2700 ; tab
G0 X121.3141 Y155.0684 F27000
G1 X107.2233 Y140.9776 E0.85679 F2700 ; tab
G0 X106.492 Y140.9776 F27000
G1 X120.5828 Y155.0684 E0.85679 F2700 ; tab
G0 X119.8516 Y155.0684 F27000
G1 X105.7607 Y140.9776 E0.85679 F2700 ; tab
G0 X105.0295 Y140.9776 F27000
G1 X119.1203 Y155.0684 E0.85679 F2700 ; tab
G0 X118.3891 Y155.0684 F27000
G1 X104.2982 Y140.9776 E0.85679 F2700 ; tab
G0 X103.5669 Y140.9776 F27000
G1 X117.6578 Y155.0684 E0.85679 F2700 ; tab
G0 X116.9265 Y155.0684 F27000
G1 X102.8357 Y140.9776 E0.85679 F2700 ; tab
G0 X102.1044 Y140.9776 F27000
G1 X116.1953 Y155.0684 E0.85679 F2700 ; tab
G0 X115.464 Y155.0684 F27000
G1 X101.3732 Y140.9776 E0.85679 F2700 ; tab
G0 X100.6419 Y140.9776 F27000
G1 X114.7328 Y155.0684 E0.85679 F2700 ; tab
G0 X114.0015 Y155.0684 F27000
G1 X99.9106 Y140.9776 E0.85679 F2700 ; tab
G0 X99.1794 Y140.9776 F27000
G1 X113.2702 Y155.0684 E0.85679 F2700 ; tab
G0 X112.539 Y155.0684 F27000
G1 X98.4481 Y140.9776 E0.85679 F2700 ; tab
G0 X97.7169 Y140.9776 F27000
G1 X111.8077 Y155.0684 E0.85679 F2700 ; tab
G0 X111.0765 Y155.0684 F27000
G1 X96.9856 Y140.9776 E0.85679 F2700 ; tab
G0 X96.2543 Y140.9776 F27000
G1 X110.3452 Y155.0684 E0.85679 F2700 ; tab
G0 X109.6139 Y155.0684 F27000
G1 X95.5231 Y140.9776 E0.85679 F2700 ; tab
G0 X94.7918 Y140.9776 F27000
G1 X108.8827 Y155.0684 E0.85679 F2700 ; tab
G0 X108.1514 Y155.0684 F27000
G1 X94.0606 Y140.9776 E0.85679 F2700 ; tab
G0 X93.3293 Y140.9776 F27000
G1 X107.4201 Y155.0684 E0.85679 F2700 ; tab
G0 X106.6889 Y155.0684 F27000
G1 X92.598 Y140.9776 E0.85679 F2700 ; tab
G0 X91.8668 Y140.9776 F27000
G1 X105.9576 Y155.0684 E0.85679 F2700 ; tab
G0 X105.2264 Y155.0684 F27000
G1 X91.1355 Y140.9776 E0.85679 F2700 ; tab
G0 X90.4042 Y140.9776 F27000
G1 X104.4951 Y155.0684 E0.85679 F2700 ; tab
G0 X103.7638 Y155.0684 F27000
G1 X89.673 Y140.9776 E0.85679 F2700 ; tab
G0 X88.9417 Y140.9776 F27000
G1 X103.0326 Y155.0684 E0.85679 F2700 ; tab
G0 X102.3013 Y155.0684 F27000
G1 X88.2105 Y140.9776 E0.85679 F2700 ; tab
G0 X87.4792 Y140.9776 F27000
G1 X101.5701 Y155.0684 E0.85679 F2700 ; tab
G0 X100.8388 Y155.0684 F27000
G1 X86.7479 Y140.9776 E0.85679 F2700 ; tab
G0 X86.0167 Y140.9776 F27000
G1 X100.1075 Y155.0684 E0.85679 F2700 ; tab
G0 X99.3763 Y155.0684 F27000
G1 X85.2854 Y140.9776 E0.85679 F2700 ; tab
G0 X84.5542 Y140.9776 F27000
G1 X98.645 Y155.0684 E0.85679 F2700 ; tab
G0 X97.9138 Y155.0684 F27000
G1 X83.8229 Y140.9776 E0.85679 F2700 ; tab
G0 X83.0916 Y140.9776 F27000
G1 X97.1825 Y155.0684 E0.85679 F2700 ; tab
G0 X96.4512 Y155.0684 F27000
G1 X82.3604 Y140.9776 E0.85679 F2700 ; tab
G0 X81.6291 Y140.9776 F27000
G1 X95.72 Y155.0684 E0.85679 F2700 ; tab
G0 X94.9887 Y155.0684 F27000
G1 X80.8979 Y140.9776 E0.85679 F2700 ; tab
G0 X80.1666 Y140.9776 F27000
G1 X94.2575 Y155.0684 E0.85679 F2700 ; tab
G0 X93.5262 Y155.0684 F27000
G1 X79.4353 Y140.9776 E0.85679 F2700 ; tab
G0 X78.7041 Y140.9776 F27000
G1 X92.7949 Y155.0684 E0.85679 F2700 ; tab
G0 X92.0637 Y155.0684 F27000
G1 X77.9728 Y140.9776 E0.85679 F2700 ; tab
G0 X77.2416 Y140.9776 F27000
G1 X91.3324 Y155.0684 E0.85679 F2700 ; tab
G0 X90.6011 Y155.0684 F27000
G1 X76.5103 Y140.9776 E0.85679 F2700 ; tab
G0 X75.779 Y140.9776 F27000
G1 X89.8699 Y155.0684 E0.85679 F2700 ; tab
G0 X89.1386 Y155.0684 F27000
G1 X75.0478 Y140.9776 E0.85679 F2700 ; tab
G0 X74.3165 Y140.9776 F27000
G1 X88.4074 Y155.0684 E0.85679 F2700 ; tab
G0 X87.6761 Y155.0684 F27000
G1 X73.5852 Y140.9776 E0.85679 F2700 ; tab
G0 X72.854 Y140.9776 F27000
G1 X86.9448 Y155.0684 E0.85679 F2700 ; tab
G0 X86.2136 Y155.0684 F27000
G1 X72.5757 Y141.4305 E0.82925 F2700 ; tab
G0 X72.5757 Y142.1618 F27000
G1 X85.4823 Y155.0684 E0.78478 F2700 ; tab
G0 X84.7511 Y155.0684 F27000
G1 X72.5757 Y142.893 E0.74032 F2700 ; tab
G0 X72.5757 Y143.6243 F27000
G1 X84.0198 Y155.0684 E0.69585 F2700 ; tab
G0 X83.2885 Y155.0684 F27000
G1 X72.5757 Y144.3556 E0.65139 F2700 ; tab
G0 X72.5757 Y145.0868 F27000
G1 X82.5573 Y155.0684 E0.60693 F2700 ; tab
G0 X81.826 Y155.0684 F27000
G1 X72.5757 Y145.8181 E0.56246 F2700 ; tab
G0 X72.5757 Y146.5493 F27000
G1 X81.0948 Y155.0684 E0.518 F2700 ; tab
G0 X80.3635 Y155.0684 F27000
G1 X72.5757 Y147.2806 E0.47353 F2700 ; tab
G0 X72.5757 Y148.0119 F27000
G1 X79.6322 Y155.0684 E0.42907 F2700 ; tab
G0 X78.901 Y155.0684 F27000
G1 X72.5757 Y148.7431 E0.38461 F2700 ; tab
G0 X72.5757 Y149.4744 F27000
G1 X78.1697 Y155.0684 E0.34014 F2700 ; tab
G0 X77.4384 Y155.0684 F27000
G1 X72.5757 Y150.2057 E0.29568 F2700 ; tab
G0 X72.5757 Y150.9369 F27000
G1 X76.7072 Y155.0684 E0.25121 F2700 ; tab
G0 X75.9759 Y155.0684 F27000
G1 X72.5757 Y151.6682 E0.20675 F2700 ; tab
G0 X72.5757 Y152.3994 F27000
G1 X75.2447 Y155.0684 E0.16229 F2700 ; tab
G0 X74.5134 Y155.0684 F27000
G1 X72.5757 Y153.1307 E0.11782 F2700 ; tab
G0 X72.5757 Y153.862 F27000
G1 X73.7821 Y155.0684 E0.07336 F2700 ; tab
G0 X73.0509 Y155.0684 F27000
G1 X72.5757 Y154.5932 E0.02889 F2700 ; tab
;TYPE:External perimeter
SET_PRESSURE_ADVANCE ADVANCE=0.025 ; pattern 1/23
G1 E-0.5 F2700 ; retract
G0 Z0.4 F3600
G0 X74.2024 Y94.5583 F27000
G0 Z0.2 F3600
G1 E0.5 F2700 ; unretract
G1 X95.4156 Y115.7715 E1.01546 F2700 ; pattern
G1 X74.2024 Y136.9847 E1.01546 F2700 ; pattern
G0 X74.7781 Y136.9847 F27000
G1 X95.9913 Y115.7715 E1.01546 F2700 ; pattern
G1 X74.7781 Y94.5583 E1.01546 F2700 ; pattern
G0 X75.3537 Y94.5583 F27000
G1 X96.567 Y115.7715 E1.01546 F2700 ; pattern
G1 X75.3537 Y136.9847 E1.01546 F2700 ; pattern
SET_PRESSURE_ADVANCE ADVANCE=0.0275 ; pattern 2/23
G1 E-0.5 F2700 ; retract
G0 Z0.4 F3600
G0 X77.8037 Y94.5583 F27000
G0 Z0.2 F3600
G1 E0.5 F2700 ; unretract
G1 X99.017 Y115.7715 E1.01546 F2700 ; pattern
G1 X77.8037 Y136.9847 E1.01546 F2700 ; pattern
G0 X78.3794 Y136.9847 F27000
G1 X99.5927 Y115.7715 E1.01546 F2700 ; pattern
G1 X78.3794 Y94.5583 E1.01546 F2700 ; pattern
G0 X78.9551 Y94.5583 F27000
G1 X100.1683 Y115.7715 E1.01546 F2700 ; pattern
G1 X78.9551 Y136.9847 E1.01546 F2700 ; pattern
SET_PRESSURE_ADVANCE ADVANCE=0.03 ; pattern 3/23
G1 E-0.5 F2700 ; retract
G0 Z0.4 F3600
G0 X81.4051 Y94.5583 F27000
G0 Z0.2 F3600
G1 E0.5 F2700 ; unretract
G1 X102.6183 Y115.7715 E1.01546 F2700 ; pattern
G1 X81.4051 Y136.9847 E1.01546 F2700 ; pattern
G0 X81.9808 Y136.9847 F27000
G1 X103.194 Y115.7715 E1.01546 F2700 ; pattern
G1 X81.9808 Y94.5583 E1.01546 F2700 ; pattern
G0 X82.5565 Y94.5583 F27000
G1 X103.7697 Y115.7715 E1.01546 F2700 ; pattern
G1 X82.5565 Y136.9847 E1.01546 F2700 ; pattern
SET_PRESSURE_ADVANCE ADVANCE=0.0325 ; pattern 4/23
G1 E-0.5 F2700 ; retract
G0 Z0.4 F3600
G0 X85.0065 Y94.5583 F27000
G0 Z0.2 F3600
G1 E0.5 F2700 ; unretract
G1 X106.2197 Y115.7715 E1.01546 F2700 ; pattern
G1 X85.0065 Y136.9847 E1.01546 F2700 ; pattern
G0 X85.5822 Y136.9847 F27000
G1 X106.7954 Y115.7715 E1.01546 F2700 ; pattern
G1 X85.5822 Y94.5583 E1.01546 F2700 ; pattern
G0 X86.1579 Y94.5583 F27000
G1 X107.3711 Y115.7715 E1.01546 F2700 ; pattern
G1 X86.1579 Y136.9847 E1.01546 F2700 ; pattern
SET_PRESSURE_ADVANCE ADVANCE=0.035 ; pattern 5/23
G1 E-0.5 F2700 ; retract
G0 Z0.4 F3600
G0 X88.6079 Y94.5583 F27000
G0 Z0.2 F3600
G1 E0.5 F2700 ; unretract
G1 X109.8211 Y115.7715 E1.01546 F2700 ; pattern
G1 X88.6079 Y136.9847 E1.01546 F2700 ; pattern
G0 X89.1836 Y136.9847 F27000
G1 X110.3968 Y115.7715 E1.01546 F2700 ; pattern
G1 X89.1836 Y94.5583 E1.01546 F2700 ; pattern
G0 X89.7593 Y94.5583 F27000
G1 X110.9725 Y115.7715 E1.01546 F2700 ; pattern
G1 X89.7593 Y136.9847 E1.01546 F2700 ; pattern
SET_PRESSURE_ADVANCE ADVANCE=0.0375 ; pattern 6/23
G1 E-0.5 F2700 ; retract
G0 Z0.4 F3600
G0 X92.2093 Y94.5583 F27000
G0 Z0.2 F3600
G1 E0.5 F2700 ; unretract
G1 X113.4225 Y115.7715 E1.01546 F2700 ; pattern
G1 X92.2093 Y136.9847 E1.01546 F2700 ; pattern
G0 X92.785 Y136.9847 F27000
G1 X113.9982 Y115.7715 E1.01546 F2700 ; pattern
G1 X92.785 Y94.5583 E1.01546 F2700 ; pattern
G0 X93.3607 Y94.5583 F27000
G1 X114.5739 Y115.7715 E1.01546 F2700 ; pattern
G1 X93.3607 Y136.9847 E1.01546 F2700 ; pattern
SET_PRESSURE_ADVANCE ADVANCE=0.04 ; pattern 7/23
G1 E-0.5 F2700 ; retract
G0 Z0.4 F3600
G0 X95.8107 Y94.5583 F27000
G0 Z0.2 F3600
G1 E0.5 F2700 ; unretract
G1 X117.0239 Y115.7715 E1.01546 F2700 ; pattern
G1 X95.8107 Y136.9847 E1.01546 F2700 ; pattern
G0 X96.3864 Y136.9847 F27000
G1 X117.5996 Y115.7715 E1.01546 F2700 ; pattern
G1 X96.3864 Y94.5583 E1.01546 F2700 ; pattern
G0 X96.9621 Y94.5583 F27000
G1 X118.1753 Y115.7715 E1.01546 F2700 ; pattern
G1 X96.9621 Y136.9847 E1.01546 F2700 ; pattern
SET_PRESSURE_ADVANCE ADVANCE=0.0425 ; pattern 8/23
G1 E-0.5 F2700 ; retract
G0 Z0.4 F3600
G0 X99.4121 Y94.5583 F27000
G0 Z0.2 F3600
G1 E0.5 F2700 ; unretract
G1 X120.6253 Y115.7715 E1.01546 F2700 ; pattern
G1 X99.4121 Y136.9847 E1.01546 F2700 ; pattern
G0 X99.9878 Y136.9847 F27000
G1 X121.201 Y115.7715 E1.01546 F2700 ; pattern
G1 X99.9878 Y94.5583 E1.01546 F2700 ; pattern
G0 X100.5635 Y94.5583 F27000
G1 X121.7767 Y115.7715 E1.01546 F2700 ; pattern
G1 X100.5635 Y136.9847 E1.01546 F2700 ; pattern
SET_PRESSURE_ADVANCE ADVANCE=0.045 ; pattern 9/23
G1 E-0.5 F2700 ; retract
G0 Z0.4 F3600
G0 X103.0135 Y94.5583 F27000
G0 Z0.2 F3600
G1 E0.5 F2700 ; unretract
G1 X124.2267 Y115.7715 E1.01546 F2700 ; pattern
G1 X103.0135 Y136.9847 E1.01546 F2700 ; pattern
G0 X103.5892 Y136.9847 F27000
G1 X124.8024 Y115.7715 E1.01546 F2700 ; pattern
G1 X103.5892 Y94.5583 E1.01546 F2700 ; pattern
G0 X104.1649 Y94.5583 F27000
G1 X125.3781 Y115.7715 E1.01546 F2700 ; pattern
G1 X104.1649 Y136.9847 E1.01546 F2700 ; pattern
SET_PRESSURE_ADVANCE ADVANCE=0.0475 ; pattern 10/23
G1 E-0.5 F2700 ; retract
G0 Z0.4 F3600
G0 X106.6149 Y94.5583 F27000
G0 Z0.2 F3600
G1 E0.5 F2700 ; unretract
G1 X127.8281 Y115.7715 E1.01546 F2700 ; pattern
G1 X106.6149 Y136.9847 E1.01546 F2700 ; pattern
G0 X107.1906 Y136.9847 F27000
G1 X128.4038 Y115.7715 E1.01546 F2700 ; pattern
G1 X107.1906 Y94.5583 E1.01546 F2700 ; pattern
G0 X107.7663 Y94.5583 F27000
G1 X128.9795 Y115.7715 E1.01546 F2700 ; pattern
G1 X107.7663 Y136.9847 E1.01546 F2700 ; pattern
SET_PRESSURE_ADVANCE ADVANCE=0.05 ; pattern 11/23
G1 E-0.5 F2700 ; retract
G0 Z0.4 F3600
G0 X110.2163 Y94.5583 F27000
G0 Z0.2 F3600
G1 E0.5 F2700 ; unretract
G1 X131.4295 Y115.7715 E1.01546 F2700 ; pattern
G1 X110.2163 Y136.9847 E1.01546 F2700 ; pattern
G0 X110.792 Y136.9847 F27000
G1 X132.0052 Y115.7715 E1.01546 F2700 ; pattern
G1 X110.792 Y94.5583 E1.01546 F2700 ; pattern
G0 X111.3677 Y94.5583 F27000
G1 X132.5809 Y115.7715 E1.01546 F2700 ; pattern
G1 X111.3677 Y136.9847 E1.01546 F2700 ; pattern
SET_PRESSURE_ADVANCE ADVANCE=0.0525 ; pattern 12/23
G1 E-0.5 F2700 ; retract
G0 Z0.4 F3600
G0 X113.8177 Y94.5583 F27000
G0 Z0.2 F3600
G1 E0.5 F2700 ; unretract
G1 X135.0309 Y115.7715 E1.01546 F2700 ; pattern
G1 X113.8177 Y136.9847 E1.01546 F2700 ; pattern
G0 X114.3934 Y136.9847 F27000
G1 X135.6066 Y115.7715 E1.01546 F2700 ; pattern
G1 X114.3934 Y94.5583 E1.01546 F2700 ; pattern
G0 X114.9691 Y94.5583 F27000
G1 X136.1823 Y115.7715 E1.01546 F2700 ; pattern
G1 X114.9691 Y136.9847 E1.01546 F2700 ; pattern
SET_PRESSURE_ADVANCE ADVANCE=0.055 ; pattern 13/23
G1 E-0.5 F2700 ; retract
G0 Z0.4 F3600
G0 X117.4191 Y94.5583 F27000
G0 Z0.2 F3600
G1 E0.5 F2700 ; unretract
G1 X138.6323 Y115.7715 E1.01546 F2700 ; pattern
G1 X117.4191 Y136.9847 E1.01546 F2700 ; pattern
G0 X117.9948 Y136.9847 F27000
G1 X139.208 Y115.7715 E1.01546 F2700 ; pattern
G1 X117.9948 Y94.5583 E1.01546 F2700 ; pattern
G0 X118.5705 Y94.5583 F27000
G1 X139.7837 Y115.7715 E1.01546 F2700 ; pattern
G1 X118.5705 Y136.9847 E1.01546 F2700 ; pattern
SET_PRESSURE_ADVANCE ADVANCE=0.0575 ; pattern 14/23
G1 E-0.5 F2700 ; retract
G0 Z0.4 F3600
G0 X121.0205 Y94.5583 F27000
G0 Z0.2 F3600
G1 E0.5 F2700 ; unretract
G1 X142.2337 Y115.7715 E1.01546 F2700 ; pattern
G1 X121.0205 Y136.9847 E1.01546 F2700 ; pattern
G0 X121.5962 Y136.9847 F27000
G1 X142.8094 Y115.7715 E1.01546 F2700 ; pattern
G1 X121.5962 Y94.5583 E1.01546 F2700 ; pattern
G0 X122.1719 Y94.5583 F27000
G1 X143.3851 Y115.7715 E1.01546 F2700 ; pattern
G1 X122.1719 Y136.9847 E1.01546 F2700 ; pattern
SET_PRESSURE_ADVANCE ADVANCE=0.06 ; pattern 15/23
G1 E-0.5 F2700 ; retract
G0 Z0.4 F3600
G0 X124.6219 Y94.5583 F27000
G0 Z0.2 F3600
G1 E0.5 F2700 ; unretract
G1 X145.8351 Y115.7715 E1.01546 F2700 ; pattern
G1 X124.6219 Y136.9847 E1.01546 F2700 ; pattern
G0 X125.1976 Y136.9847 F27000
G1 X146.4108 Y115.7715 E1.01546 F2700 ; pattern
G1 X125.1976 Y94.5583 E1.01546 F2700 ; pattern
G0 X125.7733 Y94.5583 F27000
G1 X146.9865 Y115.7715 E1.01546 F2700 ; pattern
G1 X125.7733 Y136.9847 E1.01546 F2700 ; pattern
SET_PRESSURE_ADVANCE ADVANCE=0.0625 ; pattern 16/23
G1 E-0.5 F2700 ; retract
G0 Z0.4 F3600
G0 X128.2233 Y94.5583 F27000
G0 Z0.2 F3600
G1 E0.5 F2700 ; unretract
G1 X149.4365 Y115.7715 E1.01546 F2700 ; pattern
G1 X128.2233 Y136.9847 E1.01546 F2700 ; pattern
G0 X128.799 Y136.9847 F27000
G1 X150.0122 Y115.7715 E1.01546 F2700 ; pattern
G1 X128.799 Y94.5583 E1.01546 F2700 ; pattern
G0 X129.3747 Y94.5583 F27000
G1 X150.5879 Y115.7715 E1.01546 F2700 ; pattern
G1 X129.3747 Y136.9847 E1.01546 F2700 ; pattern
SET_PRESSURE_ADVANCE ADVANCE=0.065 ; pattern 17/23
G1 E-0.5 F2700 ; retract
G0 Z0.4 F3600
G0 X131.8247 Y94.5583 F27000
G0 Z0.2 F3600
G1 E0.5 F2700 ; unretract
G1 X153.0379 Y115.7715 E1.01546 F2700 ; pattern
G1 X131.8247 Y136.9847 E1.01546 F2700 ; pattern
G0 X132.4004 Y136.9847 F27000
G1 X153.6136 Y115.7715 E1.01546 F2700 ; pattern
G1 X132.4004 Y94.5583 E1.01546 F2700 ; pattern
G0 X132.9761 Y94.5583 F27000
G1 X154.1893 Y115.7715 E1.01546 F2700 ; pattern
G1 X132.9761 Y136.9847 E1.01546 F2700 ; pattern
SET_PRESSURE_ADVANCE ADVANCE=0.0675 ; pattern 18/23
G1 E-0.5 F2700 ; retract
G0 Z0.4 F3600
G0 X135.4261 Y94.5583 F27000
G0 Z0.2 F3600
G1 E0.5 F2700 ; unretract
G1 X156.6393 Y115.7715 E1.01546 F2700 ; pattern
G1 X135.4261 Y136.9847 E1.01546 F2700 ; pattern
G0 X136.0018 Y136.9847 F27000
G1 X157.215 Y115.7715 E1.01546 F2700 ; pattern
G1 X136.0018 Y94.5583 E1.01546 F2700 ; pattern
G0 X136.5775 Y94.5583 F27000
G1 X157.7907 Y115.7715 E1.01546 F2700 ; pattern
G1 X136.5775 Y136.9847 E1.01546 F2700 ; pattern
SET_PRESSURE_ADVANCE ADVANCE=0.07 ; pattern 19/23
G1 E-0.5 F2700 ; retract
G0 Z0.4 F3600
G0 X139.0275 Y94.5583 F27000
G0 Z0.2 F3600
G1 E0.5 F2700 ; unretract
G1 X160.2407 Y115.7715 E1.01546 F2700 ; pattern
G1 X139.0275 Y136.9847 E1.01546 F2700 ; pattern
G0 X139.6032 Y136.9847 F27000
G1 X160.8164 Y115.7715 E1.01546 F2700 ; pattern
G1 X139.6032 Y94.5583 E1.01546 F2700 ; pattern
G0 X140.1789 Y94.5583 F27000
G1 X161.3921 Y115.7715 E1.01546 F2700 ; pattern
G1 X140.1789 Y136.9847 E1.01546 F2700 ; pattern
SET_PRESSURE_ADVANCE ADVANCE=0.0725 ; pattern 20/23
G1 E-0.5 F2700 ; retract
G0 Z0.4 F3600
G0 X142.6289 Y94.5583 F27000
G0 Z0.2 F3600
G1 E0.5 F2700 ; unretract
G1 X163.8421 Y115.7715 E1.01546 F2700 ; pattern
G1 X142.6289 Y136.9847 E1.01546 F2700 ; pattern
G0 X143.2046 Y136.9847 F27000
G1 X164.4178 Y115.7715 E1.01546 F2700 ; pattern
G1 X143.2046 Y94.5583 E1.01546 F2700 ; pattern
G0 X143.7803 Y94.5583 F27000
G1 X164.9935 Y115.7715 E1.01546 F2700 ; pattern
G1 X143.7803 Y136.9847 E1.01546 F2700 ; pattern
SET_PRESSURE_ADVANCE ADVANCE=0.075 ; pattern 21/23
G1 E-0.5 F2700 ; retract
G0 Z0.4 F3600
G0 X146.2303 Y94.5583 F27000
G0 Z0.2 F3600
G1 E0.5 F2700 ; unretract
G1 X167.4435 Y115.7715 E1.01546 F2700 ; pattern
G1 X146.2303 Y136.9847 E1.01546 F2700 ; pattern
G0 X146.806 Y136.9847 F27000
G1 X168.0192 Y115.7715 E1.01546 F2700 ; pattern
G1 X146.806 Y94.5583 E1.01546 F2700 ; pattern
G0 X147.3817 Y94.5583 F27000
G1 X168.5949 Y115.7715 E1.01546 F2700 ; pattern
G1 X147.3817 Y136.9847 E1.01546 F2700 ; pattern
SET_PRESSURE_ADVANCE ADVANCE=0.0775 ; pattern 22/23
G1 E-0.5 F2700 ; retract
G0 Z0.4 F3600
G0 X149.8317 Y94.5583 F27000
G0 Z0.2 F3600
G1 E0.5 F2700 ; unretract
G1 X171.0449 Y115.7715 E1.01546 F2700 ; pattern
G1 X149.8317 Y136.9847 E1.01546 F2700 ; pattern
G0 X150.4073 Y136.9847 F27000
G1 X171.6206 Y115.7715 E1.01546 F2700 ; pattern
G1 X150.4073 Y94.5583 E1.01546 F2700 ; pattern
G0 X150.983 Y94.5583 F27000
G1 X172.1963 Y115.7715 E1.01546 F2700 ; pattern
G1 X150.983 Y136.9847 E1.01546 F2700 ; pattern
SET_PRESSURE_ADVANCE ADVANCE=0.08 ; pattern 23/23
G1 E-0.5 F2700 ; retract
G0 Z0.4 F3600
G0 X153.433 Y94.5583 F27000
G0 Z0.2 F3600
G1 E0.5 F2700 ; unretract
G1 X174.6463 Y115.7715 E1.01546 F2700 ; pattern
G1 X153.433 Y136.9847 E1.01546 F2700 ; pattern
G0 X154.0087 Y136.9847 F27000
G1 X175.2219 Y115.7715 E1.01546 F2700 ; pattern
G1 X154.0087 Y94.5583 E1.01546 F2700 ; pattern
G0 X154.5844 Y94.5583 F27000
G1 X175.7976 Y115.7715 E1.01546 F2700 ; pattern
G1 X154.5844 Y136.9847 E1.01546 F2700 ; pattern
;LAYER_CHANGE
;Z:0.4
;HEIGHT:0.2
SET_PRINT_STATS_INFO CURRENT_LAYER=2
G0 Z0.4 F3600
SET_VELOCITY_LIMIT ACCEL=3000 ; print acceleration
; pa value labels
;TYPE:Top solid infill
SET_PRESSURE_ADVANCE ADVANCE=0.025 ; reset for labels
G1 E-0.5 F2700 ; retract
G0 Z0.6 F3600
G0 X72.7781 Y140.053 F27000
G0 Z0.4 F3600
G1 E0.5 F2700 ; unretract
G1 X74.7781 Y140.053 E0.0677 F2700 ; glyph
G1 X76.7781 Y140.053 E0.0677 F2700 ; glyph
G1 X76.7781 Y142.053 E0.0677 F2700 ; glyph
G1 X74.7781 Y142.053 E0.0677 F2700 ; glyph
G1 X72.7781 Y142.053 E0.0677 F2700 ; glyph
G1 X72.7781 Y140.053 E0.0677 F2700 ; glyph
G1 E-0.5 F2700 ; retract
G0 Z0.6 F3600
G0 X76.7781 Y143.053 F27000
G0 Z0.4 F3600
G1 E0.5 F2700 ; unretract
G1 X76.0281 Y143.053 E0.02539 F2700 ; glyph
G1 E-0.5 F2700 ; retract
G0 Z0.6 F3600
G0 X72.7781 Y144.053 F27000
G0 Z0.4 F3600
G1 E0.5 F2700 ; unretract
G1 X74.7781 Y144.053 E0.0677 F2700 ; glyph
G1 X76.7781 Y144.053 E0.0677 F2700 ; glyph
G1 X76.7781 Y146.053 E0.0677 F2700 ; glyph
G1 X74.7781 Y146.053 E0.0677 F2700 ; glyph
G1 X72.7781 Y146.053 E0.0677 F2700 ; glyph
G1 X72.7781 Y144.053 E0.0677 F2700 ; glyph
G1 E-0.5 F2700 ; retract
G0 Z0.6 F3600
G0 X72.7781 Y147.053 F27000
G0 Z0.4 F3600
G1 E0.5 F2700 ; unretract
G1 X72.7781 Y149.053 E0.0677 F2700 ; glyph
G1 X74.7781 Y149.053 E0.0677 F2700 ; glyph
G1 X74.7781 Y147.053 E0.0677 F2700 ; glyph
G1 X76.7781 Y147.053 E0.0677 F2700 ; glyph
G1 X76.7781 Y149.053 E0.0677 F2700 ; glyph
G1 E-0.5 F2700 ; retract
G0 Z0.6 F3600
G0 X72.7781 Y152.053 F27000
G0 Z0.4 F3600
G1 E0.5 F2700 ; unretract
G1 X72.7781 Y150.053 E0.0677 F2700 ; glyph
G1 X74.7781 Y150.053 E0.0677 F2700 ; glyph
G1 X74.7781 Y152.053 E0.0677 F2700 ; glyph
G1 X76.7781 Y152.053 E0.0677 F2700 ; glyph
G1 X76.7781 Y150.053 E0.0677 F2700 ; glyph
G1 E-0.5 F2700 ; retract
G0 Z0.6 F3600
G0 X79.9808 Y140.053 F27000
G0 Z0.4 F3600
G1 E0.5 F2700 ; unretract
G1 X81.9808 Y140.053 E0.0677 F2700 ; glyph
G1 X83.9808 Y140.053 E0.0677 F2700 ; glyph
G1 X83.9808 Y142.053 E0.0677 F2700 ; glyph
G1 X81.9808 Y142.053 E0.0677 F2700 ; glyph
G1 X79.9808 Y142.053 E0.0677 F2700 ; glyph
G1 X79.9808 Y140.053 E0.0677 F2700 ; glyph
G1 E-0.5 F2700 ; retract
G0 Z0.6 F3600
G0 X83.9808 Y143.053 F27000
G0 Z0.4 F3600
G1 E0.5 F2700 ; unretract
G1 X83.2308 Y143.053 E0.02539 F2700 ; glyph
G1 E-0.5 F2700 ; retract
G0 Z0.6 F3600
G0 X79.9808 Y144.053 F27000
G0 Z0.4 F3600
G1 E0.5 F2700 ; unretract
G1 X81.9808 Y144.053 E0.0677 F2700 ; glyph
G1 X83.9808 Y144.053 E0.0677 F2700 ; glyph
G1 X83.9808 Y146.053 E0.0677 F2700 ; glyph
G1 X81.9808 Y146.053 E0.0677 F2700 ; glyph
G1 X79.9808 Y146.053 E0.0677 F2700 ; glyph
G1 X79.9808 Y144.053 E0.0677 F2700 ; glyph
G1 E-0.5 F2700 ; retract
G0 Z0.6 F3600
G0 X79.9808 Y147.053 F27000
G0 Z0.4 F3600
G1 E0.5 F2700 ; unretract
G1 X79.9808 Y149.053 E0.0677 F2700 ; glyph
G1 X81.9808 Y149.053 E0.0677 F2700 ; glyph
G1 X81.9808 Y147.053 E0.0677 F2700 ; glyph
G0 X81.9808 Y149.053 F27000
G1 X83.9808 Y149.053 E0.0677 F2700 ; glyph
G1 X83.9808 Y147.053 E0.0677 F2700 ; glyph
G1 E-0.5 F2700 ; retract
G0 Z0.6 F3600
G0 X87.1836 Y140.053 F27000
G0 Z0.4 F3600
G1 E0.5 F2700 ; unretract
G1 X89.1836 Y140.053 E0.0677 F2700 ; glyph
G1 X91.1836 Y140.053 E0.0677 F2700 ; glyph
G1 X91.1836 Y142.053 E0.0677 F2700 ; glyph
G1 X89.1836 Y142.053 E0.0677 F2700 ; glyph
G1 X87.1836 Y142.053 E0.0677 F2700 ; glyph
G1 X87.1836 Y140.053 E0.0677 F2700 ; glyph
G1 E-0.5 F2700 ; retract
G0 Z0.6 F3600
G0 X91.1836 Y143.053 F27000
G0 Z0.4 F3600
G1 E0.5 F2700 ; unretract
G1 X90.4336 Y143.053 E0.02539 F2700 ; glyph
G1 E-0.5 F2700 ; retract
G0 Z0.6 F3600
G0 X87.1836 Y144.053 F27000
G0 Z0.4 F3600
G1 E0.5 F2700 ; unretract
G1 X89.1836 Y144.053 E0.0677 F2700 ; glyph
G1 X91.1836 Y144.053 E0.0677 F2700 ; glyph
G1 X91.1836 Y146.053 E0.0677 F2700 ; glyph
G1 X89.1836 Y146.053 E0.0677 F2700 ; glyph
G1 X87.1836 Y146.053 E0.0677 F2700 ; glyph
G1 X87.1836 Y144.053 E0.0677 F2700 ; glyph
G1 E-0.5 F2700 ; retract
G0 Z0.6 F3600
G0 X87.1836 Y147.053 F27000
G0 Z0.4 F3600
G1 E0.5 F2700 ; unretract
G1 X87.1836 Y149.053 E0.0677 F2700 ; glyph
G1 X89.1836 Y149.053 E0.0677 F2700 ; glyph
G1 X89.1836 Y147.053 E0.0677 F2700 ; glyph
G0 X89.1836 Y149.053 F27000
G1 X91.1836 Y149.053 E0.0677 F2700 ; glyph
G1 X91.1836 Y147.053 E0.0677 F2700 ; glyph
G1 E-0.5 F2700 ; retract
G0 Z0.6 F3600
G0 X87.1836 Y152.053 F27000
G0 Z0.4 F3600
G1 E0.5 F2700 ; unretract
G1 X87.1836 Y150.053 E0.0677 F2700 ; glyph
G1 X89.1836 Y150.053 E0.0677 F2700 ; glyph
G1 X89.1836 Y152.053 E0.0677 F2700 ; glyph
G1 X91.1836 Y152.053 E0.0677 F2700 ; glyph
G1 X91.1836 Y150.053 E0.0677 F2700 ; glyph
G1 E-0.5 F2700 ; retract
G0 Z0.6 F3600
G0 X94.3864 Y140.053 F27000
G0 Z0.4 F3600
G1 E0.5 F2700 ; unretract
G1 X96.3864 Y140.053 E0.0677 F2700 ; glyph
G1 X98.3864 Y140.053 E0.0677 F2700 ; glyph
G1 X98.3864 Y142.053 E0.0677 F2700 ; glyph
G1 X96.3864 Y142.053 E0.0677 F2700 ; glyph
G1 X94.3864 Y142.053 E0.0677 F2700 ; glyph
G1 X94.3864 Y140.053 E0.0677 F2700 ; glyph
G1 E-0.5 F2700 ; retract
G0 Z0.6 F3600
G0 X98.3864 Y143.053 F27000
G0 Z0.4 F3600
G1 E0.5 F2700 ; unretract
G1 X97.6364 Y143.053 E0.02539 F2700 ; glyph
G1 E-0.5 F2700 ; retract
G0 Z0.6 F3600
G0 X94.3864 Y144.053 F27000
G0 Z0.4 F3600
G1 E0.5 F2700 ; unretract
G1 X96.3864 Y144.053 E0.0677 F2700 ; glyph
G1 X98.3864 Y144.053 E0.0677 F2700 ; glyph
G1 X98.3864 Y146.053 E0.0677 F2700 ; glyph
G1 X96.3864 Y146.053 E0.0677 F2700 ; glyph
G1 X94.3864 Y146.053 E0.0677 F2700 ; glyph
G1 X94.3864 Y144.053 E0.0677 F2700 ; glyph
G1 E-0.5 F2700 ; retract
G0 Z0.6 F3600
G0 X94.3864 Y149.053 F27000
G0 Z0.4 F3600
G1 E0.5 F2700 ; unretract
G1 X96.3864 Y149.053 E0.0677 F2700 ; glyph
G1 X98.3864 Y149.053 E0.0677 F2700 ; glyph
G0 X96.3864 Y149.053 F27000
G1 X96.3864 Y147.053 E0.0677 F2700 ; glyph
G1 X94.3864 Y147.053 E0.0677 F2700 ; glyph
G1 E-0.5 F2700 ; retract
G0 Z0.6 F3600
G0 X101.5892 Y140.053 F27000
G0 Z0.4 F3600
G1 E0.5 F2700 ; unretract
G1 X103.5892 Y140.053 E0.0677 F2700 ; glyph
G1 X105.5892 Y140.053 E0.0677 F2700 ; glyph
G1 X105.5892 Y142.053 E0.0677 F2700 ; glyph
G1 X103.5892 Y142.053 E0.0677 F2700 ; glyph
G1 X101.5892 Y142.053 E0.0677 F2700 ; glyph
G1 X101.5892 Y140.053 E0.0677 F2700 ; glyph
G1 E-0.5 F2700 ; retract
G0 Z0.6 F3600
G0 X105.5892 Y143.053 F27000
G0 Z0.4 F3600
G1 E0.5 F2700 ; unretract
G1 X104.8392 Y143.053 E0.02539 F2700 ; glyph
G1 E-0.5 F2700 ; retract
G0 Z0.6 F3600
G0 X101.5892 Y144.053 F27000
G0 Z0.4 F3600
G1 E0.5 F2700 ; unretract
G1 X103.5892 Y144.053 E0.0677 F2700 ; glyph
G1 X105.5892 Y144.053 E0.0677 F2700 ; glyph
G1 X105.5892 Y146.053 E0.0677 F2700 ; glyph
G1 X103.5892 Y146.053 E0.0677 F2700 ; glyph
G1 X101.5892 Y146.053 E0.0677 F2700 ; glyph
G1 X101.5892 Y144.053 E0.0677 F2700 ; glyph
G1 E-0.5 F2700 ; retract
G0 Z0.6 F3600
G0 X101.5892 Y149.053 F27000
G0 Z0.4 F3600
G1 E0.5 F2700 ; unretract
G1 X103.5892 Y149.053 E0.0677 F2700 ; glyph
G1 X105.5892 Y149.053 E0.0677 F2700 ; glyph
G0 X103.5892 Y149.053 F27000
G1 X103.5892 Y147.053 E0.0677 F2700 ; glyph
G1 X101.5892 Y147.053 E0.0677 F2700 ; glyph
G1 E-0.5 F2700 ; retract
G0 Z0.6 F3600
G0 X101.5892 Y152.053 F27000
G0 Z0.4 F3600
G1 E0.5 F2700 ; unretract
G1 X101.5892 Y150.053 E0.0677 F2700 ; glyph
G1 X103.5892 Y150.053 E0.0677 F2700 ; glyph
G1 X103.5892 Y152.053 E0.0677 F2700 ; glyph
G1 X105.5892 Y152.053 E0.0677 F2700 ; glyph
G1 X105.5892 Y150.053 E0.0677 F2700 ; glyph
G1 E-0.5 F2700 ; retract
G0 Z0.6 F3600
G0 X108.792 Y140.053 F27000
G0 Z0.4 F3600
G1 E0.5 F2700 ; unretract
G1 X110.792 Y140.053 E0.0677 F2700 ; glyph
G1 X112.792 Y140.053 E0.0677 F2700 ; glyph
G1 X112.792 Y142.053 E0.0677 F2700 ; glyph
G1 X110.792 Y142.053 E0.0677 F2700 ; glyph
G1 X108.792 Y142.053 E0.0677 F2700 ; glyph
G1 X108.792 Y140.053 E0.0677 F2700 ; glyph
G1 E-0.5 F2700 ; retract
G0 Z0.6 F3600
G0 X112.792 Y143.053 F27000
G0 Z0.4 F3600
G1 E0.5 F2700 ; unretract
G1 X112.042 Y143.053 E0.02539 F2700 ; glyph
G1 E-0.5 F2700 ; retract
G0 Z0.6 F3600
G0 X108.792 Y144.053 F27000
G0 Z0.4 F3600
G1 E0.5 F2700 ; unretract
G1 X110.792 Y144.053 E0.0677 F2700 ; glyph
G1 X112.792 Y144.053 E0.0677 F2700 ; glyph
G1 X112.792 Y146.053 E0.0677 F2700 ; glyph
G1 X110.792 Y146.053 E0.0677 F2700 ; glyph
G1 X108.792 Y146.053 E0.0677 F2700 ; glyph
G1 X108.792 Y144.053 E0.0677 F2700 ; glyph
G1 E-0.5 F2700 ; retract
G0 Z0.6 F3600
G0 X108.792 Y149.053 F27000
G0 Z0.4 F3600
G1 E0.5 F2700 ; unretract
G1 X108.792 Y147.053 E0.0677 F2700 ; glyph
G1 X110.792 Y147.053 E0.0677 F2700 ; glyph
G1 X110.792 Y149.053 E0.0677 F2700 ; glyph
G1 X112.792 Y149.053 E0.0677 F2700 ; glyph
G1 X112.792 Y147.053 E0.0677 F2700 ; glyph
G1 E-0.5 F2700 ; retract
G0 Z0.6 F3600
G0 X115.9948 Y140.053 F27000
G0 Z0.4 F3600
G1 E0.5 F2700 ; unretract
G1 X117.9948 Y140.053 E0.0677 F2700 ; glyph
G1 X119.9948 Y140.053 E0.0677 F2700 ; glyph
G1 X119.9948 Y142.053 E0.0677 F2700 ; glyph
G1 X117.9948 Y142.053 E0.0677 F2700 ; glyph
G1 X115.9948 Y142.053 E0.0677 F2700 ; glyph
G1 X115.9948 Y140.053 E0.0677 F2700 ; glyph
G1 E-0.5 F2700 ; retract
G0 Z0.6 F3600
G0 X119.9948 Y143.053 F27000
G0 Z0.4 F3600
G1 E0.5 F2700 ; unretract
G1 X119.2448 Y143.053 E0.02539 F2700 ; glyph
G1 E-0.5 F2700 ; retract
G0 Z0.6 F3600
G0 X115.9948 Y144.053 F27000
G0 Z0.4 F3600
G1 E0.5 F2700 ; unretract
G1 X117.9948 Y144.053 E0.0677 F2700 ; glyph
G1 X119.9948 Y144.053 E0.0677 F2700 ; glyph
G1 X119.9948 Y146.053 E0.0677 F2700 ; glyph
G1 X117.9948 Y146.053 E0.0677 F2700 ; glyph
G1 X115.9948 Y146.053 E0.0677 F2700 ; glyph
G1 X115.9948 Y144.053 E0.0677 F2700 ; glyph
G1 E-0.5 F2700 ; retract
G0 Z0.6 F3600
G0 X115.9948 Y149.053 F27000
G0 Z0.4 F3600
G1 E0.5 F2700 ; unretract
G1 X115.9948 Y147.053 E0.0677 F2700 ; glyph
G1 X117.9948 Y147.053 E0.0677 F2700 ; glyph
G1 X117.9948 Y149.053 E0.0677 F2700 ; glyph
G1 X119.9948 Y149.053 E0.0677 F2700 ; glyph
G1 X119.9948 Y147.053 E0.0677 F2700 ; glyph
G1 E-0.5 F2700 ; retract
G0 Z0.6 F3600
G0 X115.9948 Y152.053 F27000
G0 Z0.4 F3600
G1 E0.5 F2700 ; unretract
G1 X115.9948 Y150.053 E0.0677 F2700 ; glyph
G1 X117.9948 Y150.053 E0.0677 F2700 ; glyph
G1 X117.9948 Y152.053 E0.0677 F2700 ; glyph
G1 X119.9948 Y152.053 E0.0677 F2700 ; glyph
G1 X119.9948 Y150.053 E0.0677 F2700 ; glyph
G1 E-0.5 F2700 ; retract
G0 Z0.6 F3600
G0 X123.1976 Y140.053 F27000
G0 Z0.4 F3600
G1 E0.5 F2700 ; unretract
G1 X125.1976 Y140.053 E0.0677 F2700 ; glyph
G1 X127.1976 Y140.053 E0.0677 F2700 ; glyph
G1 X127.1976 Y142.053 E0.0677 F2700 ; glyph
G1 X125.1976 Y142.053 E0.0677 F2700 ; glyph
G1 X123.1976 Y142.053 E0.0677 F2700 ; glyph
G1 X123.1976 Y140.053 E0.0677 F2700 ; glyph
G1 E-0.5 F2700 ; retract
G0 Z0.6 F3600
G0 X127.1976 Y143.053 F27000
G0 Z0.4 F3600
G1 E0.5 F2700 ; unretract
G1 X126.4476 Y143.053 E0.02539 F2700 ; glyph
G1 E-0.5 F2700 ; retract
G0 Z0.6 F3600
G0 X123.1976 Y144.053 F27000
G0 Z0.4 F3600
G1 E0.5 F2700 ; unretract
G1 X125.1976 Y144.053 E0.0677 F2700 ; glyph
G1 X127.1976 Y144.053 E0.0677 F2700 ; glyph
G1 X127.1976 Y146.053 E0.0677 F2700 ; glyph
G1 X125.1976 Y146.053 E0.0677 F2700 ; glyph
G1 X123.1976 Y146.053 E0.0677 F2700 ; glyph
G1 X123.1976 Y144.053 E0.0677 F2700 ; glyph
G1 E-0.5 F2700 ; retract
G0 Z0.6 F3600
G0 X123.1976 Y149.053 F27000
G0 Z0.4 F3600
G1 E0.5 F2700 ; unretract
G1 X123.1976 Y147.053 E0.0677 F2700 ; glyph
G1 X125.1976 Y147.053 E0.0677 F2700 ; glyph
G1 X127.1976 Y147.053 E0.0677 F2700 ; glyph
G1 X127.1976 Y149.053 E0.0677 F2700 ; glyph
G1 X125.1976 Y149.053 E0.0677 F2700 ; glyph
G1 X125.1976 Y147.053 E0.0677 F2700 ; glyph
G1 E-0.5 F2700 ; retract
G0 Z0.6 F3600
G0 X130.4004 Y140.053 F27000
G0 Z0.4 F3600
G1 E0.5 F2700 ; unretract
G1 X132.4004 Y140.053 E0.0677 F2700 ; glyph
G1 X134.4004 Y140.053 E0.0677 F2700 ; glyph
G1 X134.4004 Y142.053 E0.0677 F2700 ; glyph
G1 X132.4004 Y142.053 E0.0677 F2700 ; glyph
G1 X130.4004 Y142.053 E0.0677 F2700 ; glyph
G1 X130.4004 Y140.053 E0.0677 F2700 ; glyph
G1 E-0.5 F2700 ; retract
G0 Z0.6 F3600
G0 X134.4004 Y143.053 F27000
G0 Z0.4 F3600
G1 E0.5 F2700 ; unretract
G1 X133.6504 Y143.053 E0.02539 F2700 ; glyph
G1 E-0.5 F2700 ; retract
G0 Z0.6 F3600
G0 X130.4004 Y144.053 F27000
G0 Z0.4 F3600
G1 E0.5 F2700 ; unretract
G1 X132.4004 Y144.053 E0.0677 F2700 ; glyph
G1 X134.4004 Y144.053 E0.0677 F2700 ; glyph
G1 X134.4004 Y146.053 E0.0677 F2700 ; glyph
G1 X132.4004 Y146.053 E0.0677 F2700 ; glyph
G1 X130.4004 Y146.053 E0.0677 F2700 ; glyph
G1 X130.4004 Y144.053 E0.0677 F2700 ; glyph
G1 E-0.5 F2700 ; retract
G0 Z0.6 F3600
G0 X130.4004 Y149.053 F27000
G0 Z0.4 F3600
G1 E0.5 F2700 ; unretract
G1 X130.4004 Y147.053 E0.0677 F2700 ; glyph
G1 X132.4004 Y147.053 E0.0677 F2700 ; glyph
G1 X134.4004 Y147.053 E0.0677 F2700 ; glyph
G1 X134.4004 Y149.053 E0.0677 F2700 ; glyph
G1 X132.4004 Y149.053 E0.0677 F2700 ; glyph
G1 X132.4004 Y147.053 E0.0677 F2700 ; glyph
G1 E-0.5 F2700 ; retract
G0 Z0.6 F3600
G0 X130.4004 Y152.053 F27000
G0 Z0.4 F3600
G1 E0.5 F2700 ; unretract
G1 X130.4004 Y150.053 E0.0677 F2700 ; glyph
G1 X132.4004 Y150.053 E0.0677 F2700 ; glyph
G1 X132.4004 Y152.053 E0.0677 F2700 ; glyph
G1 X134.4004 Y152.053 E0.0677 F2700 ; glyph
G1 X134.4004 Y150.053 E0.0677 F2700 ; glyph
G1 E-0.5 F2700 ; retract
G0 Z0.6 F3600
G0 X137.6032 Y140.053 F27000
G0 Z0.4 F3600
G1 E0.5 F2700 ; unretract
G1 X139.6032 Y140.053 E0.0677 F2700 ; glyph
G1 X141.6032 Y140.053 E0.0677 F2700 ; glyph
G1 X141.6032 Y142.053 E0.0677 F2700 ; glyph
G1 X139.6032 Y142.053 E0.0677 F2700 ; glyph
G1 X137.6032 Y142.053 E0.0677 F2700 ; glyph
G1 X137.6032 Y140.053 E0.0677 F2700 ; glyph
G1 E-0.5 F2700 ; retract
G0 Z0.6 F3600
G0 X141.6032 Y143.053 F27000
G0 Z0.4 F3600
G1 E0.5 F2700 ; unretract
G1 X140.8532 Y143.053 E0.02539 F2700 ; glyph
G1 E-0.5 F2700 ; retract
G0 Z0.6 F3600
G0 X137.6032 Y144.053 F27000
G0 Z0.4 F3600
G1 E0.5 F2700 ; unretract
G1 X139.6032 Y144.053 E0.0677 F2700 ; glyph
G1 X141.6032 Y144.053 E0.0677 F2700 ; glyph
G1 X141.6032 Y146.053 E0.0677 F2700 ; glyph
G1 X139.6032 Y146.053 E0.0677 F2700 ; glyph
G1 X137.6032 Y146.053 E0.0677 F2700 ; glyph
G1 X137.6032 Y144.053 E0.0677 F2700 ; glyph
G1 E-0.5 F2700 ; retract
G0 Z0.6 F3600
G0 X137.6032 Y147.053 F27000
G0 Z0.4 F3600
G1 E0.5 F2700 ; unretract
G1 X137.6032 Y149.053 E0.0677 F2700 ; glyph
G1 X139.6032 Y149.053 E0.0677 F2700 ; glyph
G1 X141.6032 Y149.053 E0.0677 F2700 ; glyph
G1 E-0.5 F2700 ; retract
G0 Z0.6 F3600
G0 X144.806 Y140.053 F27000
G0 Z0.4 F3600
G1 E0.5 F2700 ; unretract
G1 X146.806 Y140.053 E0.0677 F2700 ; glyph
G1 X148.806 Y140.053 E0.0677 F2700 ; glyph
G1 X148.806 Y142.053 E0.0677 F2700 ; glyph
G1 X146.806 Y142.053 E0.0677 F2700 ; glyph
G1 X144.806 Y142.053 E0.0677 F2700 ; glyph
G1 X144.806 Y140.053 E0.0677 F2700 ; glyph
G1 E-0.5 F2700 ; retract
G0 Z0.6 F3600
G0 X148.806 Y143.053 F27000
G0 Z0.4 F3600
G1 E0.5 F2700 ; unretract
G1 X148.056 Y143.053 E0.02539 F2700 ; glyph
G1 E-0.5 F2700 ; retract
G0 Z0.6 F3600
G0 X144.806 Y144.053 F27000
G0 Z0.4 F3600
G1 E0.5 F2700 ; unretract
G1 X146.806 Y144.053 E0.0677 F2700 ; glyph
G1 X148.806 Y144.053 E0.0677 F2700 ; glyph
G1 X148.806 Y146.053 E0.0677 F2700 ; glyph
G1 X146.806 Y146.053 E0.0677 F2700 ; glyph
G1 X144.806 Y146.053 E0.0677 F2700 ; glyph
G1 X144.806 Y144.053 E0.0677 F2700 ; glyph
G1 E-0.5 F2700 ; retract
G0 Z0.6 F3600
G0 X144.806 Y147.053 F27000
G0 Z0.4 F3600
G1 E0.5 F2700 ; unretract
G1 X144.806 Y149.053 E0.0677 F2700 ; glyph
G1 X146.806 Y149.053 E0.0677 F2700 ; glyph
G1 X148.806 Y149.053 E0.0677 F2700 ; glyph
G1 E-0.5 F2700 ; retract
G0 Z0.6 F3600
G0 X144.806 Y152.053 F27000
G0 Z0.4 F3600
G1 E0.5 F2700 ; unretract
G1 X144.806 Y150.053 E0.0677 F2700 ; glyph
G1 X146.806 Y150.053 E0.0677 F2700 ; glyph
G1 X146.806 Y152.053 E0.0677 F2700 ; glyph
G1 X148.806 Y152.053 E0.0677 F2700 ; glyph
G1 X148.806 Y150.053 E0.0677 F2700 ; glyph
G1 E-0.5 F2700 ; retract
G0 Z0.6 F3600
G0 X152.0087 Y140.053 F27000
G0 Z0.4 F3600
G1 E0.5 F2700 ; unretract
G1 X154.0087 Y140.053 E0.0677 F2700 ; glyph
G1 X156.0087 Y140.053 E0.0677 F2700 ; glyph
G1 X156.0087 Y142.053 E0.0677 F2700 ; glyph
G1 X154.0087 Y142.053 E0.0677 F2700 ; glyph
G1 X152.0087 Y142.053 E0.0677 F2700 ; glyph
G1 X152.0087 Y140.053 E0.0677 F2700 ; glyph
G1 E-0.5 F2700 ; retract
G0 Z0.6 F3600
G0 X156.0087 Y143.053 F27000
G0 Z0.4 F3600
G1 E0.5 F2700 ; unretract
G1 X155.2587 Y143.053 E0.02539 F2700 ; glyph
G1 E-0.5 F2700 ; retract
G0 Z0.6 F3600
G0 X152.0087 Y144.053 F27000
G0 Z0.4 F3600
G1 E0.5 F2700 ; unretract
G1 X154.0087 Y144.053 E0.0677 F2700 ; glyph
G1 X156.0087 Y144.053 E0.0677 F2700 ; glyph
G1 X156.0087 Y146.053 E0.0677 F2700 ; glyph
G1 X154.0087 Y146.053 E0.0677 F2700 ; glyph
G1 X152.0087 Y146.053 E0.0677 F2700 ; glyph
G1 X152.0087 Y144.053 E0.0677 F2700 ; glyph
G1 E-0.5 F2700 ; retract
G0 Z0.6 F3600
G0 X152.0087 Y147.053 F27000
G0 Z0.4 F3600
G1 E0.5 F2700 ; unretract
G1 X154.0087 Y147.053 E0.0677 F2700 ; glyph
G1 X156.0087 Y147.053 E0.0677 F2700 ; glyph
G1 X156.0087 Y149.053 E0.0677 F2700 ; glyph
G1 X154.0087 Y149.053 E0.0677 F2700 ; glyph
G1 X152.0087 Y149.053 E0.0677 F2700 ; glyph
G1 X152.0087 Y147.053 E0.0677 F2700 ; glyph
G0 X154.0087 Y147.053 F27000
G1 X154.0087 Y149.053 E0.0677 F2700 ; glyph
; scale ticks
G1 E-0.5 F2700 ; retract
G0 Z0.6 F3600
G0 X74.7781 Y154.053 F27000
G0 Z0.4 F3600
G1 E0.5 F2700 ; unretract
G1 X74.7781 Y156.553 E0.08462 F2700 ; glyph
G1 E-0.5 F2700 ; retract
G0 Z0.6 F3600
G0 X78.3794 Y154.053 F27000
G0 Z0.4 F3600
G1 E0.5 F2700 ; unretract
G1 X78.3794 Y155.053 E0.03385 F2700 ; glyph
G1 E-0.5 F2700 ; retract
G0 Z0.6 F3600
G0 X81.9808 Y154.053 F27000
G0 Z0.4 F3600
G1 E0.5 F2700 ; unretract
G1 X81.9808 Y155.053 E0.03385 F2700 ; glyph
G1 E-0.5 F2700 ; retract
G0 Z0.6 F3600
G0 X85.5822 Y154.053 F27000
G0 Z0.4 F3600
G1 E0.5 F2700 ; unretract
G1 X85.5822 Y155.053 E0.03385 F2700 ; glyph
G1 E-0.5 F2700 ; retract
G0 Z0.6 F3600
G0 X89.1836 Y154.053 F27000
G0 Z0.4 F3600
G1 E0.5 F2700 ; unretract
G1 X89.1836 Y155.053 E0.03385 F2700 ; glyph
G1 E-0.5 F2700 ; retract
G0 Z0.6 F3600
G0 X92.785 Y154.053 F27000
G0 Z0.4 F3600
G1 E0.5 F2700 ; unretract
G1 X92.785 Y156.553 E0.08462 F2700 ; glyph
G1 E-0.5 F2700 ; retract
G0 Z0.6 F3600
G0 X96.3864 Y154.053 F27000
G0 Z0.4 F3600
G1 E0.5 F2700 ; unretract
G1 X96.3864 Y155.053 E0.03385 F2700 ; glyph
G1 E-0.5 F2700 ; retract
G0 Z0.6 F3600
G0 X99.9878 Y154.053 F27000
G0 Z0.4 F3600
G1 E0.5 F2700 ; unretract
G1 X99.9878 Y155.053 E0.03385 F2700 ; glyph
G1 E-0.5 F2700 ; retract
G0 Z0.6 F3600
G0 X103.5892 Y154.053 F27000
G0 Z0.4 F3600
G1 E0.5 F2700 ; unretract
G1 X103.5892 Y155.053 E0.03385 F2700 ; glyph
G1 E-0.5 F2700 ; retract
G0 Z0.6 F3600
G0 X107.1906 Y154.053 F27000
G0 Z0.4 F3600
G1 E0.5 F2700 ; unretract
G1 X107.1906 Y155.053 E0.03385 F2700 ; glyph
G1 E-0.5 F2700 ; retract
G0 Z0.6 F3600
G0 X110.792 Y154.053 F27000
G0 Z0.4 F3600
G1 E0.5 F2700 ; unretract
G1 X110.792 Y156.553 E0.08462 F2700 ; glyph
G1 E-0.5 F2700 ; retract
G0 Z0.6 F3600
G0 X114.3934 Y154.053 F27000
G0 Z0.4 F3600
G1 E0.5 F2700 ; unretract
G1 X114.3934 Y155.053 E0.03385 F2700 ; glyph
G1 E-0.5 F2700 ; retract
G0 Z0.6 F3600
G0 X117.9948 Y154.053 F27000
G0 Z0.4 F3600
G1 E0.5 F2700 ; unretract
G1 X117.9948 Y155.053 E0.03385 F2700 ; glyph
G1 E-0.5 F2700 ; retract
G0 Z0.6 F3600
G0 X121.5962 Y154.053 F27000
G0 Z0.4 F3600
G1 E0.5 F2700 ; unretract
G1 X121.5962 Y155.053 E0.03385 F2700 ; glyph
G1 E-0.5 F2700 ; retract
G0 Z0.6 F3600
G0 X125.1976 Y154.053 F27000
G0 Z0.4 F3600
G1 E0.5 F2700 ; unretract
G1 X125.1976 Y155.053 E0.03385 F2700 ; glyph
G1 E-0.5 F2700 ; retract
G0 Z0.6 F3600
G0 X128.799 Y154.053 F27000
G0 Z0.4 F3600
G1 E0.5 F2700 ; unretract
G1 X128.799 Y156.553 E0.08462 F2700 ; glyph
G1 E-0.5 F2700 ; retract
G0 Z0.6 F3600
G0 X132.4004 Y154.053 F27000
G0 Z0.4 F3600
G1 E0.5 F2700 ; unretract
G1 X132.4004 Y155.053 E0.03385 F2700 ; glyph
G1 E-0.5 F2700 ; retract
G0 Z0.6 F3600
G0 X136.0018 Y154.053 F27000
G0 Z0.4 F3600
G1 E0.5 F2700 ; unretract
G1 X136.0018 Y155.053 E0.03385 F2700 ; glyph
G1 E-0.5 F2700 ; retract
G0 Z0.6 F3600
G0 X139.6032 Y154.053 F27000
G0 Z0.4 F3600
G1 E0.5 F2700 ; unretract
G1 X139.6032 Y155.053 E0.03385 F2700 ; glyph
G1 E-0.5 F2700 ; retract
G0 Z0.6 F3600
G0 X143.2046 Y154.053 F27000
G0 Z0.4 F3600
G1 E0.5 F2700 ; unretract
G1 X143.2046 Y155.053 E0.03385 F2700 ; glyph
G1 E-0.5 F2700 ; retract
G0 Z0.6 F3600
G0 X146.806 Y154.053 F27000
G0 Z0.4 F3600
G1 E0.5 F2700 ; unretract
G1 X146.806 Y156.553 E0.08462 F2700 ; glyph
G1 E-0.5 F2700 ; retract
G0 Z0.6 F3600
G0 X150.4073 Y154.053 F27000
G0 Z0.4 F3600
G1 E0.5 F2700 ; unretract
G1 X150.4073 Y155.053 E0.03385 F2700 ; glyph
G1 E-0.5 F2700 ; retract
G0 Z0.6 F3600
G0 X154.0087 Y154.053 F27000
G0 Z0.4 F3600
G1 E0.5 F2700 ; unretract
G1 X154.0087 Y155.053 E0.03385 F2700 ; glyph
;TYPE:External perimeter
SET_PRESSURE_ADVANCE ADVANCE=0.025 ; pattern 1/23
G1 E-0.5 F2700 ; retract
G0 Z0.6 F3600
G0 X74.2024 Y94.5583 F27000
G0 Z0.4 F3600
G1 E0.5 F2700 ; unretract
G1 X95.4156 Y115.7715 E1.01546 F12000 ; pattern
G1 X74.2024 Y136.9847 E1.01546 F12000 ; pattern
G0 X74.7781 Y136.9847 F27000
G1 X95.9913 Y115.7715 E1.01546 F12000 ; pattern
G1 X74.7781 Y94.5583 E1.01546 F12000 ; pattern
G0 X75.3537 Y94.5583 F27000
G1 X96.567 Y115.7715 E1.01546 F12000 ; pattern
G1 X75.3537 Y136.9847 E1.01546 F12000 ; pattern
SET_PRESSURE_ADVANCE ADVANCE=0.0275 ; pattern 2/23
G1 E-0.5 F2700 ; retract
G0 Z0.6 F3600
G0 X77.8037 Y94.5583 F27000
G0 Z0.4 F3600
G1 E0.5 F2700 ; unretract
G1 X99.017 Y115.7715 E1.01546 F12000 ; pattern
G1 X77.8037 Y136.9847 E1.01546 F12000 ; pattern
G0 X78.3794 Y136.9847 F27000
G1 X99.5927 Y115.7715 E1.01546 F12000 ; pattern
G1 X78.3794 Y94.5583 E1.01546 F12000 ; pattern
G0 X78.9551 Y94.5583 F27000
G1 X100.1683 Y115.7715 E1.01546 F12000 ; pattern
G1 X78.9551 Y136.9847 E1.01546 F12000 ; pattern
SET_PRESSURE_ADVANCE ADVANCE=0.03 ; pattern 3/23
G1 E-0.5 F2700 ; retract
G0 Z0.6 F3600
G0 X81.4051 Y94.5583 F27000
G0 Z0.4 F3600
G1 E0.5 F2700 ; unretract
G1 X102.6183 Y115.7715 E1.01546 F12000 ; pattern
G1 X81.4051 Y136.9847 E1.01546 F12000 ; pattern
G0 X81.9808 Y136.9847 F27000
G1 X103.194 Y115.7715 E1.01546 F12000 ; pattern
G1 X81.9808 Y94.5583 E1.01546 F12000 ; pattern
G0 X82.5565 Y94.5583 F27000
G1 X103.7697 Y115.7715 E1.01546 F12000 ; pattern
G1 X82.5565 Y136.9847 E1.01546 F12000 ; pattern
SET_PRESSURE_ADVANCE ADVANCE=0.0325 ; pattern 4/23
G1 E-0.5 F2700 ; retract
G0 Z0.6 F3600
G0 X85.0065 Y94.5583 F27000
G0 Z0.4 F3600
G1 E0.5 F2700 ; unretract
G1 X106.2197 Y115.7715 E1.01546 F12000 ; pattern
G1 X85.0065 Y136.9847 E1.01546 F12000 ; pattern
G0 X85.5822 Y136.9847 F27000
G1 X106.7954 Y115.7715 E1.01546 F12000 ; pattern
G1 X85.5822 Y94.5583 E1.01546 F12000 ; pattern
G0 X86.1579 Y94.5583 F27000
G1 X107.3711 Y115.7715 E1.01546 F12000 ; pattern
G1 X86.1579 Y136.9847 E1.01546 F12000 ; pattern
SET_PRESSURE_ADVANCE ADVANCE=0.035 ; pattern 5/23
G1 E-0.5 F2700 ; retract
G0 Z0.6 F3600
G0 X88.6079 Y94.5583 F27000
G0 Z0.4 F3600
G1 E0.5 F2700 ; unretract
G1 X109.8211 Y115.7715 E1.01546 F12000 ; pattern
G1 X88.6079 Y136.9847 E1.01546 F12000 ; pattern
G0 X89.1836 Y136.9847 F27000
G1 X110.3968 Y115.7715 E1.01546 F12000 ; pattern
G1 X89.1836 Y94.5583 E1.01546 F12000 ; pattern
G0 X89.7593 Y94.5583 F27000
G1 X110.9725 Y115.7715 E1.01546 F12000 ; pattern
G1 X89.7593 Y136.9847 E1.01546 F12000 ; pattern
SET_PRESSURE_ADVANCE ADVANCE=0.0375 ; pattern 6/23
G1 E-0.5 F2700 ; retract
G0 Z0.6 F3600
G0 X92.2093 Y94.5583 F27000
G0 Z0.4 F3600
G1 E0.5 F2700 ; unretract
G1 X113.4225 Y115.7715 E1.01546 F12000 ; pattern
G1 X92.2093 Y136.9847 E1.01546 F12000 ; pattern
G0 X92.785 Y136.9847 F27000
G1 X113.9982 Y115.7715 E1.01546 F12000 ; pattern
G1 X92.785 Y94.5583 E1.01546 F12000 ; pattern
G0 X93.3607 Y94.5583 F27000
G1 X114.5739 Y115.7715 E1.01546 F12000 ; pattern
G1 X93.3607 Y136.9847 E1.01546 F12000 ; pattern
SET_PRESSURE_ADVANCE ADVANCE=0.04 ; pattern 7/23
G1 E-0.5 F2700 ; retract
G0 Z0.6 F3600
G0 X95.8107 Y94.5583 F27000
G0 Z0.4 F3600
G1 E0.5 F2700 ; unretract
G1 X117.0239 Y115.7715 E1.01546 F12000 ; pattern
G1 X95.8107 Y136.9847 E1.01546 F12000 ; pattern
G0 X96.3864 Y136.9847 F27000
G1 X117.5996 Y115.7715 E1.01546 F12000 ; pattern
G1 X96.3864 Y94.5583 E1.01546 F12000 ; pattern
G0 X96.9621 Y94.5583 F27000
G1 X118.1753 Y115.7715 E1.01546 F12000 ; pattern
G1 X96.9621 Y136.9847 E1.01546 F12000 ; pattern
SET_PRESSURE_ADVANCE ADVANCE=0.0425 ; pattern 8/23
G1 E-0.5 F2700 ; retract
G0 Z0.6 F3600
G0 X99.4121 Y94.5583 F27000
G0 Z0.4 F3600
G1 E0.5 F2700 ; unretract
G1 X120.6253 Y115.7715 E1.01546 F12000 ; pattern
G1 X99.4121 Y136.9847 E1.01546 F12000 ; pattern
G0 X99.9878 Y136.9847 F27000
G1 X121.201 Y115.7715 E1.01546 F12000 ; pattern
G1 X99.9878 Y94.5583 E1.01546 F12000 ; pattern
G0 X100.5635 Y94.5583 F27000
G1 X121.7767 Y115.7715 E1.01546 F12000 ; pattern
G1 X100.5635 Y136.9847 E1.01546 F12000 ; pattern
SET_PRESSURE_ADVANCE ADVANCE=0.045 ; pattern 9/23
G1 E-0.5 F2700 ; retract
G0 Z0.6 F3600
G0 X103.0135 Y94.5583 F27000
G0 Z0.4 F3600
G1 E0.5 F2700 ; unretract
G1 X124.2267 Y115.7715 E1.01546 F12000 ; pattern
G1 X103.0135 Y136.9847 E1.01546 F12000 ; pattern
G0 X103.5892 Y136.9847 F27000
G1 X124.8024 Y115.7715 E1.01546 F12000 ; pattern
G1 X103.5892 Y94.5583 E1.01546 F12000 ; pattern
G0 X104.1649 Y94.5583 F27000
G1 X125.3781 Y115.7715 E1.01546 F12000 ; pattern
G1 X104.1649 Y136.9847 E1.01546 F12000 ; pattern
SET_PRESSURE_ADVANCE ADVANCE=0.0475 ; pattern 10/23
G1 E-0.5 F2700 ; retract
G0 Z0.6 F3600
G0 X106.6149 Y94.5583 F27000
G0 Z0.4 F3600
G1 E0.5 F2700 ; unretract
G1 X127.8281 Y115.7715 E1.01546 F12000 ; pattern
G1 X106.6149 Y136.9847 E1.01546 F12000 ; pattern
G0 X107.1906 Y136.9847 F27000
G1 X128.4038 Y115.7715 E1.01546 F12000 ; pattern
G1 X107.1906 Y94.5583 E1.01546 F12000 ; pattern
G0 X107.7663 Y94.5583 F27000
G1 X128.9795 Y115.7715 E1.01546 F12000 ; pattern
G1 X107.7663 Y136.9847 E1.01546 F12000 ; pattern
SET_PRESSURE_ADVANCE ADVANCE=0.05 ; pattern 11/23
G1 E-0.5 F2700 ; retract
G0 Z0.6 F3600
G0 X110.2163 Y94.5583 F27000
G0 Z0.4 F3600
G1 E0.5 F2700 ; unretract
G1 X131.4295 Y115.7715 E1.01546 F12000 ; pattern
G1 X110.2163 Y136.9847 E1.01546 F12000 ; pattern
G0 X110.792 Y136.9847 F27000
G1 X132.0052 Y115.7715 E1.01546 F12000 ; pattern
G1 X110.792 Y94.5583 E1.01546 F12000 ; pattern
G0 X111.3677 Y94.5583 F27000
G1 X132.5809 Y115.7715 E1.01546 F12000 ; pattern
G1 X111.3677 Y136.9847 E1.01546 F12000 ; pattern
SET_PRESSURE_ADVANCE ADVANCE=0.0525 ; pattern 12/23
G1 E-0.5 F2700 ; retract
G0 Z0.6 F3600
G0 X113.8177 Y94.5583 F27000
G0 Z0.4 F3600
G1 E0.5 F2700 ; unretract
G1 X135.0309 Y115.7715 E1.01546 F12000 ; pattern
G1 X113.8177 Y136.9847 E1.01546 F12000 ; pattern
G0 X114.3934 Y136.9847 F27000
G1 X135.6066 Y115.7715 E1.01546 F12000 ; pattern
G1 X114.3934 Y94.5583 E1.01546 F12000 ; pattern
G0 X114.9691 Y94.5583 F27000
G1 X136.1823 Y115.7715 E1.01546 F12000 ; pattern
G1 X114.9691 Y136.9847 E1.01546 F12000 ; pattern
SET_PRESSURE_ADVANCE ADVANCE=0.055 ; pattern 13/23
G1 E-0.5 F2700 ; retract
G0 Z0.6 F3600
G0 X117.4191 Y94.5583 F27000
G0 Z0.4 F3600
G1 E0.5 F2700 ; unretract
G1 X138.6323 Y115.7715 E1.01546 F12000 ; pattern
G1 X117.4191 Y136.9847 E1.01546 F12000 ; pattern
G0 X117.9948 Y136.9847 F27000
G1 X139.208 Y115.7715 E1.01546 F12000 ; pattern
G1 X117.9948 Y94.5583 E1.01546 F12000 ; pattern
G0 X118.5705 Y94.5583 F27000
G1 X139.7837 Y115.7715 E1.01546 F12000 ; pattern
G1 X118.5705 Y136.9847 E1.01546 F12000 ; pattern
SET_PRESSURE_ADVANCE ADVANCE=0.0575 ; pattern 14/23
G1 E-0.5 F2700 ; retract
G0 Z0.6 F3600
G0 X121.0205 Y94.5583 F27000
G0 Z0.4 F3600
G1 E0.5 F2700 ; unretract
G1 X142.2337 Y115.7715 E1.01546 F12000 ; pattern
G1 X121.0205 Y136.9847 E1.01546 F12000 ; pattern
G0 X121.5962 Y136.9847 F27000
G1 X142.8094 Y115.7715 E1.01546 F12000 ; pattern
G1 X121.5962 Y94.5583 E1.01546 F12000 ; pattern
G0 X122.1719 Y94.5583 F27000
G1 X143.3851 Y115.7715 E1.01546 F12000 ; pattern
G1 X122.1719 Y136.9847 E1.01546 F12000 ; pattern
SET_PRESSURE_ADVANCE ADVANCE=0.06 ; pattern 15/23
G1 E-0.5 F2700 ; retract
G0 Z0.6 F3600
G0 X124.6219 Y94.5583 F27000
G0 Z0.4 F3600
G1 E0.5 F2700 ; unretract
G1 X145.8351 Y115.7715 E1.01546 F12000 ; pattern
G1 X124.6219 Y136.9847 E1.01546 F12000 ; pattern
G0 X125.1976 Y136.9847 F27000
G1 X146.4108 Y115.7715 E1.01546 F12000 ; pattern
G1 X125.1976 Y94.5583 E1.01546 F12000 ; pattern
G0 X125.7733 Y94.5583 F27000
G1 X146.9865 Y115.7715 E1.01546 F12000 ; pattern
G1 X125.7733 Y136.9847 E1.01546 F12000 ; pattern
SET_PRESSURE_ADVANCE ADVANCE=0.0625 ; pattern 16/23
G1 E-0.5 F2700 ; retract
G0 Z0.6 F3600
G0 X128.2233 Y94.5583 F27000
G0 Z0.4 F3600
G1 E0.5 F2700 ; unretract
G1 X149.4365 Y115.7715 E1.01546 F12000 ; pattern
G1 X128.2233 Y136.9847 E1.01546 F12000 ; pattern
G0 X128.799 Y136.9847 F27000
G1 X150.0122 Y115.7715 E1.01546 F12000 ; pattern
G1 X128.799 Y94.5583 E1.01546 F12000 ; pattern
G0 X129.3747 Y94.5583 F27000
G1 X150.5879 Y115.7715 E1.01546 F12000 ; pattern
G1 X129.3747 Y136.9847 E1.01546 F12000 ; pattern
SET_PRESSURE_ADVANCE ADVANCE=0.065 ; pattern 17/23
G1 E-0.5 F2700 ; retract
G0 Z0.6 F3600
G0 X131.8247 Y94.5583 F27000
G0 Z0.4 F3600
G1 E0.5 F2700 ; unretract
G1 X153.0379 Y115.7715 E1.01546 F12000 ; pattern
G1 X131.8247 Y136.9847 E1.01546 F12000 ; pattern
G0 X132.4004 Y136.9847 F27000
G1 X153.6136 Y115.7715 E1.01546 F12000 ; pattern
G1 X132.4004 Y94.5583 E1.01546 F12000 ; pattern
G0 X132.9761 Y94.5583 F27000
G1 X154.1893 Y115.7715 E1.01546 F12000 ; pattern
G1 X132.9761 Y136.9847 E1.01546 F12000 ; pattern
SET_PRESSURE_ADVANCE ADVANCE=0.0675 ; pattern 18/23
G1 E-0.5 F2700 ; retract
G0 Z0.6 F3600
G0 X135.4261 Y94.5583 F27000
G0 Z0.4 F3600
G1 E0.5 F2700 ; unretract
G1 X156.6393 Y115.7715 E1.01546 F12000 ; pattern
G1 X135.4261 Y136.9847 E1.01546 F12000 ; pattern
G0 X136.0018 Y136.9847 F27000
G1 X157.215 Y115.7715 E1.01546 F12000 ; pattern
G1 X136.0018 Y94.5583 E1.01546 F12000 ; pattern
G0 X136.5775 Y94.5583 F27000
G1 X157.7907 Y115.7715 E1.01546 F12000 ; pattern
G1 X136.5775 Y136.9847 E1.01546 F12000 ; pattern
SET_PRESSURE_ADVANCE ADVANCE=0.07 ; pattern 19/23
G1 E-0.5 F2700 ; retract
G0 Z0.6 F3600
G0 X139.0275 Y94.5583 F27000
G0 Z0.4 F3600
G1 E0.5 F2700 ; unretract
G1 X160.2407 Y115.7715 E1.01546 F12000 ; pattern
G1 X139.0275 Y136.9847 E1.01546 F12000 ; pattern
G0 X139.6032 Y136.9847 F27000
G1 X160.8164 Y115.7715 E1.01546 F12000 ; pattern
G1 X139.6032 Y94.5583 E1.01546 F12000 ; pattern
G0 X140.1789 Y94.5583 F27000
G1 X161.3921 Y115.7715 E1.01546 F12000 ; pattern
G1 X140.1789 Y136.9847 E1.01546 F12000 ; pattern
SET_PRESSURE_ADVANCE ADVANCE=0.0725 ; pattern 20/23
G1 E-0.5 F2700 ; retract
G0 Z0.6 F3600
G0 X142.6289 Y94.5583 F27000
G0 Z0.4 F3600
G1 E0.5 F2700 ; unretract
G1 X163.8421 Y115.7715 E1.01546 F12000 ; pattern
G1 X142.6289 Y136.9847 E1.01546 F12000 ; pattern
G0 X143.2046 Y136.9847 F27000
G1 X164.4178 Y115.7715 E1.01546 F12000 ; pattern
G1 X143.2046 Y94.5583 E1.01546 F12000 ; pattern
G0 X143.7803 Y94.5583 F27000
G1 X164.9935 Y115.7715 E1.01546 F12000 ; pattern
G1 X143.7803 Y136.9847 E1.01546 F12000 ; pattern
SET_PRESSURE_ADVANCE ADVANCE=0.075 ; pattern 21/23
G1 E-0.5 F2700 ; retract
G0 Z0.6 F3600
G0 X146.2303 Y94.5583 F27000
G0 Z0.4 F3600
G1 E0.5 F2700 ; unretract
G1 X167.4435 Y115.7715 E1.01546 F12000 ; pattern
G1 X146.2303 Y136.9847 E1.01546 F12000 ; pattern
G0 X146.806 Y136.9847 F27000
G1 X168.0192 Y115.7715 E1.01546 F12000 ; pattern
G1 X146.806 Y94.5583 E1.01546 F12000 ; pattern
G0 X147.3817 Y94.5583 F27000
G1 X168.5949 Y115.7715 E1.01546 F12000 ; pattern
G1 X147.3817 Y136.9847 E1.01546 F12000 ; pattern
SET_PRESSURE_ADVANCE ADVANCE=0.0775 ; pattern 22/23
G1 E-0.5 F2700 ; retract
G0 Z0.6 F3600
G0 X149.8317 Y94.5583 F27000
G0 Z0.4 F3600
G1 E0.5 F2700 ; unretract
G1 X171.0449 Y115.7715 E1.01546 F12000 ; pattern
G1 X149.8317 Y136.9847 E1.01546 F12000 ; pattern
G0 X150.4073 Y136.9847 F27000
G1 X171.6206 Y115.7715 E1.01546 F12000 ; pattern
G1 X150.4073 Y94.5583 E1.01546 F12000 ; pattern
G0 X150.983 Y94.5583 F27000
G1 X172.1963 Y115.7715 E1.01546 F12000 ; pattern
G1 X150.983 Y136.9847 E1.01546 F12000 ; pattern
SET_PRESSURE_ADVANCE ADVANCE=0.08 ; pattern 23/23
G1 E-0.5 F2700 ; retract
G0 Z0.6 F3600
G0 X153.433 Y94.5583 F27000
G0 Z0.4 F3600
G1 E0.5 F2700 ; unretract
G1 X174.6463 Y115.7715 E1.01546 F12000 ; pattern
G1 X153.433 Y136.9847 E1.01546 F12000 ; pattern
G0 X154.0087 Y136.9847 F27000
G1 X175.2219 Y115.7715 E1.01546 F12000 ; pattern
G1 X154.0087 Y94.5583 E1.01546 F12000 ; pattern
G0 X154.5844 Y94.5583 F27000
G1 X175.7976 Y115.7715 E1.01546 F12000 ; pattern
G1 X154.5844 Y136.9847 E1.01546 F12000 ; pattern
;LAYER_CHANGE
;Z:0.6
;HEIGHT:0.2
SET_PRINT_STATS_INFO CURRENT_LAYER=3
G0 Z0.6 F3600
;TYPE:External perimeter
SET_PRESSURE_ADVANCE ADVANCE=0.025 ; pattern 1/23
G1 E-0.5 F2700 ; retract
G0 Z0.8 F3600
G0 X74.2024 Y94.5583 F27000
G0 Z0.6 F3600
G1 E0.5 F2700 ; unretract
G1 X95.4156 Y115.7715 E1.01546 F12000 ; pattern
G1 X74.2024 Y136.9847 E1.01546 F12000 ; pattern
G0 X74.7781 Y136.9847 F27000
G1 X95.9913 Y115.7715 E1.01546 F12000 ; pattern
G1 X74.7781 Y94.5583 E1.01546 F12000 ; pattern
G0 X75.3537 Y94.5583 F27000
G1 X96.567 Y115.7715 E1.01546 F12000 ; pattern
G1 X75.3537 Y136.9847 E1.01546 F12000 ; pattern
SET_PRESSURE_ADVANCE ADVANCE=0.0275 ; pattern 2/23
G1 E-0.5 F2700 ; retract
G0 Z0.8 F3600
G0 X77.8037 Y94.5583 F27000
G0 Z0.6 F3600
G1 E0.5 F2700 ; unretract
G1 X99.017 Y115.7715 E1.01546 F12000 ; pattern
G1 X77.8037 Y136.9847 E1.01546 F12000 ; pattern
G0 X78.3794 Y136.9847 F27000
G1 X99.5927 Y115.7715 E1.01546 F12000 ; pattern
G1 X78.3794 Y94.5583 E1.01546 F12000 ; pattern
G0 X78.9551 Y94.5583 F27000
G1 X100.1683 Y115.7715 E1.01546 F12000 ; pattern
G1 X78.9551 Y136.9847 E1.01546 F12000 ; pattern
SET_PRESSURE_ADVANCE ADVANCE=0.03 ; pattern 3/23
G1 E-0.5 F2700 ; retract
G0 Z0.8 F3600
G0 X81.4051 Y94.5583 F27000
G0 Z0.6 F3600
G1 E0.5 F2700 ; unretract
G1 X102.6183 Y115.7715 E1.01546 F12000 ; pattern
G1 X81.4051 Y136.9847 E1.01546 F12000 ; pattern
G0 X81.9808 Y136.9847 F27000
G1 X103.194 Y115.7715 E1.01546 F12000 ; pattern
G1 X81.9808 Y94.5583 E1.01546 F12000 ; pattern
G0 X82.5565 Y94.5583 F27000
G1 X103.7697 Y115.7715 E1.01546 F12000 ; pattern
G1 X82.5565 Y136.9847 E1.01546 F12000 ; pattern
SET_PRESSURE_ADVANCE ADVANCE=0.0325 ; pattern 4/23
G1 E-0.5 F2700 ; retract
G0 Z0.8 F3600
G0 X85.0065 Y94.5583 F27000
G0 Z0.6 F3600
G1 E0.5 F2700 ; unretract
G1 X106.2197 Y115.7715 E1.01546 F12000 ; pattern
G1 X85.0065 Y136.9847 E1.01546 F12000 ; pattern
G0 X85.5822 Y136.9847 F27000
G1 X106.7954 Y115.7715 E1.01546 F12000 ; pattern
G1 X85.5822 Y94.5583 E1.01546 F12000 ; pattern
G0 X86.1579 Y94.5583 F27000
G1 X107.3711 Y115.7715 E1.01546 F12000 ; pattern
G1 X86.1579 Y136.9847 E1.01546 F12000 ; pattern
SET_PRESSURE_ADVANCE ADVANCE=0.035 ; pattern 5/23
G1 E-0.5 F2700 ; retract
G0 Z0.8 F3600
G0 X88.6079 Y94.5583 F27000
G0 Z0.6 F3600
G1 E0.5 F2700 ; unretract
G1 X109.8211 Y115.7715 E1.01546 F12000 ; pattern
G1 X88.6079 Y136.9847 E1.01546 F12000 ; pattern
G0 X89.1836 Y136.9847 F27000
G1 X110.3968 Y115.7715 E1.01546 F12000 ; pattern
G1 X89.1836 Y94.5583 E1.01546 F12000 ; pattern
G0 X89.7593 Y94.5583 F27000
G1 X110.9725 Y115.7715 E1.01546 F12000 ; pattern
G1 X89.7593 Y136.9847 E1.01546 F12000 ; pattern
SET_PRESSURE_ADVANCE ADVANCE=0.0375 ; pattern 6/23
G1 E-0.5 F2700 ; retract
G0 Z0.8 F3600
G0 X92.2093 Y94.5583 F27000
G0 Z0.6 F3600
G1 E0.5 F2700 ; unretract
G1 X113.4225 Y115.7715 E1.01546 F12000 ; pattern
G1 X92.2093 Y136.9847 E1.01546 F12000 ; pattern
G0 X92.785 Y136.9847 F27000
G1 X113.9982 Y115.7715 E1.01546 F12000 ; pattern
G1 X92.785 Y94.5583 E1.01546 F12000 ; pattern
G0 X93.3607 Y94.5583 F27000
G1 X114.5739 Y115.7715 E1.01546 F12000 ; pattern
G1 X93.3607 Y136.9847 E1.01546 F12000 ; pattern
SET_PRESSURE_ADVANCE ADVANCE=0.04 ; pattern 7/23
G1 E-0.5 F2700 ; retract
G0 Z0.8 F3600
G0 X95.8107 Y94.5583 F27000
G0 Z0.6 F3600
G1 E0.5 F2700 ; unretract
G1 X117.0239 Y115.7715 E1.01546 F12000 ; pattern
G1 X95.8107 Y136.9847 E1.01546 F12000 ; pattern
G0 X96.3864 Y136.9847 F27000
G1 X117.5996 Y115.7715 E1.01546 F12000 ; pattern
G1 X96.3864 Y94.5583 E1.01546 F12000 ; pattern
G0 X96.9621 Y94.5583 F27000
G1 X118.1753 Y115.7715 E1.01546 F12000 ; pattern
G1 X96.9621 Y136.9847 E1.01546 F12000 ; pattern
SET_PRESSURE_ADVANCE ADVANCE=0.0425 ; pattern 8/23
G1 E-0.5 F2700 ; retract
G0 Z0.8 F3600
G0 X99.4121 Y94.5583 F27000
G0 Z0.6 F3600
G1 E0.5 F2700 ; unretract
G1 X120.6253 Y115.7715 E1.01546 F12000 ; pattern
G1 X99.4121 Y136.9847 E1.01546 F12000 ; pattern
G0 X99.9878 Y136.9847 F27000
G1 X121.201 Y115.7715 E1.01546 F12000 ; pattern
G1 X99.9878 Y94.5583 E1.01546 F12000 ; pattern
G0 X100.5635 Y94.5583 F27000
G1 X121.7767 Y115.7715 E1.01546 F12000 ; pattern
G1 X100.5635 Y136.9847 E1.01546 F12000 ; pattern
SET_PRESSURE_ADVANCE ADVANCE=0.045 ; pattern 9/23
G1 E-0.5 F2700 ; retract
G0 Z0.8 F3600
G0 X103.0135 Y94.5583 F27000
G0 Z0.6 F3600
G1 E0.5 F2700 ; unretract
G1 X124.2267 Y115.7715 E1.01546 F12000 ; pattern
G1 X103.0135 Y136.9847 E1.01546 F12000 ; pattern
G0 X103.5892 Y136.9847 F27000
G1 X124.8024 Y115.7715 E1.01546 F12000 ; pattern
G1 X103.5892 Y94.5583 E1.01546 F12000 ; pattern
G0 X104.1649 Y94.5583 F27000
G1 X125.3781 Y115.7715 E1.01546 F12000 ; pattern
G1 X104.1649 Y136.9847 E1.01546 F12000 ; pattern
SET_PRESSURE_ADVANCE ADVANCE=0.0475 ; pattern 10/23
G1 E-0.5 F2700 ; retract
G0 Z0.8 F3600
G0 X106.6149 Y94.5583 F27000
G0 Z0.6 F3600
G1 E0.5 F2700 ; unretract
G1 X127.8281 Y115.7715 E1.01546 F12000 ; pattern
G1 X106.6149 Y136.9847 E1.01546 F12000 ; pattern
G0 X107.1906 Y136.9847 F27000
G1 X128.4038 Y115.7715 E1.01546 F12000 ; pattern
G1 X107.1906 Y94.5583 E1.01546 F12000 ; pattern
G0 X107.7663 Y94.5583 F27000
G1 X128.9795 Y115.7715 E1.01546 F12000 ; pattern
G1 X107.7663 Y136.9847 E1.01546 F12000 ; pattern
SET_PRESSURE_ADVANCE ADVANCE=0.05 ; pattern 11/23
G1 E-0.5 F2700 ; retract
G0 Z0.8 F3600
G0 X110.2163 Y94.5583 F27000
G0 Z0.6 F3600
G1 E0.5 F2700 ; unretract
G1 X131.4295 Y115.7715 E1.01546 F12000 ; pattern
G1 X110.2163 Y136.9847 E1.01546 F12000 ; pattern
G0 X110.792 Y136.9847 F27000
G1 X132.0052 Y115.7715 E1.01546 F12000 ; pattern
G1 X110.792 Y94.5583 E1.01546 F12000 ; pattern
G0 X111.3677 Y94.5583 F27000
G1 X132.5809 Y115.7715 E1.01546 F12000 ; pattern
G1 X111.3677 Y136.9847 E1.01546 F12000 ; pattern
SET_PRESSURE_ADVANCE ADVANCE=0.0525 ; pattern 12/23
G1 E-0.5 F2700 ; retract
G0 Z0.8 F3600
G0 X113.8177 Y94.5583 F27000
G0 Z0.6 F3600
G1 E0.5 F2700 ; unretract
G1 X135.0309 Y115.7715 E1.01546 F12000 ; pattern
G1 X113.8177 Y136.9847 E1.01546 F12000 ; pattern
G0 X114.3934 Y136.9847 F27000
G1 X135.6066 Y115.7715 E1.01546 F12000 ; pattern
G1 X114.3934 Y94.5583 E1.01546 F12000 ; pattern
G0 X114.9691 Y94.5583 F27000
G1 X136.1823 Y115.7715 E1.01546 F12000 ; pattern
G1 X114.9691 Y136.9847 E1.01546 F12000 ; pattern
SET_PRESSURE_ADVANCE ADVANCE=0.055 ; pattern 13/23
G1 E-0.5 F2700 ; retract
G0 Z0.8 F3600
G0 X117.4191 Y94.5583 F27000
G0 Z0.6 F3600
G1 E0.5 F2700 ; unretract
G1 X138.6323 Y115.7715 E1.01546 F12000 ; pattern
G1 X117.4191 Y136.9847 E1.01546 F12000 ; pattern
G0 X117.9948 Y136.9847 F27000
G1 X139.208 Y115.7715 E1.01546 F12000 ; pattern
G1 X117.9948 Y94.5583 E1.01546 F12000 ; pattern
G0 X118.5705 Y94.5583 F27000
G1 X139.7837 Y115.7715 E1.01546 F12000 ; pattern
G1 X118.5705 Y136.9847 E1.01546 F12000 ; pattern
SET_PRESSURE_ADVANCE ADVANCE=0.0575 ; pattern 14/23
G1 E-0.5 F2700 ; retract
G0 Z0.8 F3600
G0 X121.0205 Y94.5583 F27000
G0 Z0.6 F3600
G1 E0.5 F2700 ; unretract
G1 X142.2337 Y115.7715 E1.01546 F12000 ; pattern
G1 X121.0205 Y136.9847 E1.01546 F12000 ; pattern
G0 X121.5962 Y136.9847 F27000
G1 X142.8094 Y115.7715 E1.01546 F12000 ; pattern
G1 X121.5962 Y94.5583 E1.01546 F12000 ; pattern
G0 X122.1719 Y94.5583 F27000
G1 X143.3851 Y115.7715 E1.01546 F12000 ; pattern
G1 X122.1719 Y136.9847 E1.01546 F12000 ; pattern
SET_PRESSURE_ADVANCE ADVANCE=0.06 ; pattern 15/23
G1 E-0.5 F2700 ; retract
G0 Z0.8 F3600
G0 X124.6219 Y94.5583 F27000
G0 Z0.6 F3600
G1 E0.5 F2700 ; unretract
G1 X145.8351 Y115.7715 E1.01546 F12000 ; pattern
G1 X124.6219 Y136.9847 E1.01546 F12000 ; pattern
G0 X125.1976 Y136.9847 F27000
G1 X146.4108 Y115.7715 E1.01546 F12000 ; pattern
G1 X125.1976 Y94.5583 E1.01546 F12000 ; pattern
G0 X125.7733 Y94.5583 F27000
G1 X146.9865 Y115.7715 E1.01546 F12000 ; pattern
G1 X125.7733 Y136.9847 E1.01546 F12000 ; pattern
SET_PRESSURE_ADVANCE ADVANCE=0.0625 ; pattern 16/23
G1 E-0.5 F2700 ; retract
G0 Z0.8 F3600
G0 X128.2233 Y94.5583 F27000
G0 Z0.6 F3600
G1 E0.5 F2700 ; unretract
G1 X149.4365 Y115.7715 E1.01546 F12000 ; pattern
G1 X128.2233 Y136.9847 E1.01546 F12000 ; pattern
G0 X128.799 Y136.9847 F27000
G1 X150.0122 Y115.7715 E1.01546 F12000 ; pattern
G1 X128.799 Y94.5583 E1.01546 F12000 ; pattern
G0 X129.3747 Y94.5583 F27000
G1 X150.5879 Y115.7715 E1.01546 F12000 ; pattern
G1 X129.3747 Y136.9847 E1.01546 F12000 ; pattern
SET_PRESSURE_ADVANCE ADVANCE=0.065 ; pattern 17/23
G1 E-0.5 F2700 ; retract
G0 Z0.8 F3600
G0 X131.8247 Y94.5583 F27000
G0 Z0.6 F3600
G1 E0.5 F2700 ; unretract
G1 X153.0379 Y115.7715 E1.01546 F12000 ; pattern
G1 X131.8247 Y136.9847 E1.01546 F12000 ; pattern
G0 X132.4004 Y136.9847 F27000
G1 X153.6136 Y115.7715 E1.01546 F12000 ; pattern
G1 X132.4004 Y94.5583 E1.01546 F12000 ; pattern
G0 X132.9761 Y94.5583 F27000
G1 X154.1893 Y115.7715 E1.01546 F12000 ; pattern
G1 X132.9761 Y136.9847 E1.01546 F12000 ; pattern
SET_PRESSURE_ADVANCE ADVANCE=0.0675 ; pattern 18/23
G1 E-0.5 F2700 ; retract
G0 Z0.8 F3600
G0 X135.4261 Y94.5583 F27000
G0 Z0.6 F3600
G1 E0.5 F2700 ; unretract
G1 X156.6393 Y115.7715 E1.01546 F12000 ; pattern
G1 X135.4261 Y136.9847 E1.01546 F12000 ; pattern
G0 X136.0018 Y136.9847 F27000
G1 X157.215 Y115.7715 E1.01546 F12000 ; pattern
G1 X136.0018 Y94.5583 E1.01546 F12000 ; pattern
G0 X136.5775 Y94.5583 F27000
G1 X157.7907 Y115.7715 E1.01546 F12000 ; pattern
G1 X136.5775 Y136.9847 E1.01546 F12000 ; pattern
SET_PRESSURE_ADVANCE ADVANCE=0.07 ; pattern 19/23
G1 E-0.5 F2700 ; retract
G0 Z0.8 F3600
G0 X139.0275 Y94.5583 F27000
G0 Z0.6 F3600
G1 E0.5 F2700 ; unretract
G1 X160.2407 Y115.7715 E1.01546 F12000 ; pattern
G1 X139.0275 Y136.9847 E1.01546 F12000 ; pattern
G0 X139.6032 Y136.9847 F27000
G1 X160.8164 Y115.7715 E1.01546 F12000 ; pattern
G1 X139.6032 Y94.5583 E1.01546 F12000 ; pattern
G0 X140.1789 Y94.5583 F27000
G1 X161.3921 Y115.7715 E1.01546 F12000 ; pattern
G1 X140.1789 Y136.9847 E1.01546 F12000 ; pattern
SET_PRESSURE_ADVANCE ADVANCE=0.0725 ; pattern 20/23
G1 E-0.5 F2700 ; retract
G0 Z0.8 F3600
G0 X142.6289 Y94.5583 F27000
G0 Z0.6 F3600
G1 E0.5 F2700 ; unretract
G1 X163.8421 Y115.7715 E1.01546 F12000 ; pattern
G1 X142.6289 Y136.9847 E1.01546 F12000 ; pattern
G0 X143.2046 Y136.9847 F27000
G1 X164.4178 Y115.7715 E1.01546 F12000 ; pattern
G1 X143.2046 Y94.5583 E1.01546 F12000 ; pattern
G0 X143.7803 Y94.5583 F27000
G1 X164.9935 Y115.7715 E1.01546 F12000 ; pattern
G1 X143.7803 Y136.9847 E1.01546 F12000 ; pattern
SET_PRESSURE_ADVANCE ADVANCE=0.075 ; pattern 21/23
G1 E-0.5 F2700 ; retract
G0 Z0.8 F3600
G0 X146.2303 Y94.5583 F27000
G0 Z0.6 F3600
G1 E0.5 F2700 ; unretract
G1 X167.4435 Y115.7715 E1.01546 F12000 ; pattern
G1 X146.2303 Y136.9847 E1.01546 F12000 ; pattern
G0 X146.806 Y136.9847 F27000
G1 X168.0192 Y115.7715 E1.01546 F12000 ; pattern
G1 X146.806 Y94.5583 E1.01546 F12000 ; pattern
G0 X147.3817 Y94.5583 F27000
G1 X168.5949 Y115.7715 E1.01546 F12000 ; pattern
G1 X147.3817 Y136.9847 E1.01546 F12000 ; pattern
SET_PRESSURE_ADVANCE ADVANCE=0.0775 ; pattern 22/23
G1 E-0.5 F2700 ; retract
G0 Z0.8 F3600
G0 X149.8317 Y94.5583 F27000
G0 Z0.6 F3600
G1 E0.5 F2700 ; unretract
G1 X171.0449 Y115.7715 E1.01546 F12000 ; pattern
G1 X149.8317 Y136.9847 E1.01546 F12000 ; pattern
G0 X150.4073 Y136.9847 F27000
G1 X171.6206 Y115.7715 E1.01546 F12000 ; pattern
G1 X150.4073 Y94.5583 E1.01546 F12000 ; pattern
G0 X150.983 Y94.5583 F27000
G1 X172.1963 Y115.7715 E1.01546 F12000 ; pattern
G1 X150.983 Y136.9847 E1.01546 F12000 ; pattern
SET_PRESSURE_ADVANCE ADVANCE=0.08 ; pattern 23/23
G1 E-0.5 F2700 ; retract
G0 Z0.8 F3600
G0 X153.433 Y94.5583 F27000
G0 Z0.6 F3600
G1 E0.5 F2700 ; unretract
G1 X174.6463 Y115.7715 E1.01546 F12000 ; pattern
G1 X153.433 Y136.9847 E1.01546 F12000 ; pattern
G0 X154.0087 Y136.9847 F27000
G1 X175.2219 Y115.7715 E1.01546 F12000 ; pattern
G1 X154.0087 Y94.5583 E1.01546 F12000 ; pattern
G0 X154.5844 Y94.5583 F27000
G1 X175.7976 Y115.7715 E1.01546 F12000 ; pattern
G1 X154.5844 Y136.9847 E1.01546 F12000 ; pattern
;LAYER_CHANGE
;Z:0.8
;HEIGHT:0.2
SET_PRINT_STATS_INFO CURRENT_LAYER=4
G0 Z0.8 F3600
;TYPE:External perimeter
SET_PRESSURE_ADVANCE ADVANCE=0.025 ; pattern 1/23
G1 E-0.5 F2700 ; retract
G0 Z1 F3600
G0 X74.2024 Y94.5583 F27000
G0 Z0.8 F3600
G1 E0.5 F2700 ; unretract
G1 X95.4156 Y115.7715 E1.01546 F12000 ; pattern
G1 X74.2024 Y136.9847 E1.01546 F12000 ; pattern
G0 X74.7781 Y136.9847 F27000
G1 X95.9913 Y115.7715 E1.01546 F12000 ; pattern
G1 X74.7781 Y94.5583 E1.01546 F12000 ; pattern
G0 X75.3537 Y94.5583 F27000
G1 X96.567 Y115.7715 E1.01546 F12000 ; pattern
G1 X75.3537 Y136.9847 E1.01546 F12000 ; pattern
SET_PRESSURE_ADVANCE ADVANCE=0.0275 ; pattern 2/23
G1 E-0.5 F2700 ; retract
G0 Z1 F3600
G0 X77.8037 Y94.5583 F27000
G0 Z0.8 F3600
G1 E0.5 F2700 ; unretract
G1 X99.017 Y115.7715 E1.01546 F12000 ; pattern
G1 X77.8037 Y136.9847 E1.01546 F12000 ; pattern
G0 X78.3794 Y136.9847 F27000
G1 X99.5927 Y115.7715 E1.01546 F12000 ; pattern
G1 X78.3794 Y94.5583 E1.01546 F12000 ; pattern
G0 X78.9551 Y94.5583 F27000
G1 X100.1683 Y115.7715 E1.01546 F12000 ; pattern
G1 X78.9551 Y136.9847 E1.01546 F12000 ; pattern
SET_PRESSURE_ADVANCE ADVANCE=0.03 ; pattern 3/23
G1 E-0.5 F2700 ; retract
G0 Z1 F3600
G0 X81.4051 Y94.5583 F27000
G0 Z0.8 F3600
G1 E0.5 F2700 ; unretract
G1 X102.6183 Y115.7715 E1.01546 F12000 ; pattern
G1 X81.4051 Y136.9847 E1.01546 F12000 ; pattern
G0 X81.9808 Y136.9847 F27000
G1 X103.194 Y115.7715 E1.01546 F12000 ; pattern
G1 X81.9808 Y94.5583 E1.01546 F12000 ; pattern
G0 X82.5565 Y94.5583 F27000
G1 X103.7697 Y115.7715 E1.01546 F12000 ; pattern
G1 X82.5565 Y136.9847 E1.01546 F12000 ; pattern
SET_PRESSURE_ADVANCE ADVANCE=0.0325 ; pattern 4/23
G1 E-0.5 F2700 ; retract
G0 Z1 F3600
G0 X85.0065 Y94.5583 F27000
G0 Z0.8 F3600
G1 E0.5 F2700 ; unretract
G1 X106.2197 Y115.7715 E1.01546 F12000 ; pattern
G1 X85.0065 Y136.9847 E1.01546 F12000 ; pattern
G0 X85.5822 Y136.9847 F27000
G1 X106.7954 Y115.7715 E1.01546 F12000 ; pattern
G1 X85.5822 Y94.5583 E1.01546 F12000 ; pattern
G0 X86.1579 Y94.5583 F27000
G1 X107.3711 Y115.7715 E1.01546 F12000 ; pattern
G1 X86.1579 Y136.9847 E1.01546 F12000 ; pattern
SET_PRESSURE_ADVANCE ADVANCE=0.035 ; pattern 5/23
G1 E-0.5 F2700 ; retract
G0 Z1 F3600
G0 X88.6079 Y94.5583 F27000
G0 Z0.8 F3600
G1 E0.5 F2700 ; unretract
G1 X109.8211 Y115.7715 E1.01546 F12000 ; pattern
G1 X88.6079 Y136.9847 E1.01546 F12000 ; pattern
G0 X89.1836 Y136.9847 F27000
G1 X110.3968 Y115.7715 E1.01546 F12000 ; pattern
G1 X89.1836 Y94.5583 E1.01546 F12000 ; pattern
G0 X89.7593 Y94.5583 F27000
G1 X110.9725 Y115.7715 E1.01546 F12000 ; pattern
G1 X89.7593 Y136.9847 E1.01546 F12000 ; pattern
SET_PRESSURE_ADVANCE ADVANCE=0.0375 ; pattern 6/23
G1 E-0.5 F2700 ; retract
G0 Z1 F3600
G0 X92.2093 Y94.5583 F27000
G0 Z0.8 F3600
G1 E0.5 F2700 ; unretract
G1 X113.4225 Y115.7715 E1.01546 F12000 ; pattern
G1 X92.2093 Y136.9847 E1.01546 F12000 ; pattern
G0 X92.785 Y136.9847 F27000
G1 X113.9982 Y115.7715 E1.01546 F12000 ; pattern
G1 X92.785 Y94.5583 E1.01546 F12000 ; pattern
G0 X93.3607 Y94.5583 F27000
G1 X114.5739 Y115.7715 E1.01546 F12000 ; pattern
G1 X93.3607 Y136.9847 E1.01546 F12000 ; pattern
SET_PRESSURE_ADVANCE ADVANCE=0.04 ; pattern 7/23
G1 E-0.5 F2700 ; retract
G0 Z1 F3600
G0 X95.8107 Y94.5583 F27000
G0 Z0.8 F3600
G1 E0.5 F2700 ; unretract
G1 X117.0239 Y115.7715 E1.01546 F12000 ; pattern
G1 X95.8107 Y136.9847 E1.01546 F12000 ; pattern
G0 X96.3864 Y136.9847 F27000
G1 X117.5996 Y115.7715 E1.01546 F12000 ; pattern
G1 X96.3864 Y94.5583 E1.01546 F12000 ; pattern
G0 X96.9621 Y94.5583 F27000
G1 X118.1753 Y115.7715 E1.01546 F12000 ; pattern
G1 X96.9621 Y136.9847 E1.01546 F12000 ; pattern
SET_PRESSURE_ADVANCE ADVANCE=0.0425 ; pattern 8/23
G1 E-0.5 F2700 ; retract
G0 Z1 F3600
G0 X99.4121 Y94.5583 F27000
G0 Z0.8 F3600
G1 E0.5 F2700 ; unretract
G1 X120.6253 Y115.7715 E1.01546 F12000 ; pattern
G1 X99.4121 Y136.9847 E1.01546 F12000 ; pattern
G0 X99.9878 Y136.9847 F27000
G1 X121.201 Y115.7715 E1.01546 F12000 ; pattern
G1 X99.9878 Y94.5583 E1.01546 F12000 ; pattern
G0 X100.5635 Y94.5583 F27000
G1 X121.7767 Y115.7715 E1.01546 F12000 ; pattern
G1 X100.5635 Y136.9847 E1.01546 F12000 ; pattern
SET_PRESSURE_ADVANCE ADVANCE=0.045 ; pattern 9/23
G1 E-0.5 F2700 ; retract
G0 Z1 F3600
G0 X103.0135 Y94.5583 F27000
G0 Z0.8 F3600
G1 E0.5 F2700 ; unretract
G1 X124.2267 Y115.7715 E1.01546 F12000 ; pattern
G1 X103.0135 Y136.9847 E1.01546 F12000 ; pattern
G0 X103.5892 Y136.9847 F27000
G1 X124.8024 Y115.7715 E1.01546 F12000 ; pattern
G1 X103.5892 Y94.5583 E1.01546 F12000 ; pattern
G0 X104.1649 Y94.5583 F27000
G1 X125.3781 Y115.7715 E1.01546 F12000 ; pattern
G1 X104.1649 Y136.9847 E1.01546 F12000 ; pattern
SET_PRESSURE_ADVANCE ADVANCE=0.0475 ; pattern 10/23
G1 E-0.5 F2700 ; retract
G0 Z1 F3600
G0 X106.6149 Y94.5583 F27000
G0 Z0.8 F3600
G1 E0.5 F2700 ; unretract
G1 X127.8281 Y115.7715 E1.01546 F12000 ; pattern
G1 X106.6149 Y136.9847 E1.01546 F12000 ; pattern
G0 X107.1906 Y136.9847 F27000
G1 X128.4038 Y115.7715 E1.01546 F12000 ; pattern
G1 X107.1906 Y94.5583 E1.01546 F12000 ; pattern
G0 X107.7663 Y94.5583 F27000
G1 X128.9795 Y115.7715 E1.01546 F12000 ; pattern
G1 X107.7663 Y136.9847 E1.01546 F12000 ; pattern
SET_PRESSURE_ADVANCE ADVANCE=0.05 ; pattern 11/23
G1 E-0.5 F2700 ; retract
G0 Z1 F3600
G0 X110.2163 Y94.5583 F27000
G0 Z0.8 F3600
G1 E0.5 F2700 ; unretract
G1 X131.4295 Y115.7715 E1.01546 F12000 ; pattern
G1 X110.2163 Y136.9847 E1.01546 F12000 ; pattern
G0 X110.792 Y136.9847 F27000
G1 X132.0052 Y115.7715 E1.01546 F12000 ; pattern
G1 X110.792 Y94.5583 E1.01546 F12000 ; pattern
G0 X111.3677 Y94.5583 F27000
G1 X132.5809 Y115.7715 E1.01546 F12000 ; pattern
G1 X111.3677 Y136.9847 E1.01546 F12000 ; pattern
SET_PRESSURE_ADVANCE ADVANCE=0.0525 ; pattern 12/23
G1 E-0.5 F2700 ; retract
G0 Z1 F3600
G0 X113.8177 Y94.5583 F27000
G0 Z0.8 F3600
G1 E0.5 F2700 ; unretract
G1 X135.0309 Y115.7715 E1.01546 F12000 ; pattern
G1 X113.8177 Y136.9847 E1.01546 F12000 ; pattern
G0 X114.3934 Y136.9847 F27000
G1 X135.6066 Y115.7715 E1.01546 F12000 ; pattern
G1 X114.3934 Y94.5583 E1.01546 F12000 ; pattern
G0 X114.9691 Y94.5583 F27000
G1 X136.1823 Y115.7715 E1.01546 F12000 ; pattern
G1 X114.9691 Y136.9847 E1.01546 F12000 ; pattern
SET_PRESSURE_ADVANCE ADVANCE=0.055 ; pattern 13/23
G1 E-0.5 F2700 ; retract
G0 Z1 F3600
G0 X117.4191 Y94.5583 F27000
G0 Z0.8 F3600
G1 E0.5 F2700 ; unretract
G1 X138.6323 Y115.7715 E1.01546 F12000 ; pattern
G1 X117.4191 Y136.9847 E1.01546 F12000 ; pattern
G0 X117.9948 Y136.9847 F27000
G1 X139.208 Y115.7715 E1.01546 F12000 ; pattern
G1 X117.9948 Y94.5583 E1.01546 F12000 ; pattern
G0 X118.5705 Y94.5583 F27000
G1 X139.7837 Y115.7715 E1.01546 F12000 ; pattern
G1 X118.5705 Y136.9847 E1.01546 F12000 ; pattern
SET_PRESSURE_ADVANCE ADVANCE=0.0575 ; pattern 14/23
G1 E-0.5 F2700 ; retract
G0 Z1 F3600
G0 X121.0205 Y94.5583 F27000
G0 Z0.8 F3600
G1 E0.5 F2700 ; unretract
G1 X142.2337 Y115.7715 E1.01546 F12000 ; pattern
G1 X121.0205 Y136.9847 E1.01546 F12000 ; pattern
G0 X121.5962 Y136.9847 F27000
G1 X142.8094 Y115.7715 E1.01546 F12000 ; pattern
G1 X121.5962 Y94.5583 E1.01546 F12000 ; pattern
G0 X122.1719 Y94.5583 F27000
G1 X143.3851 Y115.7715 E1.01546 F12000 ; pattern
G1 X122.1719 Y136.9847 E1.01546 F12000 ; pattern
SET_PRESSURE_ADVANCE ADVANCE=0.06 ; pattern 15/23
G1 E-0.5 F2700 ; retract
G0 Z1 F3600
G0 X124.6219 Y94.5583 F27000
G0 Z0.8 F3600
G1 E0.5 F2700 ; unretract
G1 X145.8351 Y115.7715 E1.01546 F12000 ; pattern
G1 X124.6219 Y136.9847 E1.01546 F12000 ; pattern
G0 X125.1976 Y136.9847 F27000
G1 X146.4108 Y115.7715 E1.01546 F12000 ; pattern
G1 X125.1976 Y94.5583 E1.01546 F12000 ; pattern
G0 X125.7733 Y94.5583 F27000
G1 X146.9865 Y115.7715 E1.01546 F12000 ; pattern
G1 X125.7733 Y136.9847 E1.01546 F12000 ; pattern
SET_PRESSURE_ADVANCE ADVANCE=0.0625 ; pattern 16/23
G1 E-0.5 F2700 ; retract
G0 Z1 F3600
G0 X128.2233 Y94.5583 F27000
G0 Z0.8 F3600
G1 E0.5 F2700 ; unretract
G1 X149.4365 Y115.7715 E1.01546 F12000 ; pattern
G1 X128.2233 Y136.9847 E1.01546 F12000 ; pattern
G0 X128.799 Y136.9847 F27000
G1 X150.0122 Y115.7715 E1.01546 F12000 ; pattern
G1 X128.799 Y94.5583 E1.01546 F12000 ; pattern
G0 X129.3747 Y94.5583 F27000
G1 X150.5879 Y115.7715 E1.01546 F12000 ; pattern
G1 X129.3747 Y136.9847 E1.01546 F12000 ; pattern
SET_PRESSURE_ADVANCE ADVANCE=0.065 ; pattern 17/23
G1 E-0.5 F2700 ; retract
G0 Z1 F3600
G0 X131.8247 Y94.5583 F27000
G0 Z0.8 F3600
G1 E0.5 F2700 ; unretract
G1 X153.0379 Y115.7715 E1.01546 F12000 ; pattern
G1 X131.8247 Y136.9847 E1.01546 F12000 ; pattern
G0 X132.4004 Y136.9847 F27000
G1 X153.6136 Y115.7715 E1.01546 F12000 ; pattern
G1 X132.4004 Y94.5583 E1.01546 F12000 ; pattern
G0 X132.9761 Y94.5583 F27000
G1 X154.1893 Y115.7715 E1.01546 F12000 ; pattern
G1 X132.9761 Y136.9847 E1.01546 F12000 ; pattern
SET_PRESSURE_ADVANCE ADVANCE=0.0675 ; pattern 18/23
G1 E-0.5 F2700 ; retract
G0 Z1 F3600
G0 X135.4261 Y94.5583 F27000
G0 Z0.8 F3600
G1 E0.5 F2700 ; unretract
G1 X156.6393 Y115.7715 E1.01546 F12000 ; pattern
G1 X135.4261 Y136.9847 E1.01546 F12000 ; pattern
G0 X136.0018 Y136.9847 F27000
G1 X157.215 Y115.7715 E1.01546 F12000 ; pattern
G1 X136.0018 Y94.5583 E1.01546 F12000 ; pattern
G0 X136.5775 Y94.5583 F27000
G1 X157.7907 Y115.7715 E1.01546 F12000 ; pattern
G1 X136.5775 Y136.9847 E1.01546 F12000 ; pattern
SET_PRESSURE_ADVANCE ADVANCE=0.07 ; pattern 19/23
G1 E-0.5 F2700 ; retract
G0 Z1 F3600
G0 X139.0275 Y94.5583 F27000
G0 Z0.8 F3600
G1 E0.5 F2700 ; unretract
G1 X160.2407 Y115.7715 E1.01546 F12000 ; pattern
G1 X139.0275 Y136.9847 E1.01546 F12000 ; pattern
G0 X139.6032 Y136.9847 F27000
G1 X160.8164 Y115.7715 E1.01546 F12000 ; pattern
G1 X139.6032 Y94.5583 E1.01546 F12000 ; pattern
G0 X140.1789 Y94.5583 F27000
G1 X161.3921 Y115.7715 E1.01546 F12000 ; pattern
G1 X140.1789 Y136.9847 E1.01546 F12000 ; pattern
SET_PRESSURE_ADVANCE ADVANCE=0.0725 ; pattern 20/23
G1 E-0.5 F2700 ; retract
G0 Z1 F3600
G0 X142.6289 Y94.5583 F27000
G0 Z0.8 F3600
G1 E0.5 F2700 ; unretract
G1 X163.8421 Y115.7715 E1.01546 F12000 ; pattern
G1 X142.6289 Y136.9847 E1.01546 F12000 ; pattern
G0 X143.2046 Y136.9847 F27000
G1 X164.4178 Y115.7715 E1.01546 F12000 ; pattern
G1 X143.2046 Y94.5583 E1.01546 F12000 ; pattern
G0 X143.7803 Y94.5583 F27000
G1 X164.9935 Y115.7715 E1.01546 F12000 ; pattern
G1 X143.7803 Y136.9847 E1.01546 F12000 ; pattern
SET_PRESSURE_ADVANCE ADVANCE=0.075 ; pattern 21/23
G1 E-0.5 F2700 ; retract
G0 Z1 F3600
G0 X146.2303 Y94.5583 F27000
G0 Z0.8 F3600
G1 E0.5 F2700 ; unretract
G1 X167.4435 Y115.7715 E1.01546 F12000 ; pattern
G1 X146.2303 Y136.9847 E1.01546 F12000 ; pattern
G0 X146.806 Y136.9847 F27000
G1 X168.0192 Y115.7715 E1.01546 F12000 ; pattern
G1 X146.806 Y94.5583 E1.01546 F12000 ; pattern
G0 X147.3817 Y94.5583 F27000
G1 X168.5949 Y115.7715 E1.01546 F12000 ; pattern
G1 X147.3817 Y136.9847 E1.01546 F12000 ; pattern
SET_PRESSURE_ADVANCE ADVANCE=0.0775 ; pattern 22/23
G1 E-0.5 F2700 ; retract
G0 Z1 F3600
G0 X149.8317 Y94.5583 F27000
G0 Z0.8 F3600
G1 E0.5 F2700 ; unretract
G1 X171.0449 Y115.7715 E1.01546 F12000 ; pattern
G1 X149.8317 Y136.9847 E1.01546 F12000 ; pattern
G0 X150.4073 Y136.9847 F27000
G1 X171.6206 Y115.7715 E1.01546 F12000 ; pattern
G1 X150.4073 Y94.5583 E1.01546 F12000 ; pattern
G0 X150.983 Y94.5583 F27000
G1 X172.1963 Y115.7715 E1.01546 F12000 ; pattern
G1 X150.983 Y136.9847 E1.01546 F12000 ; pattern
SET_PRESSURE_ADVANCE ADVANCE=0.08 ; pattern 23/23
G1 E-0.5 F2700 ; retract
G0 Z1 F3600
G0 X153.433 Y94.5583 F27000
G0 Z0.8 F3600
G1 E0.5 F2700 ; unretract
G1 X174.6463 Y115.7715 E1.01546 F12000 ; pattern
G1 X153.433 Y136.9847 E1.01546 F12000 ; pattern
G0 X154.0087 Y136.9847 F27000
G1 X175.2219 Y115.7715 E1.01546 F12000 ; pattern
G1 X154.0087 Y94.5583 E1.01546 F12000 ; pattern
G0 X154.5844 Y94.5583 F27000
G1 X175.7976 Y115.7715 E1.01546 F12000 ; pattern
G1 X154.5844 Y136.9847 E1.01546 F12000 ; pattern
;LAYER_CHANGE
;Z:1
;HEIGHT:0.2
SET_PRINT_STATS_INFO CURRENT_LAYER=5
G0 Z1 F3600
M106 S38 ; fan
;TYPE:External perimeter
SET_PRESSURE_ADVANCE ADVANCE=0.025 ; pattern 1/23
G1 E-0.5 F2700 ; retract
G0 Z1.2 F3600
G0 X74.2024 Y94.5583 F27000
G0 Z1 F3600
G1 E0.5 F2700 ; unretract
G1 X95.4156 Y115.7715 E1.01546 F12000 ; pattern
G1 X74.2024 Y136.9847 E1.01546 F12000 ; pattern
G0 X74.7781 Y136.9847 F27000
G1 X95.9913 Y115.7715 E1.01546 F12000 ; pattern
G1 X74.7781 Y94.5583 E1.01546 F12000 ; pattern
G0 X75.3537 Y94.5583 F27000
G1 X96.567 Y115.7715 E1.01546 F12000 ; pattern
G1 X75.3537 Y136.9847 E1.01546 F12000 ; pattern
SET_PRESSURE_ADVANCE ADVANCE=0.0275 ; pattern 2/23
G1 E-0.5 F2700 ; retract
G0 Z1.2 F3600
G0 X77.8037 Y94.5583 F27000
G0 Z1 F3600
G1 E0.5 F2700 ; unretract
G1 X99.017 Y115.7715 E1.01546 F12000 ; pattern
G1 X77.8037 Y136.9847 E1.01546 F12000 ; pattern
G0 X78.3794 Y136.9847 F27000
G1 X99.5927 Y115.7715 E1.01546 F12000 ; pattern
G1 X78.3794 Y94.5583 E1.01546 F12000 ; pattern
G0 X78.9551 Y94.5583 F27000
G1 X100.1683 Y115.7715 E1.01546 F12000 ; pattern
G1 X78.9551 Y136.9847 E1.01546 F12000 ; pattern
SET_PRESSURE_ADVANCE ADVANCE=0.03 ; pattern 3/23
G1 E-0.5 F2700 ; retract
G0 Z1.2 F3600
G0 X81.4051 Y94.5583 F27000
G0 Z1 F3600
G1 E0.5 F2700 ; unretract
G1 X102.6183 Y115.7715 E1.01546 F12000 ; pattern
G1 X81.4051 Y136.9847 E1.01546 F12000 ; pattern
G0 X81.9808 Y136.9847 F27000
G1 X103.194 Y115.7715 E1.01546 F12000 ; pattern
G1 X81.9808 Y94.5583 E1.01546 F12000 ; pattern
G0 X82.5565 Y94.5583 F27000
G1 X103.7697 Y115.7715 E1.01546 F12000 ; pattern
G1 X82.5565 Y136.9847 E1.01546 F12000 ; pattern
SET_PRESSURE_ADVANCE ADVANCE=0.0325 ; pattern 4/23
G1 E-0.5 F2700 ; retract
G0 Z1.2 F3600
G0 X85.0065 Y94.5583 F27000
G0 Z1 F3600
G1 E0.5 F2700 ; unretract
G1 X106.2197 Y115.7715 E1.01546 F12000 ; pattern
G1 X85.0065 Y136.9847 E1.01546 F12000 ; pattern
G0 X85.5822 Y136.9847 F27000
G1 X106.7954 Y115.7715 E1.01546 F12000 ; pattern
G1 X85.5822 Y94.5583 E1.01546 F12000 ; pattern
G0 X86.1579 Y94.5583 F27000
G1 X107.3711 Y115.7715 E1.01546 F12000 ; pattern
G1 X86.1579 Y136.9847 E1.01546 F12000 ; pattern
SET_PRESSURE_ADVANCE ADVANCE=0.035 ; pattern 5/23
G1 E-0.5 F2700 ; retract
G0 Z1.2 F3600
G0 X88.6079 Y94.5583 F27000
G0 Z1 F3600
G1 E0.5 F2700 ; unretract
G1 X109.8211 Y115.7715 E1.01546 F12000 ; pattern
G1 X88.6079 Y136.9847 E1.01546 F12000 ; pattern
G0 X89.1836 Y136.9847 F27000
G1 X110.3968 Y115.7715 E1.01546 F12000 ; pattern
G1 X89.1836 Y94.5583 E1.01546 F12000 ; pattern
G0 X89.7593 Y94.5583 F27000
G1 X110.9725 Y115.7715 E1.01546 F12000 ; pattern
G1 X89.7593 Y136.9847 E1.01546 F12000 ; pattern
SET_PRESSURE_ADVANCE ADVANCE=0.0375 ; pattern 6/23
G1 E-0.5 F2700 ; retract
G0 Z1.2 F3600
G0 X92.2093 Y94.5583 F27000
G0 Z1 F3600
G1 E0.5 F2700 ; unretract
G1 X113.4225 Y115.7715 E1.01546 F12000 ; pattern
G1 X92.2093 Y136.9847 E1.01546 F12000 ; pattern
G0 X92.785 Y136.9847 F27000
G1 X113.9982 Y115.7715 E1.01546 F12000 ; pattern
G1 X92.785 Y94.5583 E1.01546 F12000 ; pattern
G0 X93.3607 Y94.5583 F27000
G1 X114.5739 Y115.7715 E1.01546 F12000 ; pattern
G1 X93.3607 Y136.9847 E1.01546 F12000 ; pattern
SET_PRESSURE_ADVANCE ADVANCE=0.04 ; pattern 7/23
G1 E-0.5 F2700 ; retract
G0 Z1.2 F3600
G0 X95.8107 Y94.5583 F27000
G0 Z1 F3600
G1 E0.5 F2700 ; unretract
G1 X117.0239 Y115.7715 E1.01546 F12000 ; pattern
G1 X95.8107 Y136.9847 E1.01546 F12000 ; pattern
G0 X96.3864 Y136.9847 F27000
G1 X117.5996 Y115.7715 E1.01546 F12000 ; pattern
G1 X96.3864 Y94.5583 E1.01546 F12000 ; pattern
G0 X96.9621 Y94.5583 F27000
G1 X118.1753 Y115.7715 E1.01546 F12000 ; pattern
G1 X96.9621 Y136.9847 E1.01546 F12000 ; pattern
SET_PRESSURE_ADVANCE ADVANCE=0.0425 ; pattern 8/23
G1 E-0.5 F2700 ; retract
G0 Z1.2 F3600
G0 X99.4121 Y94.5583 F27000
G0 Z1 F3600
G1 E0.5 F2700 ; unretract
G1 X120.6253 Y115.7715 E1.01546 F12000 ; pattern
G1 X99.4121 Y136.9847 E1.01546 F12000 ; pattern
G0 X99.9878 Y136.9847 F27000
G1 X121.201 Y115.7715 E1.01546 F12000 ; pattern
G1 X99.9878 Y94.5583 E1.01546 F12000 ; pattern
G0 X100.5635 Y94.5583 F27000
G1 X121.7767 Y115.7715 E1.01546 F12000 ; pattern
G1 X100.5635 Y136.9847 E1.01546 F12000 ; pattern
SET_PRESSURE_ADVANCE ADVANCE=0.045 ; pattern 9/23
G1 E-0.5 F2700 ; retract
G0 Z1.2 F3600
G0 X103.0135 Y94.5583 F27000
G0 Z1 F3600
G1 E0.5 F2700 ; unretract
G1 X124.2267 Y115.7715 E1.01546 F12000 ; pattern
G1 X103.0135 Y136.9847 E1.01546 F12000 ; pattern
G0 X103.5892 Y136.9847 F27000
G1 X124.8024 Y115.7715 E1.01546 F12000 ; pattern
G1 X103.5892 Y94.5583 E1.01546 F12000 ; pattern
G0 X104.1649 Y94.5583 F27000
G1 X125.3781 Y115.7715 E1.01546 F12000 ; pattern
G1 X104.1649 Y136.9847 E1.01546 F12000 ; pattern
SET_PRESSURE_ADVANCE ADVANCE=0.0475 ; pattern 10/23
G1 E-0.5 F2700 ; retract
G0 Z1.2 F3600
G0 X106.6149 Y94.5583 F27000
G0 Z1 F3600
G1 E0.5 F2700 ; unretract
G1 X127.8281 Y115.7715 E1.01546 F12000 ; pattern
G1 X106.6149 Y136.9847 E1.01546 F12000 ; pattern
G0 X107.1906 Y136.9847 F27000
G1 X128.4038 Y115.7715 E1.01546 F12000 ; pattern
G1 X107.1906 Y94.5583 E1.01546 F12000 ; pattern
G0 X107.7663 Y94.5583 F27000
G1 X128.9795 Y115.7715 E1.01546 F12000 ; pattern
G1 X107.7663 Y136.9847 E1.01546 F12000 ; pattern
SET_PRESSURE_ADVANCE ADVANCE=0.05 ; pattern 11/23
G1 E-0.5 F2700 ; retract
G0 Z1.2 F3600
G0 X110.2163 Y94.5583 F27000
G0 Z1 F3600
G1 E0.5 F2700 ; unretract
G1 X131.4295 Y115.7715 E1.01546 F12000 ; pattern
G1 X110.2163 Y136.9847 E1.01546 F12000 ; pattern
G0 X110.792 Y136.9847 F27000
G1 X132.0052 Y115.7715 E1.01546 F12000 ; pattern
G1 X110.792 Y94.5583 E1.01546 F12000 ; pattern
G0 X111.3677 Y94.5583 F27000
G1 X132.5809 Y115.7715 E1.01546 F12000 ; pattern
G1 X111.3677 Y136.9847 E1.01546 F12000 ; pattern
SET_PRESSURE_ADVANCE ADVANCE=0.0525 ; pattern 12/23
G1 E-0.5 F2700 ; retract
G0 Z1.2 F3600
G0 X113.8177 Y94.5583 F27000
G0 Z1 F3600
G1 E0.5 F2700 ; unretract
G1 X135.0309 Y115.7715 E1.01546 F12000 ; pattern
G1 X113.8177 Y136.9847 E1.01546 F12000 ; pattern
G0 X114.3934 Y136.9847 F27000
G1 X135.6066 Y115.7715 E1.01546 F12000 ; pattern
G1 X114.3934 Y94.5583 E1.01546 F12000 ; pattern
G0 X114.9691 Y94.5583 F27000
G1 X136.1823 Y115.7715 E1.01546 F12000 ; pattern
G1 X114.9691 Y136.9847 E1.01546 F12000 ; pattern
SET_PRESSURE_ADVANCE ADVANCE=0.055 ; pattern 13/23
G1 E-0.5 F2700 ; retract
G0 Z1.2 F3600
G0 X117.4191 Y94.5583 F27000
G0 Z1 F3600
G1 E0.5 F2700 ; unretract
G1 X138.6323 Y115.7715 E1.01546 F12000 ; pattern
G1 X117.4191 Y136.9847 E1.01546 F12000 ; pattern
G0 X117.9948 Y136.9847 F27000
G1 X139.208 Y115.7715 E1.01546 F12000 ; pattern
G1 X117.9948 Y94.5583 E1.01546 F12000 ; pattern
G0 X118.5705 Y94.5583 F27000
G1 X139.7837 Y115.7715 E1.01546 F12000 ; pattern
G1 X118.5705 Y136.9847 E1.01546 F12000 ; pattern
SET_PRESSURE_ADVANCE ADVANCE=0.0575 ; pattern 14/23
G1 E-0.5 F2700 ; retract
G0 Z1.2 F3600
G0 X121.0205 Y94.5583 F27000
G0 Z1 F3600
G1 E0.5 F2700 ; unretract
G1 X142.2337 Y115.7715 E1.01546 F12000 ; pattern
G1 X121.0205 Y136.9847 E1.01546 F12000 ; pattern
G0 X121.5962 Y136.9847 F27000
G1 X142.8094 Y115.7715 E1.01546 F12000 ; pattern
G1 X121.5962 Y94.5583 E1.01546 F12000 ; pattern
G0 X122.1719 Y94.5583 F27000
G1 X143.3851 Y115.7715 E1.01546 F12000 ; pattern
G1 X122.1719 Y136.9847 E1.01546 F12000 ; pattern
SET_PRESSURE_ADVANCE ADVANCE=0.06 ; pattern 15/23
G1 E-0.5 F2700 ; retract
G0 Z1.2 F3600
G0 X124.6219 Y94.5583 F27000
G0 Z1 F3600
G1 E0.5 F2700 ; unretract
G1 X145.8351 Y115.7715 E1.01546 F12000 ; pattern
G1 X124.6219 Y136.9847 E1.01546 F12000 ; pattern
G0 X125.1976 Y136.9847 F27000
G1 X146.4108 Y115.7715 E1.01546 F12000 ; pattern
G1 X125.1976 Y94.5583 E1.01546 F12000 ; pattern
G0 X125.7733 Y94.5583 F27000
G1 X146.9865 Y115.7715 E1.01546 F12000 ; pattern
G1 X125.7733 Y136.9847 E1.01546 F12000 ; pattern
SET_PRESSURE_ADVANCE ADVANCE=0.0625 ; pattern 16/23
G1 E-0.5 F2700 ; retract
G0 Z1.2 F3600
G0 X128.2233 Y94.5583 F27000
G0 Z1 F3600
G1 E0.5 F2700 ; unretract
G1 X149.4365 Y115.7715 E1.01546 F12000 ; pattern
G1 X128.2233 Y136.9847 E1.01546 F12000 ; pattern
G0 X128.799 Y136.9847 F27000
G1 X150.0122 Y115.7715 E1.01546 F12000 ; pattern
G1 X128.799 Y94.5583 E1.01546 F12000 ; pattern
G0 X129.3747 Y94.5583 F27000
G1 X150.5879 Y115.7715 E1.01546 F12000 ; pattern
G1 X129.3747 Y136.9847 E1.01546 F12000 ; pattern
SET_PRESSURE_ADVANCE ADVANCE=0.065 ; pattern 17/23
G1 E-0.5 F2700 ; retract
G0 Z1.2 F3600
G0 X131.8247 Y94.5583 F27000
G0 Z1 F3600
G1 E0.5 F2700 ; unretract
G1 X153.0379 Y115.7715 E1.01546 F12000 ; pattern
G1 X131.8247 Y136.9847 E1.01546 F12000 ; pattern
G0 X132.4004 Y136.9847 F27000
G1 X153.6136 Y115.7715 E1.01546 F12000 ; pattern
G1 X132.4004 Y94.5583 E1.01546 F12000 ; pattern
G0 X132.9761 Y94.5583 F27000
G1 X154.1893 Y115.7715 E1.01546 F12000 ; pattern
G1 X132.9761 Y136.9847 E1.01546 F12000 ; pattern
SET_PRESSURE_ADVANCE ADVANCE=0.0675 ; pattern 18/23
G1 E-0.5 F2700 ; retract
G0 Z1.2 F3600
G0 X135.4261 Y94.5583 F27000
G0 Z1 F3600
G1 E0.5 F2700 ; unretract
G1 X156.6393 Y115.7715 E1.01546 F12000 ; pattern
G1 X135.4261 Y136.9847 E1.01546 F12000 ; pattern
G0 X136.0018 Y136.9847 F27000
G1 X157.215 Y115.7715 E1.01546 F12000 ; pattern
G1 X136.0018 Y94.5583 E1.01546 F12000 ; pattern
G0 X136.5775 Y94.5583 F27000
G1 X157.7907 Y115.7715 E1.01546 F12000 ; pattern
G1 X136.5775 Y136.9847 E1.01546 F12000 ; pattern
SET_PRESSURE_ADVANCE ADVANCE=0.07 ; pattern 19/23
G1 E-0.5 F2700 ; retract
G0 Z1.2 F3600
G0 X139.0275 Y94.5583 F27000
G0 Z1 F3600
G1 E0.5 F2700 ; unretract
G1 X160.2407 Y115.7715 E1.01546 F12000 ; pattern
G1 X139.0275 Y136.9847 E1.01546 F12000 ; pattern
G0 X139.6032 Y136.9847 F27000
G1 X160.8164 Y115.7715 E1.01546 F12000 ; pattern
G1 X139.6032 Y94.5583 E1.01546 F12000 ; pattern
G0 X140.1789 Y94.5583 F27000
G1 X161.3921 Y115.7715 E1.01546 F12000 ; pattern
G1 X140.1789 Y136.9847 E1.01546 F12000 ; pattern
SET_PRESSURE_ADVANCE ADVANCE=0.0725 ; pattern 20/23
G1 E-0.5 F2700 ; retract
G0 Z1.2 F3600
G0 X142.6289 Y94.5583 F27000
G0 Z1 F3600
G1 E0.5 F2700 ; unretract
G1 X163.8421 Y115.7715 E1.01546 F12000 ; pattern
G1 X142.6289 Y136.9847 E1.01546 F12000 ; pattern
G0 X143.2046 Y136.9847 F27000
G1 X164.4178 Y115.7715 E1.01546 F12000 ; pattern
G1 X143.2046 Y94.5583 E1.01546 F12000 ; pattern
G0 X143.7803 Y94.5583 F27000
G1 X164.9935 Y115.7715 E1.01546 F12000 ; pattern
G1 X143.7803 Y136.9847 E1.01546 F12000 ; pattern
SET_PRESSURE_ADVANCE ADVANCE=0.075 ; pattern 21/23
G1 E-0.5 F2700 ; retract
G0 Z1.2 F3600
G0 X146.2303 Y94.5583 F27000
G0 Z1 F3600
G1 E0.5 F2700 ; unretract
G1 X167.4435 Y115.7715 E1.01546 F12000 ; pattern
G1 X146.2303 Y136.9847 E1.01546 F12000 ; pattern
G0 X146.806 Y136.9847 F27000
G1 X168.0192 Y115.7715 E1.01546 F12000 ; pattern
G1 X146.806 Y94.5583 E1.01546 F12000 ; pattern
G0 X147.3817 Y94.5583 F27000
G1 X168.5949 Y115.7715 E1.01546 F12000 ; pattern
G1 X147.3817 Y136.9847 E1.01546 F12000 ; pattern
SET_PRESSURE_ADVANCE ADVANCE=0.0775 ; pattern 22/23
G1 E-0.5 F2700 ; retract
G0 Z1.2 F3600
G0 X149.8317 Y94.5583 F27000
G0 Z1 F3600
G1 E0.5 F2700 ; unretract
G1 X171.0449 Y115.7715 E1.01546 F12000 ; pattern
G1 X149.8317 Y136.9847 E1.01546 F12000 ; pattern
G0 X150.4073 Y136.9847 F27000
G1 X171.6206 Y115.7715 E1.01546 F12000 ; pattern
G1 X150.4073 Y94.5583 E1.01546 F12000 ; pattern
G0 X150.983 Y94.5583 F27000
G1 X172.1963 Y115.7715 E1.01546 F12000 ; pattern
G1 X150.983 Y136.9847 E1.01546 F12000 ; pattern
SET_PRESSURE_ADVANCE ADVANCE=0.08 ; pattern 23/23
G1 E-0.5 F2700 ; retract
G0 Z1.2 F3600
G0 X153.433 Y94.5583 F27000
G0 Z1 F3600
G1 E0.5 F2700 ; unretract
G1 X174.6463 Y115.7715 E1.01546 F12000 ; pattern
G1 X153.433 Y136.9847 E1.01546 F12000 ; pattern
G0 X154.0087 Y136.9847 F27000
G1 X175.2219 Y115.7715 E1.01546 F12000 ; pattern
G1 X154.0087 Y94.5583 E1.01546 F12000 ; pattern
G0 X154.5844 Y94.5583 F27000
G1 X175.7976 Y115.7715 E1.01546 F12000 ; pattern
G1 X154.5844 Y136.9847 E1.01546 F12000 ; pattern
SET_PRESSURE_ADVANCE ADVANCE=0.025 ; back to start value
G1 E-0.5 F2700 ; retract
G0 Z6 F3600
M107 ; part fan off
M82 ; restore absolute extrusion
G92 E0
; <<< print_calibration_tool pattern end
EXCLUDE_OBJECT_END NAME='pa_calibration_test'
; Filament-specific end gcode
PRINT_END ;end script from macro
M73 P100 R0
; objects_info = {"objects":[{"name":"pa_calibration_test","polygon":[[70.371,92.727],[179.629,92.727],[179.629,157.273],[70.371,157.273]]}]}
; filament used [mm] = 935.03
; filament used [cm3] = 2.25
; filament used [g] = 2.34
; filament cost = 0.07
; total filament used [g] = 2.34
; total filament cost = 0.07
; total filament used for wipe tower [g] = 0.00
; estimated printing time (normal mode) = 6m 53s
; estimated first layer printing time (normal mode) = 4m 6s

; prusaslicer_config = begin
; arc_fitting = disabled
; autoemit_temperature_commands = 1
; automatic_extrusion_widths = 1
; automatic_infill_combination = 0
; automatic_infill_combination_max_layer_height = 100%
; avoid_crossing_curled_overhangs = 0
; avoid_crossing_perimeters = 0
; avoid_crossing_perimeters_max_detour = 0
; bed_custom_model = C:\\Users\\Michael\\AppData\\Roaming\\PrusaSlicer\\printer\\printbed-v1-250.stl
; bed_custom_texture = C:\\Users\\Michael\\AppData\\Roaming\\PrusaSlicer\\printer\\bedtexture-v1-250.png
; bed_shape = 0x0,250x0,250x250,0x250
; bed_temperature = 100
; bed_temperature_extruder = 0
; before_layer_gcode = ;[layer_z]\n;TIMELAPSE_TAKE_FRAME
; between_objects_gcode = 
; binary_gcode = 0
; bottom_fill_pattern = monotonic
; bottom_solid_layers = 3
; bottom_solid_min_thickness = 0.5
; bridge_acceleration = 1500
; bridge_angle = 0
; bridge_fan_speed = 25
; bridge_flow_ratio = 1
; bridge_speed = 50
; brim_separation = 0.1
; brim_type = outer_only
; brim_width = 0
; chamber_minimal_temperature = 0
; chamber_temperature = 0
; color_change_gcode = M600\nG1 E0.3 F1500 ; prime after color change
; colorprint_heights = 
; compatible_printers_condition_cummulative = ;"printer_notes!~/.*NO_TEMPLATES.*/ and printer_notes!~/.*PRINTER_VENDOR_TRILAB.*/ and printer_notes!~/.*PRINTER_MODEL_MK4IS.*/ and ! (printer_notes=~/.*PRINTER_VENDOR_PRUSA3D.*/ and num_extruders>1)"
; complete_objects = 0
; cooling = 1
; cooling_perimeter_transition_distance = 0
; cooling_slowdown_logic = uniform_cooling
; cooling_tube_length = 5
; cooling_tube_retraction = 91.5
; custom_parameters_filament = ""
; custom_parameters_print = 
; custom_parameters_printer = 
; default_acceleration = 3000
; default_filament_profile = 
; default_print_profile = 
; deretract_speed = 0
; disable_fan_first_layers = 4
; dont_support_bridges = 0
; draft_shield = disabled
; duplicate_distance = 6
; elefant_foot_compensation = 0.2
; enable_dynamic_fan_speeds = 1
; enable_dynamic_overhang_speeds = 1
; end_filament_gcode = "; Filament-specific end gcode"
; end_gcode = PRINT_END ;end script from macro
; ensure_vertical_shell_thickness = enabled
; external_perimeter_acceleration = 2500
; external_perimeter_extrusion_width = 0
; external_perimeter_speed = 150
; external_perimeters_first = 0
; extra_loading_move = -2
; extra_perimeters = 0
; extra_perimeters_on_overhangs = 0
; extruder_clearance_height = 33
; extruder_clearance_radius = 75
; extruder_colour = ""
; extruder_offset = 0x0
; extrusion_axis = E
; extrusion_multiplier = 1
; extrusion_width = 0
; fan_always_on = 0
; fan_below_layer_time = 30
; filament_abrasive = 0
; filament_colour = #FFFFFF
; filament_cooling_final_speed = 2
; filament_cooling_initial_speed = 3
; filament_cooling_moves = 1
; filament_cost = 27.82
; filament_density = 1.04
; filament_deretract_speed = nil
; filament_diameter = 1.75
; filament_flush_speed = 0
; filament_flush_volume = 0
; filament_infill_max_crossing_speed = 0
; filament_infill_max_speed = 0
; filament_load_time = 0
; filament_loading_speed = 14
; filament_loading_speed_start = 19
; filament_max_volumetric_speed = 22
; filament_minimal_purge_on_wipe_tower = 0
; filament_multitool_ramming = 0
; filament_multitool_ramming_flow = 10
; filament_multitool_ramming_volume = 10
; filament_notes = ""
; filament_purge_multiplier = 100%
; filament_ramming_parameters = "120 100 5.70968 6.03226 7 8.25806 9 9.19355 9.3871 9.77419 10.129 10.3226 10.4516 10.5161| 0.05 5.69677 0.45 6.15484 0.95 8.76774 1.45 9.20323 1.95 9.95806 2.45 10.3871 2.95 10.5677 3.45 7.6 3.95 7.6 4.45 7.6 4.95 7.6"
; filament_retract_before_travel = nil
; filament_retract_before_wipe = nil
; filament_retract_layer_change = nil
; filament_retract_length = nil
; filament_retract_length_toolchange = nil
; filament_retract_lift = nil
; filament_retract_lift_above = nil
; filament_retract_lift_below = nil
; filament_retract_restart_extra = nil
; filament_retract_restart_extra_toolchange = nil
; filament_retract_speed = nil
; filament_seam_gap_distance = nil
; filament_settings_id = "ABS v - TitanX - white - CHT 0.4"
; filament_shrinkage_compensation_xy = 0%
; filament_shrinkage_compensation_z = 0%
; filament_soluble = 0
; filament_spool_weight = 0
; filament_stamping_distance = 0
; filament_stamping_loading_speed = 20
; filament_toolchange_delay = 0
; filament_travel_lift_before_obstacle = nil
; filament_travel_max_lift = nil
; filament_travel_ramping_lift = nil
; filament_travel_slope = nil
; filament_type = ABS
; filament_unload_time = 0
; filament_unloading_speed = 20
; filament_unloading_speed_start = 100
; filament_vendor = Generic
; filament_wipe = nil
; fill_angle = 45
; fill_density = 40%
; fill_pattern = cubic
; first_layer_acceleration = 500
; first_layer_acceleration_over_raft = 0
; first_layer_bed_temperature = 100
; first_layer_extrusion_width = 0
; first_layer_height = 0.2
; first_layer_infill_speed = 100
; first_layer_speed = 45
; first_layer_speed_over_raft = 30
; first_layer_temperature = 260
; full_fan_speed_layer = 0
; fuzzy_skin = none
; fuzzy_skin_point_dist = 0.8
; fuzzy_skin_thickness = 0.3
; gap_fill_enabled = 1
; gap_fill_speed = 120
; gcode_comments = 0
; gcode_flavor = klipper
; gcode_label_objects = firmware
; gcode_resolution = 0.008
; gcode_substitutions = 
; high_current_on_filament_swap = 0
; host_type = prusalink
; idle_temperature = nil
; infill_acceleration = 5000
; infill_anchor = 2
; infill_anchor_max = 12
; infill_every_layers = 1
; infill_extruder = 1
; infill_extrusion_width = 0
; infill_first = 0
; infill_overlap = 15%
; infill_speed = 250
; inherits_cummulative = ;"Generic ABS @Template";
; interface_shells = 0
; interlocking_beam = 0
; interlocking_beam_layer_count = 2
; interlocking_beam_width = 0.8
; interlocking_boundary_avoidance = 2
; interlocking_depth = 2
; interlocking_orientation = 22.5
; ironing = 0
; ironing_flowrate = 15%
; ironing_spacing = 0.1
; ironing_speed = 15
; ironing_type = top
; layer_gcode = ;AFTER_LAYER_CHANGE\n;[layer_z]
; layer_height = 0.2
; machine_limits_usage = time_estimate_only
; machine_max_acceleration_e = 4500,2000
; machine_max_acceleration_extruding = 3000,1500
; machine_max_acceleration_retracting = 3000,1500
; machine_max_acceleration_travel = 1500,1250
; machine_max_acceleration_x = 6500,3000
; machine_max_acceleration_y = 6500,3000
; machine_max_acceleration_z = 2500,1500
; machine_max_feedrate_e = 120,120
; machine_max_feedrate_x = 450,300
; machine_max_feedrate_y = 450,300
; machine_max_feedrate_z = 80,40
; machine_max_jerk_e = 10,10
; machine_max_jerk_x = 10,8
; machine_max_jerk_y = 10,8
; machine_max_jerk_z = 2,2
; machine_max_junction_deviation = 0,0
; machine_min_extruding_rate = 0,0
; machine_min_travel_rate = 0,0
; max_fan_speed = 15
; max_layer_height = 0.3
; max_print_height = 210
; max_print_speed = 300
; max_volumetric_extrusion_rate_slope_negative = 0
; max_volumetric_extrusion_rate_slope_positive = 0
; max_volumetric_speed = 0
; min_bead_width = 85%
; min_fan_speed = 15
; min_feature_size = 25%
; min_layer_height = 0.1
; min_print_speed = 15
; min_skirt_length = 4
; mmu_segmented_region_interlocking_depth = 0
; mmu_segmented_region_max_width = 0
; multimaterial_purging = 140
; notes = 
; nozzle_diameter = 0.4
; nozzle_high_flow = 1
; only_one_perimeter_first_layer = 0
; only_retract_when_crossing_perimeters = 0
; ooze_prevention = 0
; output_filename_format = {input_filename_base}_{nozzle_diameter[0]}n_{layer_height}mm_{printing_filament_types}_{printer_model}_{print_time}.gcode
; over_bridge_speed = 0
; overhang_fan_speed_0 = 15
; overhang_fan_speed_1 = 15
; overhang_fan_speed_2 = 30
; overhang_fan_speed_3 = 60
; overhang_speed_0 = 15
; overhang_speed_1 = 25
; overhang_speed_2 = 50
; overhang_speed_3 = 70%
; overhangs = 1
; parking_pos_retraction = 92
; pause_print_gcode = PAUSE
; perimeter_acceleration = 3000
; perimeter_extruder = 1
; perimeter_extrusion_width = 0
; perimeter_generator = arachne
; perimeter_speed = 200
; perimeters = 3
; physical_printer_settings_id = JokeLedgeVoron
; post_process = 
; prefer_clockwise_movements = 0
; print_settings_id = 0.20mm BALANCED
; printer_model = 
; printer_notes = 
; printer_settings_id = Voron 0.4mm CHT
; printer_technology = FFF
; printer_variant = 
; printer_vendor = 
; raft_contact_distance = 0.15
; raft_expansion = 1.5
; raft_first_layer_density = 90%
; raft_first_layer_expansion = 3
; raft_layers = 0
; remaining_times = 1
; resolution = 0
; retract_before_travel = 1.5
; retract_before_wipe = 80%
; retract_layer_change = 1
; retract_length = 0.5
; retract_length_toolchange = 10
; retract_lift = 0.2
; retract_lift_above = 0
; retract_lift_below = 190
; retract_restart_extra = 0
; retract_restart_extra_toolchange = 0
; retract_speed = 45
; scarf_seam_entire_loop = 0
; scarf_seam_length = 20
; scarf_seam_max_segment_length = 1
; scarf_seam_on_inner_perimeters = 0
; scarf_seam_only_on_smooth = 1
; scarf_seam_placement = nowhere
; scarf_seam_start_height = 0%
; seam_gap_distance = 15%
; seam_position = aligned
; silent_mode = 1
; single_extruder_multi_material = 0
; single_extruder_multi_material_priming = 0
; skirt_distance = 6
; skirt_height = 1
; skirts = 0
; slice_closing_radius = 0.049
; slicing_mode = regular
; slowdown_below_layer_time = 20
; small_perimeter_speed = 150
; solid_infill_acceleration = 5000
; solid_infill_below_area = 0
; solid_infill_every_layers = 0
; solid_infill_extruder = 1
; solid_infill_extrusion_width = 0
; solid_infill_speed = 150
; spiral_vase = 0
; staggered_inner_seams = 0
; standby_temperature_delta = -5
; start_filament_gcode = "; Filament gcode\n;SET_PRESSURE_ADVANCE ADVANCE=0.035"
; start_gcode = M104 S0 ; Stops SuperSlicer from sending temp waits separately\nM140 S0\nM117\nPRINT_START EXTRUDER={first_layer_temperature[initial_extruder]} BED=[first_layer_bed_temperature] CHAMBER=[chamber_temperature] FILAMENT_TYPE=[filament_type] NOZZLE_DIAMETER={nozzle_diameter[0]}\n
; support_material = 0
; support_material_angle = 0
; support_material_auto = 1
; support_material_bottom_contact_distance = 0.2
; support_material_bottom_interface_layers = 0
; support_material_buildplate_only = 0
; support_material_closing_radius = 2
; support_material_contact_distance = 0.2
; support_material_enforce_layers = 0
; support_material_extruder = 0
; support_material_extrusion_width = 0
; support_material_interface_contact_loops = 0
; support_material_interface_extruder = 0
; support_material_interface_layers = 3
; support_material_interface_pattern = auto
; support_material_interface_spacing = 0
; support_material_interface_speed = 50
; support_material_pattern = rectilinear
; support_material_spacing = 2.5
; support_material_speed = 60
; support_material_style = grid
; support_material_synchronize_layers = 0
; support_material_threshold = 0
; support_material_with_sheath = 1
; support_material_xy_spacing = 50%
; support_tree_angle = 40
; support_tree_angle_slow = 25
; support_tree_branch_diameter = 2
; support_tree_branch_diameter_angle = 5
; support_tree_branch_diameter_double_wall = 3
; support_tree_branch_distance = 1
; support_tree_tip_diameter = 0.8
; support_tree_top_rate = 15%
; temperature = 260
; template_custom_gcode = 
; thick_bridges = 0
; thin_walls = 0
; thumbnails = 16x16/QOI, 313x173/QOI, 480x240/QOI, 32x32/PNG, 380x285/PNG
; thumbnails_format = QOI
; toolchange_gcode = 
; toolchange_ordering = optimized
; top_fill_pattern = monotoniclines
; top_infill_extrusion_width = 0
; top_one_perimeter_type = top
; top_solid_infill_acceleration = 2000
; top_solid_infill_speed = 100
; top_solid_layers = 5
; top_solid_min_thickness = 0.7
; travel_acceleration = 7000
; travel_lift_before_obstacle = 0
; travel_max_lift = 1.5
; travel_ramping_lift = 1
; travel_short_distance_acceleration = 250
; travel_slope = 1
; travel_speed = 450
; travel_speed_z = 60
; use_firmware_retraction = 0
; use_relative_e_distances = 0
; use_volumetric_e = 0
; variable_layer_height = 1
; wall_distribution_count = 1
; wall_transition_angle = 10
; wall_transition_filter_deviation = 25%
; wall_transition_length = 100%
; wipe = 0
; wipe_into_infill = 0
; wipe_into_objects = 0
; wipe_tower = 0
; wipe_tower_acceleration = 0
; wipe_tower_bridging = 10
; wipe_tower_brim_width = 2
; wipe_tower_cone_angle = 25
; wipe_tower_extra_flow = 250%
; wipe_tower_extra_spacing = 110%
; wipe_tower_extruder = 0
; wipe_tower_no_sparse_layers = 0
; wipe_tower_width = 60
; wiping_volumes_matrix = 0
; wiping_volumes_use_custom_matrix = 0
; xy_size_compensation = 0
; z_offset = 0
; prusaslicer_config = end

