; ============================================================
; Pressure Advance calibration pattern
; generated by Print Calibration Tool (Ellis-style chevron pattern)
; ============================================================
; bed = 250x250
; first_layer_height = 0.2
; layer_height = 0.2
; layers = 9
; anchor = none
; print_numbers = 1
; pa_start = 0
; pa_end = 0.3
; pa_step = 0.02
; pa_values = 0,0.02,0.04,0.06,0.08,0.1,0.12,0.14,0.16,0.18,0.2,0.22,0.24,0.26,0.28,0.3
; relative_e = 0
; gcode_flavor = klipper
; extrusion_width = 0.45
; anchor_width = 0.56
; filament_diameter = 1.75
; extrusion_multiplier = 1
; acceleration_print = 3000
; acceleration_first_layer = 500
; acceleration_restore = 3000
; pattern_size = 79.68x58.33 mm
; pattern_origin = 85.16,95.83
; speed_pattern = 200 mm/s
; speed_first_layer = 45 mm/s
; estimated_time_s = 301
; filament_mm = 885.86
; ------------------------------------------------------------
; generated by PrusaSlicer 2.9.6 on 2026-08-17 at 13:52:10 UTC


;
;

;
;

;
;

;
;

;
;
; 

; external perimeters extrusion width = 0.45mm
; perimeters extrusion width = 0.45mm
; infill extrusion width = 0.45mm
; solid infill extrusion width = 0.45mm
; top infill extrusion width = 0.40mm

M73 P0 R5

EXCLUDE_OBJECT_DEFINE NAME='pa_calibration_test' CENTER=125,125 POLYGON=[[85.158,95.833],[164.842,95.833],[164.842,154.167],[85.158,154.167]]

M104 S0 ; Stops SuperSlicer from sending temp waits separately
M140 S0
M117
PRINT_START EXTRUDER=260 BED=100 CHAMBER=0 FILAMENT_TYPE=ABS NOZZLE_DIAMETER=0.4
G21 ; set units to millimeters
G90 ; use absolute coordinates
M82 ; use absolute distances for extrusion
G92 E0
; Filament gcode
;SET_PRESSURE_ADVANCE ADVANCE=0.035
M107
EXCLUDE_OBJECT_START NAME='pa_calibration_test'
; >>> print_calibration_tool pattern begin
G21 ; millimeters
G90 ; absolute positioning
M83 ; relative extrusion
G92 E0
M106 S0 ; fan
SET_VELOCITY_LIMIT ACCEL=500 ; acceleration for the test
G1 E-0.5 F2700 ; retract
G0 Z5 F3600
G0 X86.8072 Y96.0583 F27000
G0 Z0.2 F3600
SET_PRESSURE_ADVANCE ADVANCE=0 ; start value
SET_PRINT_STATS_INFO TOTAL_LAYER=9
;LAYER_CHANGE
;Z:0.2
;HEIGHT:0.2
SET_PRINT_STATS_INFO CURRENT_LAYER=1
; pa value labels
;TYPE:Top solid infill
SET_PRESSURE_ADVANCE ADVANCE=0 ; reset for labels
G0 Z0.4 F3600
G0 X85.3829 Y139.8917 F27000
G0 Z0.2 F3600
G1 E0.5 F2700 ; unretract
G1 X87.3829 Y139.8917 E0.0677 F2700 ; glyph
G1 X89.3829 Y139.8917 E0.0677 F2700 ; glyph
G1 X89.3829 Y141.8917 E0.0677 F2700 ; glyph
G1 X87.3829 Y141.8917 E0.0677 F2700 ; glyph
G1 X85.3829 Y141.8917 E0.0677 F2700 ; glyph
G1 X85.3829 Y139.8917 E0.0677 F2700 ; glyph
G1 E-0.5 F2700 ; retract
G0 Z0.4 F3600
G0 X92.5857 Y139.8917 F27000
G0 Z0.2 F3600
G1 E0.5 F2700 ; unretract
G1 X94.5857 Y139.8917 E0.0677 F2700 ; glyph
G1 X96.5857 Y139.8917 E0.0677 F2700 ; glyph
G1 X96.5857 Y141.8917 E0.0677 F2700 ; glyph
G1 X94.5857 Y141.8917 E0.0677 F2700 ; glyph
G1 X92.5857 Y141.8917 E0.0677 F2700 ; glyph
G1 X92.5857 Y139.8917 E0.0677 F2700 ; glyph
G1 E-0.5 F2700 ; retract
G0 Z0.4 F3600
G0 X96.5857 Y142.8917 F27000
G0 Z0.2 F3600
G1 E0.5 F2700 ; unretract
G1 X95.8357 Y142.8917 E0.02539 F2700 ; glyph
G1 E-0.5 F2700 ; retract
G0 Z0.4 F3600
G0 X92.5857 Y143.8917 F27000
G0 Z0.2 F3600
G1 E0.5 F2700 ; unretract
G1 X94.5857 Y143.8917 E0.0677 F2700 ; glyph
G1 X96.5857 Y143.8917 E0.0677 F2700 ; glyph
G1 X96.5857 Y145.8917 E0.0677 F2700 ; glyph
G1 X94.5857 Y145.8917 E0.0677 F2700 ; glyph
G1 X92.5857 Y145.8917 E0.0677 F2700 ; glyph
G1 X92.5857 Y143.8917 E0.0677 F2700 ; glyph
G1 E-0.5 F2700 ; retract
G0 Z0.4 F3600
G0 X92.5857 Y148.8917 F27000
G0 Z0.2 F3600
G1 E0.5 F2700 ; unretract
G1 X94.5857 Y148.8917 E0.0677 F2700 ; glyph
G1 X96.5857 Y148.8917 E0.0677 F2700 ; glyph
G0 X94.5857 Y148.8917 F27000
G1 X94.5857 Y146.8917 E0.0677 F2700 ; glyph
G1 X92.5857 Y146.8917 E0.0677 F2700 ; glyph
G1 E-0.5 F2700 ; retract
G0 Z0.4 F3600
G0 X99.7885 Y139.8917 F27000
G0 Z0.2 F3600
G1 E0.5 F2700 ; unretract
G1 X101.7885 Y139.8917 E0.0677 F2700 ; glyph
G1 X103.7885 Y139.8917 E0.0677 F2700 ; glyph
G1 X103.7885 Y141.8917 E0.0677 F2700 ; glyph
G1 X101.7885 Y141.8917 E0.0677 F2700 ; glyph
G1 X99.7885 Y141.8917 E0.0677 F2700 ; glyph
G1 X99.7885 Y139.8917 E0.0677 F2700 ; glyph
G1 E-0.5 F2700 ; retract
G0 Z0.4 F3600
G0 X103.7885 Y142.8917 F27000
G0 Z0.2 F3600
G1 E0.5 F2700 ; unretract
G1 X103.0385 Y142.8917 E0.02539 F2700 ; glyph
G1 E-0.5 F2700 ; retract
G0 Z0.4 F3600
G0 X99.7885 Y143.8917 F27000
G0 Z0.2 F3600
G1 E0.5 F2700 ; unretract
G1 X101.7885 Y143.8917 E0.0677 F2700 ; glyph
G1 X103.7885 Y143.8917 E0.0677 F2700 ; glyph
G1 X103.7885 Y145.8917 E0.0677 F2700 ; glyph
G1 X101.7885 Y145.8917 E0.0677 F2700 ; glyph
G1 X99.7885 Y145.8917 E0.0677 F2700 ; glyph
G1 X99.7885 Y143.8917 E0.0677 F2700 ; glyph
G1 E-0.5 F2700 ; retract
G0 Z0.4 F3600
G0 X99.7885 Y146.8917 F27000
G0 Z0.2 F3600
G1 E0.5 F2700 ; unretract
G1 X101.7885 Y146.8917 E0.0677 F2700 ; glyph
G1 X103.7885 Y146.8917 E0.0677 F2700 ; glyph
G1 X103.7885 Y148.8917 E0.0677 F2700 ; glyph
G1 X101.7885 Y148.8917 E0.0677 F2700 ; glyph
G1 X99.7885 Y148.8917 E0.0677 F2700 ; glyph
G1 X99.7885 Y146.8917 E0.0677 F2700 ; glyph
G0 X101.7885 Y146.8917 F27000
G1 X101.7885 Y148.8917 E0.0677 F2700 ; glyph
G1 E-0.5 F2700 ; retract
G0 Z0.4 F3600
G0 X106.9913 Y139.8917 F27000
G0 Z0.2 F3600
G1 E0.5 F2700 ; unretract
G1 X108.9913 Y139.8917 E0.0677 F2700 ; glyph
G1 X110.9913 Y139.8917 E0.0677 F2700 ; glyph
G1 X110.9913 Y141.8917 E0.0677 F2700 ; glyph
G1 X108.9913 Y141.8917 E0.0677 F2700 ; glyph
G1 X106.9913 Y141.8917 E0.0677 F2700 ; glyph
G1 X106.9913 Y139.8917 E0.0677 F2700 ; glyph
G1 E-0.5 F2700 ; retract
G0 Z0.4 F3600
G0 X110.9913 Y142.8917 F27000
G0 Z0.2 F3600
G1 E0.5 F2700 ; unretract
G1 X110.2413 Y142.8917 E0.02539 F2700 ; glyph
G1 E-0.5 F2700 ; retract
G0 Z0.4 F3600
G0 X106.9913 Y143.8917 F27000
G0 Z0.2 F3600
G1 E0.5 F2700 ; unretract
G1 X108.9913 Y143.8917 E0.0677 F2700 ; glyph
G1 X110.9913 Y143.8917 E0.0677 F2700 ; glyph
G1 E-0.5 F2700 ; retract
G0 Z0.4 F3600
G0 X106.9913 Y144.8917 F27000
G0 Z0.2 F3600
G1 E0.5 F2700 ; unretract
G1 X106.9913 Y146.8917 E0.0677 F2700 ; glyph
G1 X108.9913 Y146.8917 E0.0677 F2700 ; glyph
G1 X108.9913 Y144.8917 E0.0677 F2700 ; glyph
G1 X110.9913 Y144.8917 E0.0677 F2700 ; glyph
G1 X110.9913 Y146.8917 E0.0677 F2700 ; glyph
G1 E-0.5 F2700 ; retract
G0 Z0.4 F3600
G0 X114.1941 Y139.8917 F27000
G0 Z0.2 F3600
G1 E0.5 F2700 ; unretract
G1 X116.1941 Y139.8917 E0.0677 F2700 ; glyph
G1 X118.1941 Y139.8917 E0.0677 F2700 ; glyph
G1 X118.1941 Y141.8917 E0.0677 F2700 ; glyph
G1 X116.1941 Y141.8917 E0.0677 F2700 ; glyph
G1 X114.1941 Y141.8917 E0.0677 F2700 ; glyph
G1 X114.1941 Y139.8917 E0.0677 F2700 ; glyph
G1 E-0.5 F2700 ; retract
G0 Z0.4 F3600
G0 X118.1941 Y142.8917 F27000
G0 Z0.2 F3600
G1 E0.5 F2700 ; unretract
G1 X117.4441 Y142.8917 E0.02539 F2700 ; glyph
G1 E-0.5 F2700 ; retract
G0 Z0.4 F3600
G0 X114.1941 Y143.8917 F27000
G0 Z0.2 F3600
G1 E0.5 F2700 ; unretract
G1 X116.1941 Y143.8917 E0.0677 F2700 ; glyph
G1 X118.1941 Y143.8917 E0.0677 F2700 ; glyph
G1 E-0.5 F2700 ; retract
G0 Z0.4 F3600
G0 X114.1941 Y146.8917 F27000
G0 Z0.2 F3600
G1 E0.5 F2700 ; unretract
G1 X114.1941 Y144.8917 E0.0677 F2700 ; glyph
G1 X116.1941 Y144.8917 E0.0677 F2700 ; glyph
G1 X118.1941 Y144.8917 E0.0677 F2700 ; glyph
G1 X118.1941 Y146.8917 E0.0677 F2700 ; glyph
G1 X116.1941 Y146.8917 E0.0677 F2700 ; glyph
G1 X116.1941 Y144.8917 E0.0677 F2700 ; glyph
G1 E-0.5 F2700 ; retract
G0 Z0.4 F3600
G0 X121.3969 Y139.8917 F27000
G0 Z0.2 F3600
G1 E0.5 F2700 ; unretract
G1 X123.3969 Y139.8917 E0.0677 F2700 ; glyph
G1 X125.3969 Y139.8917 E0.0677 F2700 ; glyph
G1 X125.3969 Y141.8917 E0.0677 F2700 ; glyph
G1 X123.3969 Y141.8917 E0.0677 F2700 ; glyph
G1 X121.3969 Y141.8917 E0.0677 F2700 ; glyph
G1 X121.3969 Y139.8917 E0.0677 F2700 ; glyph
G1 E-0.5 F2700 ; retract
G0 Z0.4 F3600
G0 X125.3969 Y142.8917 F27000
G0 Z0.2 F3600
G1 E0.5 F2700 ; unretract
G1 X124.6469 Y142.8917 E0.02539 F2700 ; glyph
G1 E-0.5 F2700 ; retract
G0 Z0.4 F3600
G0 X121.3969 Y143.8917 F27000
G0 Z0.2 F3600
G1 E0.5 F2700 ; unretract
G1 X121.3969 Y145.8917 E0.0677 F2700 ; glyph
G1 X123.3969 Y145.8917 E0.0677 F2700 ; glyph
G1 X123.3969 Y143.8917 E0.0677 F2700 ; glyph
G1 X125.3969 Y143.8917 E0.0677 F2700 ; glyph
G1 X125.3969 Y145.8917 E0.0677 F2700 ; glyph
G1 E-0.5 F2700 ; retract
G0 Z0.4 F3600
G0 X128.5997 Y139.8917 F27000
G0 Z0.2 F3600
G1 E0.5 F2700 ; unretract
G1 X130.5997 Y139.8917 E0.0677 F2700 ; glyph
G1 X132.5997 Y139.8917 E0.0677 F2700 ; glyph
G1 X132.5997 Y141.8917 E0.0677 F2700 ; glyph
G1 X130.5997 Y141.8917 E0.0677 F2700 ; glyph
G1 X128.5997 Y141.8917 E0.0677 F2700 ; glyph
G1 X128.5997 Y139.8917 E0.0677 F2700 ; glyph
G1 E-0.5 F2700 ; retract
G0 Z0.4 F3600
G0 X132.5997 Y142.8917 F27000
G0 Z0.2 F3600
G1 E0.5 F2700 ; unretract
G1 X131.8497 Y142.8917 E0.02539 F2700 ; glyph
G1 E-0.5 F2700 ; retract
G0 Z0.4 F3600
G0 X128.5997 Y143.8917 F27000
G0 Z0.2 F3600
G1 E0.5 F2700 ; unretract
G1 X128.5997 Y145.8917 E0.0677 F2700 ; glyph
G1 X130.5997 Y145.8917 E0.0677 F2700 ; glyph
G1 X130.5997 Y143.8917 E0.0677 F2700 ; glyph
G1 X132.5997 Y143.8917 E0.0677 F2700 ; glyph
G1 X132.5997 Y145.8917 E0.0677 F2700 ; glyph
G1 E-0.5 F2700 ; retract
G0 Z0.4 F3600
G0 X128.5997 Y148.8917 F27000
G0 Z0.2 F3600
G1 E0.5 F2700 ; unretract
G1 X130.5997 Y148.8917 E0.0677 F2700 ; glyph
G1 X132.5997 Y148.8917 E0.0677 F2700 ; glyph
G0 X130.5997 Y148.8917 F27000
G1 X130.5997 Y146.8917 E0.0677 F2700 ; glyph
G1 X128.5997 Y146.8917 E0.0677 F2700 ; glyph
G1 E-0.5 F2700 ; retract
G0 Z0.4 F3600
G0 X135.8025 Y139.8917 F27000
G0 Z0.2 F3600
G1 E0.5 F2700 ; unretract
G1 X137.8025 Y139.8917 E0.0677 F2700 ; glyph
G1 X139.8025 Y139.8917 E0.0677 F2700 ; glyph
G1 X139.8025 Y141.8917 E0.0677 F2700 ; glyph
G1 X137.8025 Y141.8917 E0.0677 F2700 ; glyph
G1 X135.8025 Y141.8917 E0.0677 F2700 ; glyph
G1 X135.8025 Y139.8917 E0.0677 F2700 ; glyph
G1 E-0.5 F2700 ; retract
G0 Z0.4 F3600
G0 X139.8025 Y142.8917 F27000
G0 Z0.2 F3600
G1 E0.5 F2700 ; unretract
G1 X139.0525 Y142.8917 E0.02539 F2700 ; glyph
G1 E-0.5 F2700 ; retract
G0 Z0.4 F3600
G0 X135.8025 Y143.8917 F27000
G0 Z0.2 F3600
G1 E0.5 F2700 ; unretract
G1 X135.8025 Y145.8917 E0.0677 F2700 ; glyph
G1 X137.8025 Y145.8917 E0.0677 F2700 ; glyph
G1 X137.8025 Y143.8917 E0.0677 F2700 ; glyph
G1 X139.8025 Y143.8917 E0.0677 F2700 ; glyph
G1 X139.8025 Y145.8917 E0.0677 F2700 ; glyph
G1 E-0.5 F2700 ; retract
G0 Z0.4 F3600
G0 X135.8025 Y146.8917 F27000
G0 Z0.2 F3600
G1 E0.5 F2700 ; unretract
G1 X137.8025 Y146.8917 E0.0677 F2700 ; glyph
G1 X139.8025 Y146.8917 E0.0677 F2700 ; glyph
G1 X139.8025 Y148.8917 E0.0677 F2700 ; glyph
G1 X137.8025 Y148.8917 E0.0677 F2700 ; glyph
G1 X135.8025 Y148.8917 E0.0677 F2700 ; glyph
G1 X135.8025 Y146.8917 E0.0677 F2700 ; glyph
G0 X137.8025 Y146.8917 F27000
G1 X137.8025 Y148.8917 E0.0677 F2700 ; glyph
; scale ticks
G1 E-0.5 F2700 ; retract
G0 Z0.4 F3600
G0 X87.3829 Y150.8917 F27000
G0 Z0.2 F3600
G1 E0.5 F2700 ; unretract
G1 X87.3829 Y153.3917 E0.08462 F2700 ; glyph
G1 E-0.5 F2700 ; retract
G0 Z0.4 F3600
G0 X90.9843 Y150.8917 F27000
G0 Z0.2 F3600
G1 E0.5 F2700 ; unretract
G1 X90.9843 Y151.8917 E0.03385 F2700 ; glyph
G1 E-0.5 F2700 ; retract
G0 Z0.4 F3600
G0 X94.5857 Y150.8917 F27000
G0 Z0.2 F3600
G1 E0.5 F2700 ; unretract
G1 X94.5857 Y151.8917 E0.03385 F2700 ; glyph
G1 E-0.5 F2700 ; retract
G0 Z0.4 F3600
G0 X98.1871 Y150.8917 F27000
G0 Z0.2 F3600
G1 E0.5 F2700 ; unretract
G1 X98.1871 Y151.8917 E0.03385 F2700 ; glyph
G1 E-0.5 F2700 ; retract
G0 Z0.4 F3600
G0 X101.7885 Y150.8917 F27000
G0 Z0.2 F3600
G1 E0.5 F2700 ; unretract
G1 X101.7885 Y151.8917 E0.03385 F2700 ; glyph
G1 E-0.5 F2700 ; retract
G0 Z0.4 F3600
G0 X105.3899 Y150.8917 F27000
G0 Z0.2 F3600
G1 E0.5 F2700 ; unretract
G1 X105.3899 Y153.3917 E0.08462 F2700 ; glyph
G1 E-0.5 F2700 ; retract
G0 Z0.4 F3600
G0 X108.9913 Y150.8917 F27000
G0 Z0.2 F3600
G1 E0.5 F2700 ; unretract
G1 X108.9913 Y151.8917 E0.03385 F2700 ; glyph
G1 E-0.5 F2700 ; retract
G0 Z0.4 F3600
G0 X112.5927 Y150.8917 F27000
G0 Z0.2 F3600
G1 E0.5 F2700 ; unretract
G1 X112.5927 Y151.8917 E0.03385 F2700 ; glyph
G1 E-0.5 F2700 ; retract
G0 Z0.4 F3600
G0 X116.1941 Y150.8917 F27000
G0 Z0.2 F3600
G1 E0.5 F2700 ; unretract
G1 X116.1941 Y151.8917 E0.03385 F2700 ; glyph
G1 E-0.5 F2700 ; retract
G0 Z0.4 F3600
G0 X119.7955 Y150.8917 F27000
G0 Z0.2 F3600
G1 E0.5 F2700 ; unretract
G1 X119.7955 Y151.8917 E0.03385 F2700 ; glyph
G1 E-0.5 F2700 ; retract
G0 Z0.4 F3600
G0 X123.3969 Y150.8917 F27000
G0 Z0.2 F3600
G1 E0.5 F2700 ; unretract
G1 X123.3969 Y153.3917 E0.08462 F2700 ; glyph
G1 E-0.5 F2700 ; retract
G0 Z0.4 F3600
G0 X126.9983 Y150.8917 F27000
G0 Z0.2 F3600
G1 E0.5 F2700 ; unretract
G1 X126.9983 Y151.8917 E0.03385 F2700 ; glyph
G1 E-0.5 F2700 ; retract
G0 Z0.4 F3600
G0 X130.5997 Y150.8917 F27000
G0 Z0.2 F3600
G1 E0.5 F2700 ; unretract
G1 X130.5997 Y151.8917 E0.03385 F2700 ; glyph
G1 E-0.5 F2700 ; retract
G0 Z0.4 F3600
G0 X134.2011 Y150.8917 F27000
G0 Z0.2 F3600
G1 E0.5 F2700 ; unretract
G1 X134.2011 Y151.8917 E0.03385 F2700 ; glyph
G1 E-0.5 F2700 ; retract
G0 Z0.4 F3600
G0 X137.8025 Y150.8917 F27000
G0 Z0.2 F3600
G1 E0.5 F2700 ; unretract
G1 X137.8025 Y151.8917 E0.03385 F2700 ; glyph
G1 E-0.5 F2700 ; retract
G0 Z0.4 F3600
G0 X141.4039 Y150.8917 F27000
G0 Z0.2 F3600
G1 E0.5 F2700 ; unretract
G1 X141.4039 Y153.3917 E0.08462 F2700 ; glyph
;TYPE:External perimeter
SET_PRESSURE_ADVANCE ADVANCE=0 ; pattern 1/16
G1 E-0.5 F2700 ; retract
G0 Z0.4 F3600
G0 X86.8072 Y96.0583 F27000
G0 Z0.2 F3600
G1 E0.5 F2700 ; unretract
G1 X108.0204 Y117.2715 E1.01546 F2700 ; pattern
G1 X86.8072 Y138.4847 E1.01546 F2700 ; pattern
G0 X87.3829 Y138.4847 F27000
G1 X108.5961 Y117.2715 E1.01546 F2700 ; pattern
G1 X87.3829 Y96.0583 E1.01546 F2700 ; pattern
G0 X87.9586 Y96.0583 F27000
G1 X109.1718 Y117.2715 E1.01546 F2700 ; pattern
G1 X87.9586 Y138.4847 E1.01546 F2700 ; pattern
SET_PRESSURE_ADVANCE ADVANCE=0.02 ; pattern 2/16
G1 E-0.5 F2700 ; retract
G0 Z0.4 F3600
G0 X90.4086 Y96.0583 F27000
G0 Z0.2 F3600
G1 E0.5 F2700 ; unretract
G1 X111.6218 Y117.2715 E1.01546 F2700 ; pattern
G1 X90.4086 Y138.4847 E1.01546 F2700 ; pattern
G0 X90.9843 Y138.4847 F27000
G1 X112.1975 Y117.2715 E1.01546 F2700 ; pattern
G1 X90.9843 Y96.0583 E1.01546 F2700 ; pattern
G0 X91.56 Y96.0583 F27000
G1 X112.7732 Y117.2715 E1.01546 F2700 ; pattern
G1 X91.56 Y138.4847 E1.01546 F2700 ; pattern
SET_PRESSURE_ADVANCE ADVANCE=0.04 ; pattern 3/16
G1 E-0.5 F2700 ; retract
G0 Z0.4 F3600
G0 X94.01 Y96.0583 F27000
G0 Z0.2 F3600
G1 E0.5 F2700 ; unretract
G1 X115.2232 Y117.2715 E1.01546 F2700 ; pattern
G1 X94.01 Y138.4847 E1.01546 F2700 ; pattern
G0 X94.5857 Y138.4847 F27000
G1 X115.7989 Y117.2715 E1.01546 F2700 ; pattern
G1 X94.5857 Y96.0583 E1.01546 F2700 ; pattern
G0 X95.1614 Y96.0583 F27000
G1 X116.3746 Y117.2715 E1.01546 F2700 ; pattern
G1 X95.1614 Y138.4847 E1.01546 F2700 ; pattern
SET_PRESSURE_ADVANCE ADVANCE=0.06 ; pattern 4/16
G1 E-0.5 F2700 ; retract
G0 Z0.4 F3600
G0 X97.6114 Y96.0583 F27000
G0 Z0.2 F3600
G1 E0.5 F2700 ; unretract
G1 X118.8246 Y117.2715 E1.01546 F2700 ; pattern
G1 X97.6114 Y138.4847 E1.01546 F2700 ; pattern
G0 X98.1871 Y138.4847 F27000
G1 X119.4003 Y117.2715 E1.01546 F2700 ; pattern
G1 X98.1871 Y96.0583 E1.01546 F2700 ; pattern
G0 X98.7628 Y96.0583 F27000
G1 X119.976 Y117.2715 E1.01546 F2700 ; pattern
G1 X98.7628 Y138.4847 E1.01546 F2700 ; pattern
SET_PRESSURE_ADVANCE ADVANCE=0.08 ; pattern 5/16
G1 E-0.5 F2700 ; retract
G0 Z0.4 F3600
G0 X101.2128 Y96.0583 F27000
G0 Z0.2 F3600
G1 E0.5 F2700 ; unretract
G1 X122.426 Y117.2715 E1.01546 F2700 ; pattern
G1 X101.2128 Y138.4847 E1.01546 F2700 ; pattern
G0 X101.7885 Y138.4847 F27000
G1 X123.0017 Y117.2715 E1.01546 F2700 ; pattern
G1 X101.7885 Y96.0583 E1.01546 F2700 ; pattern
G0 X102.3642 Y96.0583 F27000
G1 X123.5774 Y117.2715 E1.01546 F2700 ; pattern
G1 X102.3642 Y138.4847 E1.01546 F2700 ; pattern
SET_PRESSURE_ADVANCE ADVANCE=0.1 ; pattern 6/16
G1 E-0.5 F2700 ; retract
G0 Z0.4 F3600
G0 X104.8142 Y96.0583 F27000
G0 Z0.2 F3600
G1 E0.5 F2700 ; unretract
G1 X126.0274 Y117.2715 E1.01546 F2700 ; pattern
G1 X104.8142 Y138.4847 E1.01546 F2700 ; pattern
G0 X105.3899 Y138.4847 F27000
G1 X126.6031 Y117.2715 E1.01546 F2700 ; pattern
G1 X105.3899 Y96.0583 E1.01546 F2700 ; pattern
G0 X105.9656 Y96.0583 F27000
G1 X127.1788 Y117.2715 E1.01546 F2700 ; pattern
G1 X105.9656 Y138.4847 E1.01546 F2700 ; pattern
SET_PRESSURE_ADVANCE ADVANCE=0.12 ; pattern 7/16
G1 E-0.5 F2700 ; retract
G0 Z0.4 F3600
G0 X108.4156 Y96.0583 F27000
G0 Z0.2 F3600
G1 E0.5 F2700 ; unretract
G1 X129.6288 Y117.2715 E1.01546 F2700 ; pattern
G1 X108.4156 Y138.4847 E1.01546 F2700 ; pattern
G0 X108.9913 Y138.4847 F27000
G1 X130.2045 Y117.2715 E1.01546 F2700 ; pattern
G1 X108.9913 Y96.0583 E1.01546 F2700 ; pattern
G0 X109.567 Y96.0583 F27000
G1 X130.7802 Y117.2715 E1.01546 F2700 ; pattern
G1 X109.567 Y138.4847 E1.01546 F2700 ; pattern
SET_PRESSURE_ADVANCE ADVANCE=0.14 ; pattern 8/16
G1 E-0.5 F2700 ; retract
G0 Z0.4 F3600
G0 X112.017 Y96.0583 F27000
G0 Z0.2 F3600
G1 E0.5 F2700 ; unretract
G1 X133.2302 Y117.2715 E1.01546 F2700 ; pattern
G1 X112.017 Y138.4847 E1.01546 F2700 ; pattern
G0 X112.5927 Y138.4847 F27000
G1 X133.8059 Y117.2715 E1.01546 F2700 ; pattern
G1 X112.5927 Y96.0583 E1.01546 F2700 ; pattern
G0 X113.1684 Y96.0583 F27000
G1 X134.3816 Y117.2715 E1.01546 F2700 ; pattern
G1 X113.1684 Y138.4847 E1.01546 F2700 ; pattern
SET_PRESSURE_ADVANCE ADVANCE=0.16 ; pattern 9/16
G1 E-0.5 F2700 ; retract
G0 Z0.4 F3600
G0 X115.6184 Y96.0583 F27000
G0 Z0.2 F3600
G1 E0.5 F2700 ; unretract
G1 X136.8316 Y117.2715 E1.01546 F2700 ; pattern
G1 X115.6184 Y138.4847 E1.01546 F2700 ; pattern
G0 X116.1941 Y138.4847 F27000
G1 X137.4073 Y117.2715 E1.01546 F2700 ; pattern
G1 X116.1941 Y96.0583 E1.01546 F2700 ; pattern
G0 X116.7698 Y96.0583 F27000
G1 X137.983 Y117.2715 E1.01546 F2700 ; pattern
G1 X116.7698 Y138.4847 E1.01546 F2700 ; pattern
SET_PRESSURE_ADVANCE ADVANCE=0.18 ; pattern 10/16
G1 E-0.5 F2700 ; retract
G0 Z0.4 F3600
G0 X119.2198 Y96.0583 F27000
G0 Z0.2 F3600
G1 E0.5 F2700 ; unretract
G1 X140.433 Y117.2715 E1.01546 F2700 ; pattern
G1 X119.2198 Y138.4847 E1.01546 F2700 ; pattern
G0 X119.7955 Y138.4847 F27000
G1 X141.0087 Y117.2715 E1.01546 F2700 ; pattern
G1 X119.7955 Y96.0583 E1.01546 F2700 ; pattern
G0 X120.3712 Y96.0583 F27000
G1 X141.5844 Y117.2715 E1.01546 F2700 ; pattern
G1 X120.3712 Y138.4847 E1.01546 F2700 ; pattern
SET_PRESSURE_ADVANCE ADVANCE=0.2 ; pattern 11/16
G1 E-0.5 F2700 ; retract
G0 Z0.4 F3600
G0 X122.8212 Y96.0583 F27000
G0 Z0.2 F3600
G1 E0.5 F2700 ; unretract
G1 X144.0344 Y117.2715 E1.01546 F2700 ; pattern
G1 X122.8212 Y138.4847 E1.01546 F2700 ; pattern
G0 X123.3969 Y138.4847 F27000
G1 X144.6101 Y117.2715 E1.01546 F2700 ; pattern
G1 X123.3969 Y96.0583 E1.01546 F2700 ; pattern
G0 X123.9726 Y96.0583 F27000
G1 X145.1858 Y117.2715 E1.01546 F2700 ; pattern
G1 X123.9726 Y138.4847 E1.01546 F2700 ; pattern
SET_PRESSURE_ADVANCE ADVANCE=0.22 ; pattern 12/16
G1 E-0.5 F2700 ; retract
G0 Z0.4 F3600
G0 X126.4226 Y96.0583 F27000
G0 Z0.2 F3600
G1 E0.5 F2700 ; unretract
G1 X147.6358 Y117.2715 E1.01546 F2700 ; pattern
G1 X126.4226 Y138.4847 E1.01546 F2700 ; pattern
G0 X126.9983 Y138.4847 F27000
G1 X148.2115 Y117.2715 E1.01546 F2700 ; pattern
G1 X126.9983 Y96.0583 E1.01546 F2700 ; pattern
G0 X127.574 Y96.0583 F27000
G1 X148.7872 Y117.2715 E1.01546 F2700 ; pattern
G1 X127.574 Y138.4847 E1.01546 F2700 ; pattern
SET_PRESSURE_ADVANCE ADVANCE=0.24 ; pattern 13/16
G1 E-0.5 F2700 ; retract
G0 Z0.4 F3600
G0 X130.024 Y96.0583 F27000
G0 Z0.2 F3600
G1 E0.5 F2700 ; unretract
G1 X151.2372 Y117.2715 E1.01546 F2700 ; pattern
G1 X130.024 Y138.4847 E1.01546 F2700 ; pattern
G0 X130.5997 Y138.4847 F27000
G1 X151.8129 Y117.2715 E1.01546 F2700 ; pattern
G1 X130.5997 Y96.0583 E1.01546 F2700 ; pattern
G0 X131.1754 Y96.0583 F27000
G1 X152.3886 Y117.2715 E1.01546 F2700 ; pattern
G1 X131.1754 Y138.4847 E1.01546 F2700 ; pattern
SET_PRESSURE_ADVANCE ADVANCE=0.26 ; pattern 14/16
G1 E-0.5 F2700 ; retract
G0 Z0.4 F3600
G0 X133.6254 Y96.0583 F27000
G0 Z0.2 F3600
G1 E0.5 F2700 ; unretract
G1 X154.8386 Y117.2715 E1.01546 F2700 ; pattern
G1 X133.6254 Y138.4847 E1.01546 F2700 ; pattern
G0 X134.2011 Y138.4847 F27000
G1 X155.4143 Y117.2715 E1.01546 F2700 ; pattern
G1 X134.2011 Y96.0583 E1.01546 F2700 ; pattern
G0 X134.7768 Y96.0583 F27000
G1 X155.99 Y117.2715 E1.01546 F2700 ; pattern
G1 X134.7768 Y138.4847 E1.01546 F2700 ; pattern
SET_PRESSURE_ADVANCE ADVANCE=0.28 ; pattern 15/16
G1 E-0.5 F2700 ; retract
G0 Z0.4 F3600
G0 X137.2268 Y96.0583 F27000
G0 Z0.2 F3600
G1 E0.5 F2700 ; unretract
G1 X158.44 Y117.2715 E1.01546 F2700 ; pattern
G1 X137.2268 Y138.4847 E1.01546 F2700 ; pattern
G0 X137.8025 Y138.4847 F27000
G1 X159.0157 Y117.2715 E1.01546 F2700 ; pattern
G1 X137.8025 Y96.0583 E1.01546 F2700 ; pattern
G0 X138.3782 Y96.0583 F27000
G1 X159.5914 Y117.2715 E1.01546 F2700 ; pattern
G1 X138.3782 Y138.4847 E1.01546 F2700 ; pattern
SET_PRESSURE_ADVANCE ADVANCE=0.3 ; pattern 16/16
G1 E-0.5 F2700 ; retract
G0 Z0.4 F3600
G0 X140.8282 Y96.0583 F27000
G0 Z0.2 F3600
G1 E0.5 F2700 ; unretract
G1 X162.0414 Y117.2715 E1.01546 F2700 ; pattern
G1 X140.8282 Y138.4847 E1.01546 F2700 ; pattern
G0 X141.4039 Y138.4847 F27000
G1 X162.6171 Y117.2715 E1.01546 F2700 ; pattern
G1 X141.4039 Y96.0583 E1.01546 F2700 ; pattern
G0 X141.9796 Y96.0583 F27000
G1 X163.1928 Y117.2715 E1.01546 F2700 ; pattern
G1 X141.9796 Y138.4847 E1.01546 F2700 ; pattern
;LAYER_CHANGE
;Z:0.4
;HEIGHT:0.2
SET_PRINT_STATS_INFO CURRENT_LAYER=2
G0 Z0.4 F3600
SET_VELOCITY_LIMIT ACCEL=3000 ; print acceleration
;TYPE:External perimeter
SET_PRESSURE_ADVANCE ADVANCE=0 ; pattern 1/16
G1 E-0.5 F2700 ; retract
G0 Z0.6 F3600
G0 X86.8072 Y96.0583 F27000
G0 Z0.4 F3600
G1 E0.5 F2700 ; unretract
G1 X108.0204 Y117.2715 E1.01546 F12000 ; pattern
G1 X86.8072 Y138.4847 E1.01546 F12000 ; pattern
G0 X87.3829 Y138.4847 F27000
G1 X108.5961 Y117.2715 E1.01546 F12000 ; pattern
G1 X87.3829 Y96.0583 E1.01546 F12000 ; pattern
G0 X87.9586 Y96.0583 F27000
G1 X109.1718 Y117.2715 E1.01546 F12000 ; pattern
G1 X87.9586 Y138.4847 E1.01546 F12000 ; pattern
SET_PRESSURE_ADVANCE ADVANCE=0.02 ; pattern 2/16
G1 E-0.5 F2700 ; retract
G0 Z0.6 F3600
G0 X90.4086 Y96.0583 F27000
G0 Z0.4 F3600
G1 E0.5 F2700 ; unretract
G1 X111.6218 Y117.2715 E1.01546 F12000 ; pattern
G1 X90.4086 Y138.4847 E1.01546 F12000 ; pattern
G0 X90.9843 Y138.4847 F27000
G1 X112.1975 Y117.2715 E1.01546 F12000 ; pattern
G1 X90.9843 Y96.0583 E1.01546 F12000 ; pattern
G0 X91.56 Y96.0583 F27000
G1 X112.7732 Y117.2715 E1.01546 F12000 ; pattern
G1 X91.56 Y138.4847 E1.01546 F12000 ; pattern
SET_PRESSURE_ADVANCE ADVANCE=0.04 ; pattern 3/16
G1 E-0.5 F2700 ; retract
G0 Z0.6 F3600
G0 X94.01 Y96.0583 F27000
G0 Z0.4 F3600
G1 E0.5 F2700 ; unretract
G1 X115.2232 Y117.2715 E1.01546 F12000 ; pattern
G1 X94.01 Y138.4847 E1.01546 F12000 ; pattern
G0 X94.5857 Y138.4847 F27000
G1 X115.7989 Y117.2715 E1.01546 F12000 ; pattern
G1 X94.5857 Y96.0583 E1.01546 F12000 ; pattern
G0 X95.1614 Y96.0583 F27000
G1 X116.3746 Y117.2715 E1.01546 F12000 ; pattern
G1 X95.1614 Y138.4847 E1.01546 F12000 ; pattern
SET_PRESSURE_ADVANCE ADVANCE=0.06 ; pattern 4/16
G1 E-0.5 F2700 ; retract
G0 Z0.6 F3600
G0 X97.6114 Y96.0583 F27000
G0 Z0.4 F3600
G1 E0.5 F2700 ; unretract
G1 X118.8246 Y117.2715 E1.01546 F12000 ; pattern
G1 X97.6114 Y138.4847 E1.01546 F12000 ; pattern
G0 X98.1871 Y138.4847 F27000
G1 X119.4003 Y117.2715 E1.01546 F12000 ; pattern
G1 X98.1871 Y96.0583 E1.01546 F12000 ; pattern
G0 X98.7628 Y96.0583 F27000
G1 X119.976 Y117.2715 E1.01546 F12000 ; pattern
G1 X98.7628 Y138.4847 E1.01546 F12000 ; pattern
SET_PRESSURE_ADVANCE ADVANCE=0.08 ; pattern 5/16
G1 E-0.5 F2700 ; retract
G0 Z0.6 F3600
G0 X101.2128 Y96.0583 F27000
G0 Z0.4 F3600
G1 E0.5 F2700 ; unretract
G1 X122.426 Y117.2715 E1.01546 F12000 ; pattern
G1 X101.2128 Y138.4847 E1.01546 F12000 ; pattern
G0 X101.7885 Y138.4847 F27000
G1 X123.0017 Y117.2715 E1.01546 F12000 ; pattern
G1 X101.7885 Y96.0583 E1.01546 F12000 ; pattern
G0 X102.3642 Y96.0583 F27000
G1 X123.5774 Y117.2715 E1.01546 F12000 ; pattern
G1 X102.3642 Y138.4847 E1.01546 F12000 ; pattern
SET_PRESSURE_ADVANCE ADVANCE=0.1 ; pattern 6/16
G1 E-0.5 F2700 ; retract
G0 Z0.6 F3600
G0 X104.8142 Y96.0583 F27000
G0 Z0.4 F3600
G1 E0.5 F2700 ; unretract
G1 X126.0274 Y117.2715 E1.01546 F12000 ; pattern
G1 X104.8142 Y138.4847 E1.01546 F12000 ; pattern
G0 X105.3899 Y138.4847 F27000
G1 X126.6031 Y117.2715 E1.01546 F12000 ; pattern
G1 X105.3899 Y96.0583 E1.01546 F12000 ; pattern
G0 X105.9656 Y96.0583 F27000
G1 X127.1788 Y117.2715 E1.01546 F12000 ; pattern
G1 X105.9656 Y138.4847 E1.01546 F12000 ; pattern
SET_PRESSURE_ADVANCE ADVANCE=0.12 ; pattern 7/16
G1 E-0.5 F2700 ; retract
G0 Z0.6 F3600
G0 X108.4156 Y96.0583 F27000
G0 Z0.4 F3600
G1 E0.5 F2700 ; unretract
G1 X129.6288 Y117.2715 E1.01546 F12000 ; pattern
G1 X108.4156 Y138.4847 E1.01546 F12000 ; pattern
G0 X108.9913 Y138.4847 F27000
G1 X130.2045 Y117.2715 E1.01546 F12000 ; pattern
G1 X108.9913 Y96.0583 E1.01546 F12000 ; pattern
G0 X109.567 Y96.0583 F27000
G1 X130.7802 Y117.2715 E1.01546 F12000 ; pattern
G1 X109.567 Y138.4847 E1.01546 F12000 ; pattern
SET_PRESSURE_ADVANCE ADVANCE=0.14 ; pattern 8/16
G1 E-0.5 F2700 ; retract
G0 Z0.6 F3600
G0 X112.017 Y96.0583 F27000
G0 Z0.4 F3600
G1 E0.5 F2700 ; unretract
G1 X133.2302 Y117.2715 E1.01546 F12000 ; pattern
G1 X112.017 Y138.4847 E1.01546 F12000 ; pattern
G0 X112.5927 Y138.4847 F27000
G1 X133.8059 Y117.2715 E1.01546 F12000 ; pattern
G1 X112.5927 Y96.0583 E1.01546 F12000 ; pattern
G0 X113.1684 Y96.0583 F27000
G1 X134.3816 Y117.2715 E1.01546 F12000 ; pattern
G1 X113.1684 Y138.4847 E1.01546 F12000 ; pattern
SET_PRESSURE_ADVANCE ADVANCE=0.16 ; pattern 9/16
G1 E-0.5 F2700 ; retract
G0 Z0.6 F3600
G0 X115.6184 Y96.0583 F27000
G0 Z0.4 F3600
G1 E0.5 F2700 ; unretract
G1 X136.8316 Y117.2715 E1.01546 F12000 ; pattern
G1 X115.6184 Y138.4847 E1.01546 F12000 ; pattern
G0 X116.1941 Y138.4847 F27000
G1 X137.4073 Y117.2715 E1.01546 F12000 ; pattern
G1 X116.1941 Y96.0583 E1.01546 F12000 ; pattern
G0 X116.7698 Y96.0583 F27000
G1 X137.983 Y117.2715 E1.01546 F12000 ; pattern
G1 X116.7698 Y138.4847 E1.01546 F12000 ; pattern
SET_PRESSURE_ADVANCE ADVANCE=0.18 ; pattern 10/16
G1 E-0.5 F2700 ; retract
G0 Z0.6 F3600
G0 X119.2198 Y96.0583 F27000
G0 Z0.4 F3600
G1 E0.5 F2700 ; unretract
G1 X140.433 Y117.2715 E1.01546 F12000 ; pattern
G1 X119.2198 Y138.4847 E1.01546 F12000 ; pattern
G0 X119.7955 Y138.4847 F27000
G1 X141.0087 Y117.2715 E1.01546 F12000 ; pattern
G1 X119.7955 Y96.0583 E1.01546 F12000 ; pattern
G0 X120.3712 Y96.0583 F27000
G1 X141.5844 Y117.2715 E1.01546 F12000 ; pattern
G1 X120.3712 Y138.4847 E1.01546 F12000 ; pattern
SET_PRESSURE_ADVANCE ADVANCE=0.2 ; pattern 11/16
G1 E-0.5 F2700 ; retract
G0 Z0.6 F3600
G0 X122.8212 Y96.0583 F27000
G0 Z0.4 F3600
G1 E0.5 F2700 ; unretract
G1 X144.0344 Y117.2715 E1.01546 F12000 ; pattern
G1 X122.8212 Y138.4847 E1.01546 F12000 ; pattern
G0 X123.3969 Y138.4847 F27000
G1 X144.6101 Y117.2715 E1.01546 F12000 ; pattern
G1 X123.3969 Y96.0583 E1.01546 F12000 ; pattern
G0 X123.9726 Y96.0583 F27000
G1 X145.1858 Y117.2715 E1.01546 F12000 ; pattern
G1 X123.9726 Y138.4847 E1.01546 F12000 ; pattern
SET_PRESSURE_ADVANCE ADVANCE=0.22 ; pattern 12/16
G1 E-0.5 F2700 ; retract
G0 Z0.6 F3600
G0 X126.4226 Y96.0583 F27000
G0 Z0.4 F3600
G1 E0.5 F2700 ; unretract
G1 X147.6358 Y117.2715 E1.01546 F12000 ; pattern
G1 X126.4226 Y138.4847 E1.01546 F12000 ; pattern
G0 X126.9983 Y138.4847 F27000
G1 X148.2115 Y117.2715 E1.01546 F12000 ; pattern
G1 X126.9983 Y96.0583 E1.01546 F12000 ; pattern
G0 X127.574 Y96.0583 F27000
G1 X148.7872 Y117.2715 E1.01546 F12000 ; pattern
G1 X127.574 Y138.4847 E1.01546 F12000 ; pattern
SET_PRESSURE_ADVANCE ADVANCE=0.24 ; pattern 13/16
G1 E-0.5 F2700 ; retract
G0 Z0.6 F3600
G0 X130.024 Y96.0583 F27000
G0 Z0.4 F3600
G1 E0.5 F2700 ; unretract
G1 X151.2372 Y117.2715 E1.01546 F12000 ; pattern
G1 X130.024 Y138.4847 E1.01546 F12000 ; pattern
G0 X130.5997 Y138.4847 F27000
G1 X151.8129 Y117.2715 E1.01546 F12000 ; pattern
G1 X130.5997 Y96.0583 E1.01546 F12000 ; pattern
G0 X131.1754 Y96.0583 F27000
G1 X152.3886 Y117.2715 E1.01546 F12000 ; pattern
G1 X131.1754 Y138.4847 E1.01546 F12000 ; pattern
SET_PRESSURE_ADVANCE ADVANCE=0.26 ; pattern 14/16
G1 E-0.5 F2700 ; retract
G0 Z0.6 F3600
G0 X133.6254 Y96.0583 F27000
G0 Z0.4 F3600
G1 E0.5 F2700 ; unretract
G1 X154.8386 Y117.2715 E1.01546 F12000 ; pattern
G1 X133.6254 Y138.4847 E1.01546 F12000 ; pattern
G0 X134.2011 Y138.4847 F27000
G1 X155.4143 Y117.2715 E1.01546 F12000 ; pattern
G1 X134.2011 Y96.0583 E1.01546 F12000 ; pattern
G0 X134.7768 Y96.0583 F27000
G1 X155.99 Y117.2715 E1.01546 F12000 ; pattern
G1 X134.7768 Y138.4847 E1.01546 F12000 ; pattern
SET_PRESSURE_ADVANCE ADVANCE=0.28 ; pattern 15/16
G1 E-0.5 F2700 ; retract
G0 Z0.6 F3600
G0 X137.2268 Y96.0583 F27000
G0 Z0.4 F3600
G1 E0.5 F2700 ; unretract
G1 X158.44 Y117.2715 E1.01546 F12000 ; pattern
G1 X137.2268 Y138.4847 E1.01546 F12000 ; pattern
G0 X137.8025 Y138.4847 F27000
G1 X159.0157 Y117.2715 E1.01546 F12000 ; pattern
G1 X137.8025 Y96.0583 E1.01546 F12000 ; pattern
G0 X138.3782 Y96.0583 F27000
G1 X159.5914 Y117.2715 E1.01546 F12000 ; pattern
G1 X138.3782 Y138.4847 E1.01546 F12000 ; pattern
SET_PRESSURE_ADVANCE ADVANCE=0.3 ; pattern 16/16
G1 E-0.5 F2700 ; retract
G0 Z0.6 F3600
G0 X140.8282 Y96.0583 F27000
G0 Z0.4 F3600
G1 E0.5 F2700 ; unretract
G1 X162.0414 Y117.2715 E1.01546 F12000 ; pattern
G1 X140.8282 Y138.4847 E1.01546 F12000 ; pattern
G0 X141.4039 Y138.4847 F27000
G1 X162.6171 Y117.2715 E1.01546 F12000 ; pattern
G1 X141.4039 Y96.0583 E1.01546 F12000 ; pattern
G0 X141.9796 Y96.0583 F27000
G1 X163.1928 Y117.2715 E1.01546 F12000 ; pattern
G1 X141.9796 Y138.4847 E1.01546 F12000 ; pattern
;LAYER_CHANGE
;Z:0.6
;HEIGHT:0.2
SET_PRINT_STATS_INFO CURRENT_LAYER=3
G0 Z0.6 F3600
;TYPE:External perimeter
SET_PRESSURE_ADVANCE ADVANCE=0 ; pattern 1/16
G1 E-0.5 F2700 ; retract
G0 Z0.8 F3600
G0 X86.8072 Y96.0583 F27000
G0 Z0.6 F3600
G1 E0.5 F2700 ; unretract
G1 X108.0204 Y117.2715 E1.01546 F12000 ; pattern
G1 X86.8072 Y138.4847 E1.01546 F12000 ; pattern
G0 X87.3829 Y138.4847 F27000
G1 X108.5961 Y117.2715 E1.01546 F12000 ; pattern
G1 X87.3829 Y96.0583 E1.01546 F12000 ; pattern
G0 X87.9586 Y96.0583 F27000
G1 X109.1718 Y117.2715 E1.01546 F12000 ; pattern
G1 X87.9586 Y138.4847 E1.01546 F12000 ; pattern
SET_PRESSURE_ADVANCE ADVANCE=0.02 ; pattern 2/16
G1 E-0.5 F2700 ; retract
G0 Z0.8 F3600
G0 X90.4086 Y96.0583 F27000
G0 Z0.6 F3600
G1 E0.5 F2700 ; unretract
G1 X111.6218 Y117.2715 E1.01546 F12000 ; pattern
G1 X90.4086 Y138.4847 E1.01546 F12000 ; pattern
G0 X90.9843 Y138.4847 F27000
G1 X112.1975 Y117.2715 E1.01546 F12000 ; pattern
G1 X90.9843 Y96.0583 E1.01546 F12000 ; pattern
G0 X91.56 Y96.0583 F27000
G1 X112.7732 Y117.2715 E1.01546 F12000 ; pattern
G1 X91.56 Y138.4847 E1.01546 F12000 ; pattern
SET_PRESSURE_ADVANCE ADVANCE=0.04 ; pattern 3/16
G1 E-0.5 F2700 ; retract
G0 Z0.8 F3600
G0 X94.01 Y96.0583 F27000
G0 Z0.6 F3600
G1 E0.5 F2700 ; unretract
G1 X115.2232 Y117.2715 E1.01546 F12000 ; pattern
G1 X94.01 Y138.4847 E1.01546 F12000 ; pattern
G0 X94.5857 Y138.4847 F27000
G1 X115.7989 Y117.2715 E1.01546 F12000 ; pattern
G1 X94.5857 Y96.0583 E1.01546 F12000 ; pattern
G0 X95.1614 Y96.0583 F27000
G1 X116.3746 Y117.2715 E1.01546 F12000 ; pattern
G1 X95.1614 Y138.4847 E1.01546 F12000 ; pattern
SET_PRESSURE_ADVANCE ADVANCE=0.06 ; pattern 4/16
G1 E-0.5 F2700 ; retract
G0 Z0.8 F3600
G0 X97.6114 Y96.0583 F27000
G0 Z0.6 F3600
G1 E0.5 F2700 ; unretract
G1 X118.8246 Y117.2715 E1.01546 F12000 ; pattern
G1 X97.6114 Y138.4847 E1.01546 F12000 ; pattern
G0 X98.1871 Y138.4847 F27000
G1 X119.4003 Y117.2715 E1.01546 F12000 ; pattern
G1 X98.1871 Y96.0583 E1.01546 F12000 ; pattern
G0 X98.7628 Y96.0583 F27000
G1 X119.976 Y117.2715 E1.01546 F12000 ; pattern
G1 X98.7628 Y138.4847 E1.01546 F12000 ; pattern
SET_PRESSURE_ADVANCE ADVANCE=0.08 ; pattern 5/16
G1 E-0.5 F2700 ; retract
G0 Z0.8 F3600
G0 X101.2128 Y96.0583 F27000
G0 Z0.6 F3600
G1 E0.5 F2700 ; unretract
G1 X122.426 Y117.2715 E1.01546 F12000 ; pattern
G1 X101.2128 Y138.4847 E1.01546 F12000 ; pattern
G0 X101.7885 Y138.4847 F27000
G1 X123.0017 Y117.2715 E1.01546 F12000 ; pattern
G1 X101.7885 Y96.0583 E1.01546 F12000 ; pattern
G0 X102.3642 Y96.0583 F27000
G1 X123.5774 Y117.2715 E1.01546 F12000 ; pattern
G1 X102.3642 Y138.4847 E1.01546 F12000 ; pattern
SET_PRESSURE_ADVANCE ADVANCE=0.1 ; pattern 6/16
G1 E-0.5 F2700 ; retract
G0 Z0.8 F3600
G0 X104.8142 Y96.0583 F27000
G0 Z0.6 F3600
G1 E0.5 F2700 ; unretract
G1 X126.0274 Y117.2715 E1.01546 F12000 ; pattern
G1 X104.8142 Y138.4847 E1.01546 F12000 ; pattern
G0 X105.3899 Y138.4847 F27000
G1 X126.6031 Y117.2715 E1.01546 F12000 ; pattern
G1 X105.3899 Y96.0583 E1.01546 F12000 ; pattern
G0 X105.9656 Y96.0583 F27000
G1 X127.1788 Y117.2715 E1.01546 F12000 ; pattern
G1 X105.9656 Y138.4847 E1.01546 F12000 ; pattern
SET_PRESSURE_ADVANCE ADVANCE=0.12 ; pattern 7/16
G1 E-0.5 F2700 ; retract
G0 Z0.8 F3600
G0 X108.4156 Y96.0583 F27000
G0 Z0.6 F3600
G1 E0.5 F2700 ; unretract
G1 X129.6288 Y117.2715 E1.01546 F12000 ; pattern
G1 X108.4156 Y138.4847 E1.01546 F12000 ; pattern
G0 X108.9913 Y138.4847 F27000
G1 X130.2045 Y117.2715 E1.01546 F12000 ; pattern
G1 X108.9913 Y96.0583 E1.01546 F12000 ; pattern
G0 X109.567 Y96.0583 F27000
G1 X130.7802 Y117.2715 E1.01546 F12000 ; pattern
G1 X109.567 Y138.4847 E1.01546 F12000 ; pattern
SET_PRESSURE_ADVANCE ADVANCE=0.14 ; pattern 8/16
G1 E-0.5 F2700 ; retract
G0 Z0.8 F3600
G0 X112.017 Y96.0583 F27000
G0 Z0.6 F3600
G1 E0.5 F2700 ; unretract
G1 X133.2302 Y117.2715 E1.01546 F12000 ; pattern
G1 X112.017 Y138.4847 E1.01546 F12000 ; pattern
G0 X112.5927 Y138.4847 F27000
G1 X133.8059 Y117.2715 E1.01546 F12000 ; pattern
G1 X112.5927 Y96.0583 E1.01546 F12000 ; pattern
G0 X113.1684 Y96.0583 F27000
G1 X134.3816 Y117.2715 E1.01546 F12000 ; pattern
G1 X113.1684 Y138.4847 E1.01546 F12000 ; pattern
SET_PRESSURE_ADVANCE ADVANCE=0.16 ; pattern 9/16
G1 E-0.5 F2700 ; retract
G0 Z0.8 F3600
G0 X115.6184 Y96.0583 F27000
G0 Z0.6 F3600
G1 E0.5 F2700 ; unretract
G1 X136.8316 Y117.2715 E1.01546 F12000 ; pattern
G1 X115.6184 Y138.4847 E1.01546 F12000 ; pattern
G0 X116.1941 Y138.4847 F27000
G1 X137.4073 Y117.2715 E1.01546 F12000 ; pattern
G1 X116.1941 Y96.0583 E1.01546 F12000 ; pattern
G0 X116.7698 Y96.0583 F27000
G1 X137.983 Y117.2715 E1.01546 F12000 ; pattern
G1 X116.7698 Y138.4847 E1.01546 F12000 ; pattern
SET_PRESSURE_ADVANCE ADVANCE=0.18 ; pattern 10/16
G1 E-0.5 F2700 ; retract
G0 Z0.8 F3600
G0 X119.2198 Y96.0583 F27000
G0 Z0.6 F3600
G1 E0.5 F2700 ; unretract
G1 X140.433 Y117.2715 E1.01546 F12000 ; pattern
G1 X119.2198 Y138.4847 E1.01546 F12000 ; pattern
G0 X119.7955 Y138.4847 F27000
G1 X141.0087 Y117.2715 E1.01546 F12000 ; pattern
G1 X119.7955 Y96.0583 E1.01546 F12000 ; pattern
G0 X120.3712 Y96.0583 F27000
G1 X141.5844 Y117.2715 E1.01546 F12000 ; pattern
G1 X120.3712 Y138.4847 E1.01546 F12000 ; pattern
SET_PRESSURE_ADVANCE ADVANCE=0.2 ; pattern 11/16
G1 E-0.5 F2700 ; retract
G0 Z0.8 F3600
G0 X122.8212 Y96.0583 F27000
G0 Z0.6 F3600
G1 E0.5 F2700 ; unretract
G1 X144.0344 Y117.2715 E1.01546 F12000 ; pattern
G1 X122.8212 Y138.4847 E1.01546 F12000 ; pattern
G0 X123.3969 Y138.4847 F27000
G1 X144.6101 Y117.2715 E1.01546 F12000 ; pattern
G1 X123.3969 Y96.0583 E1.01546 F12000 ; pattern
G0 X123.9726 Y96.0583 F27000
G1 X145.1858 Y117.2715 E1.01546 F12000 ; pattern
G1 X123.9726 Y138.4847 E1.01546 F12000 ; pattern
SET_PRESSURE_ADVANCE ADVANCE=0.22 ; pattern 12/16
G1 E-0.5 F2700 ; retract
G0 Z0.8 F3600
G0 X126.4226 Y96.0583 F27000
G0 Z0.6 F3600
G1 E0.5 F2700 ; unretract
G1 X147.6358 Y117.2715 E1.01546 F12000 ; pattern
G1 X126.4226 Y138.4847 E1.01546 F12000 ; pattern
G0 X126.9983 Y138.4847 F27000
G1 X148.2115 Y117.2715 E1.01546 F12000 ; pattern
G1 X126.9983 Y96.0583 E1.01546 F12000 ; pattern
G0 X127.574 Y96.0583 F27000
G1 X148.7872 Y117.2715 E1.01546 F12000 ; pattern
G1 X127.574 Y138.4847 E1.01546 F12000 ; pattern
SET_PRESSURE_ADVANCE ADVANCE=0.24 ; pattern 13/16
G1 E-0.5 F2700 ; retract
G0 Z0.8 F3600
G0 X130.024 Y96.0583 F27000
G0 Z0.6 F3600
G1 E0.5 F2700 ; unretract
G1 X151.2372 Y117.2715 E1.01546 F12000 ; pattern
G1 X130.024 Y138.4847 E1.01546 F12000 ; pattern
G0 X130.5997 Y138.4847 F27000
G1 X151.8129 Y117.2715 E1.01546 F12000 ; pattern
G1 X130.5997 Y96.0583 E1.01546 F12000 ; pattern
G0 X131.1754 Y96.0583 F27000
G1 X152.3886 Y117.2715 E1.01546 F12000 ; pattern
G1 X131.1754 Y138.4847 E1.01546 F12000 ; pattern
SET_PRESSURE_ADVANCE ADVANCE=0.26 ; pattern 14/16
G1 E-0.5 F2700 ; retract
G0 Z0.8 F3600
G0 X133.6254 Y96.0583 F27000
G0 Z0.6 F3600
G1 E0.5 F2700 ; unretract
G1 X154.8386 Y117.2715 E1.01546 F12000 ; pattern
G1 X133.6254 Y138.4847 E1.01546 F12000 ; pattern
G0 X134.2011 Y138.4847 F27000
G1 X155.4143 Y117.2715 E1.01546 F12000 ; pattern
G1 X134.2011 Y96.0583 E1.01546 F12000 ; pattern
G0 X134.7768 Y96.0583 F27000
G1 X155.99 Y117.2715 E1.01546 F12000 ; pattern
G1 X134.7768 Y138.4847 E1.01546 F12000 ; pattern
SET_PRESSURE_ADVANCE ADVANCE=0.28 ; pattern 15/16
G1 E-0.5 F2700 ; retract
G0 Z0.8 F3600
G0 X137.2268 Y96.0583 F27000
G0 Z0.6 F3600
G1 E0.5 F2700 ; unretract
G1 X158.44 Y117.2715 E1.01546 F12000 ; pattern
G1 X137.2268 Y138.4847 E1.01546 F12000 ; pattern
G0 X137.8025 Y138.4847 F27000
G1 X159.0157 Y117.2715 E1.01546 F12000 ; pattern
G1 X137.8025 Y96.0583 E1.01546 F12000 ; pattern
G0 X138.3782 Y96.0583 F27000
G1 X159.5914 Y117.2715 E1.01546 F12000 ; pattern
G1 X138.3782 Y138.4847 E1.01546 F12000 ; pattern
SET_PRESSURE_ADVANCE ADVANCE=0.3 ; pattern 16/16
G1 E-0.5 F2700 ; retract
G0 Z0.8 F3600
G0 X140.8282 Y96.0583 F27000
G0 Z0.6 F3600
G1 E0.5 F2700 ; unretract
G1 X162.0414 Y117.2715 E1.01546 F12000 ; pattern
G1 X140.8282 Y138.4847 E1.01546 F12000 ; pattern
G0 X141.4039 Y138.4847 F27000
G1 X162.6171 Y117.2715 E1.01546 F12000 ; pattern
G1 X141.4039 Y96.0583 E1.01546 F12000 ; pattern
G0 X141.9796 Y96.0583 F27000
G1 X163.1928 Y117.2715 E1.01546 F12000 ; pattern
G1 X141.9796 Y138.4847 E1.01546 F12000 ; pattern
;LAYER_CHANGE
;Z:0.8
;HEIGHT:0.2
SET_PRINT_STATS_INFO CURRENT_LAYER=4
G0 Z0.8 F3600
;TYPE:External perimeter
SET_PRESSURE_ADVANCE ADVANCE=0 ; pattern 1/16
G1 E-0.5 F2700 ; retract
G0 Z1 F3600
G0 X86.8072 Y96.0583 F27000
G0 Z0.8 F3600
G1 E0.5 F2700 ; unretract
G1 X108.0204 Y117.2715 E1.01546 F12000 ; pattern
G1 X86.8072 Y138.4847 E1.01546 F12000 ; pattern
G0 X87.3829 Y138.4847 F27000
G1 X108.5961 Y117.2715 E1.01546 F12000 ; pattern
G1 X87.3829 Y96.0583 E1.01546 F12000 ; pattern
G0 X87.9586 Y96.0583 F27000
G1 X109.1718 Y117.2715 E1.01546 F12000 ; pattern
G1 X87.9586 Y138.4847 E1.01546 F12000 ; pattern
SET_PRESSURE_ADVANCE ADVANCE=0.02 ; pattern 2/16
G1 E-0.5 F2700 ; retract
G0 Z1 F3600
G0 X90.4086 Y96.0583 F27000
G0 Z0.8 F3600
G1 E0.5 F2700 ; unretract
G1 X111.6218 Y117.2715 E1.01546 F12000 ; pattern
G1 X90.4086 Y138.4847 E1.01546 F12000 ; pattern
G0 X90.9843 Y138.4847 F27000
G1 X112.1975 Y117.2715 E1.01546 F12000 ; pattern
G1 X90.9843 Y96.0583 E1.01546 F12000 ; pattern
G0 X91.56 Y96.0583 F27000
G1 X112.7732 Y117.2715 E1.01546 F12000 ; pattern
G1 X91.56 Y138.4847 E1.01546 F12000 ; pattern
SET_PRESSURE_ADVANCE ADVANCE=0.04 ; pattern 3/16
G1 E-0.5 F2700 ; retract
G0 Z1 F3600
G0 X94.01 Y96.0583 F27000
G0 Z0.8 F3600
G1 E0.5 F2700 ; unretract
G1 X115.2232 Y117.2715 E1.01546 F12000 ; pattern
G1 X94.01 Y138.4847 E1.01546 F12000 ; pattern
G0 X94.5857 Y138.4847 F27000
G1 X115.7989 Y117.2715 E1.01546 F12000 ; pattern
G1 X94.5857 Y96.0583 E1.01546 F12000 ; pattern
G0 X95.1614 Y96.0583 F27000
G1 X116.3746 Y117.2715 E1.01546 F12000 ; pattern
G1 X95.1614 Y138.4847 E1.01546 F12000 ; pattern
SET_PRESSURE_ADVANCE ADVANCE=0.06 ; pattern 4/16
G1 E-0.5 F2700 ; retract
G0 Z1 F3600
G0 X97.6114 Y96.0583 F27000
G0 Z0.8 F3600
G1 E0.5 F2700 ; unretract
G1 X118.8246 Y117.2715 E1.01546 F12000 ; pattern
G1 X97.6114 Y138.4847 E1.01546 F12000 ; pattern
G0 X98.1871 Y138.4847 F27000
G1 X119.4003 Y117.2715 E1.01546 F12000 ; pattern
G1 X98.1871 Y96.0583 E1.01546 F12000 ; pattern
G0 X98.7628 Y96.0583 F27000
G1 X119.976 Y117.2715 E1.01546 F12000 ; pattern
G1 X98.7628 Y138.4847 E1.01546 F12000 ; pattern
SET_PRESSURE_ADVANCE ADVANCE=0.08 ; pattern 5/16
G1 E-0.5 F2700 ; retract
G0 Z1 F3600
G0 X101.2128 Y96.0583 F27000
G0 Z0.8 F3600
G1 E0.5 F2700 ; unretract
G1 X122.426 Y117.2715 E1.01546 F12000 ; pattern
G1 X101.2128 Y138.4847 E1.01546 F12000 ; pattern
G0 X101.7885 Y138.4847 F27000
G1 X123.0017 Y117.2715 E1.01546 F12000 ; pattern
G1 X101.7885 Y96.0583 E1.01546 F12000 ; pattern
G0 X102.3642 Y96.0583 F27000
G1 X123.5774 Y117.2715 E1.01546 F12000 ; pattern
G1 X102.3642 Y138.4847 E1.01546 F12000 ; pattern
SET_PRESSURE_ADVANCE ADVANCE=0.1 ; pattern 6/16
G1 E-0.5 F2700 ; retract
G0 Z1 F3600
G0 X104.8142 Y96.0583 F27000
G0 Z0.8 F3600
G1 E0.5 F2700 ; unretract
G1 X126.0274 Y117.2715 E1.01546 F12000 ; pattern
G1 X104.8142 Y138.4847 E1.01546 F12000 ; pattern
G0 X105.3899 Y138.4847 F27000
G1 X126.6031 Y117.2715 E1.01546 F12000 ; pattern
G1 X105.3899 Y96.0583 E1.01546 F12000 ; pattern
G0 X105.9656 Y96.0583 F27000
G1 X127.1788 Y117.2715 E1.01546 F12000 ; pattern
G1 X105.9656 Y138.4847 E1.01546 F12000 ; pattern
SET_PRESSURE_ADVANCE ADVANCE=0.12 ; pattern 7/16
G1 E-0.5 F2700 ; retract
G0 Z1 F3600
G0 X108.4156 Y96.0583 F27000
G0 Z0.8 F3600
G1 E0.5 F2700 ; unretract
G1 X129.6288 Y117.2715 E1.01546 F12000 ; pattern
G1 X108.4156 Y138.4847 E1.01546 F12000 ; pattern
G0 X108.9913 Y138.4847 F27000
G1 X130.2045 Y117.2715 E1.01546 F12000 ; pattern
G1 X108.9913 Y96.0583 E1.01546 F12000 ; pattern
G0 X109.567 Y96.0583 F27000
G1 X130.7802 Y117.2715 E1.01546 F12000 ; pattern
G1 X109.567 Y138.4847 E1.01546 F12000 ; pattern
SET_PRESSURE_ADVANCE ADVANCE=0.14 ; pattern 8/16
G1 E-0.5 F2700 ; retract
G0 Z1 F3600
G0 X112.017 Y96.0583 F27000
G0 Z0.8 F3600
G1 E0.5 F2700 ; unretract
G1 X133.2302 Y117.2715 E1.01546 F12000 ; pattern
G1 X112.017 Y138.4847 E1.01546 F12000 ; pattern
G0 X112.5927 Y138.4847 F27000
G1 X133.8059 Y117.2715 E1.01546 F12000 ; pattern
G1 X112.5927 Y96.0583 E1.01546 F12000 ; pattern
G0 X113.1684 Y96.0583 F27000
G1 X134.3816 Y117.2715 E1.01546 F12000 ; pattern
G1 X113.1684 Y138.4847 E1.01546 F12000 ; pattern
SET_PRESSURE_ADVANCE ADVANCE=0.16 ; pattern 9/16
G1 E-0.5 F2700 ; retract
G0 Z1 F3600
G0 X115.6184 Y96.0583 F27000
G0 Z0.8 F3600
G1 E0.5 F2700 ; unretract
G1 X136.8316 Y117.2715 E1.01546 F12000 ; pattern
G1 X115.6184 Y138.4847 E1.01546 F12000 ; pattern
G0 X116.1941 Y138.4847 F27000
G1 X137.4073 Y117.2715 E1.01546 F12000 ; pattern
G1 X116.1941 Y96.0583 E1.01546 F12000 ; pattern
G0 X116.7698 Y96.0583 F27000
G1 X137.983 Y117.2715 E1.01546 F12000 ; pattern
G1 X116.7698 Y138.4847 E1.01546 F12000 ; pattern
SET_PRESSURE_ADVANCE ADVANCE=0.18 ; pattern 10/16
G1 E-0.5 F2700 ; retract
G0 Z1 F3600
G0 X119.2198 Y96.0583 F27000
G0 Z0.8 F3600
G1 E0.5 F2700 ; unretract
G1 X140.433 Y117.2715 E1.01546 F12000 ; pattern
G1 X119.2198 Y138.4847 E1.01546 F12000 ; pattern
G0 X119.7955 Y138.4847 F27000
G1 X141.0087 Y117.2715 E1.01546 F12000 ; pattern
G1 X119.7955 Y96.0583 E1.01546 F12000 ; pattern
G0 X120.3712 Y96.0583 F27000
G1 X141.5844 Y117.2715 E1.01546 F12000 ; pattern
G1 X120.3712 Y138.4847 E1.01546 F12000 ; pattern
SET_PRESSURE_ADVANCE ADVANCE=0.2 ; pattern 11/16
G1 E-0.5 F2700 ; retract
G0 Z1 F3600
G0 X122.8212 Y96.0583 F27000
G0 Z0.8 F3600
G1 E0.5 F2700 ; unretract
G1 X144.0344 Y117.2715 E1.01546 F12000 ; pattern
G1 X122.8212 Y138.4847 E1.01546 F12000 ; pattern
G0 X123.3969 Y138.4847 F27000
G1 X144.6101 Y117.2715 E1.01546 F12000 ; pattern
G1 X123.3969 Y96.0583 E1.01546 F12000 ; pattern
G0 X123.9726 Y96.0583 F27000
G1 X145.1858 Y117.2715 E1.01546 F12000 ; pattern
G1 X123.9726 Y138.4847 E1.01546 F12000 ; pattern
SET_PRESSURE_ADVANCE ADVANCE=0.22 ; pattern 12/16
G1 E-0.5 F2700 ; retract
G0 Z1 F3600
G0 X126.4226 Y96.0583 F27000
G0 Z0.8 F3600
G1 E0.5 F2700 ; unretract
G1 X147.6358 Y117.2715 E1.01546 F12000 ; pattern
G1 X126.4226 Y138.4847 E1.01546 F12000 ; pattern
G0 X126.9983 Y138.4847 F27000
G1 X148.2115 Y117.2715 E1.01546 F12000 ; pattern
G1 X126.9983 Y96.0583 E1.01546 F12000 ; pattern
G0 X127.574 Y96.0583 F27000
G1 X148.7872 Y117.2715 E1.01546 F12000 ; pattern
G1 X127.574 Y138.4847 E1.01546 F12000 ; pattern
SET_PRESSURE_ADVANCE ADVANCE=0.24 ; pattern 13/16
G1 E-0.5 F2700 ; retract
G0 Z1 F3600
G0 X130.024 Y96.0583 F27000
G0 Z0.8 F3600
G1 E0.5 F2700 ; unretract
G1 X151.2372 Y117.2715 E1.01546 F12000 ; pattern
G1 X130.024 Y138.4847 E1.01546 F12000 ; pattern
G0 X130.5997 Y138.4847 F27000
G1 X151.8129 Y117.2715 E1.01546 F12000 ; pattern
G1 X130.5997 Y96.0583 E1.01546 F12000 ; pattern
G0 X131.1754 Y96.0583 F27000
G1 X152.3886 Y117.2715 E1.01546 F12000 ; pattern
G1 X131.1754 Y138.4847 E1.01546 F12000 ; pattern
SET_PRESSURE_ADVANCE ADVANCE=0.26 ; pattern 14/16
G1 E-0.5 F2700 ; retract
G0 Z1 F3600
G0 X133.6254 Y96.0583 F27000
G0 Z0.8 F3600
G1 E0.5 F2700 ; unretract
G1 X154.8386 Y117.2715 E1.01546 F12000 ; pattern
G1 X133.6254 Y138.4847 E1.01546 F12000 ; pattern
G0 X134.2011 Y138.4847 F27000
G1 X155.4143 Y117.2715 E1.01546 F12000 ; pattern
G1 X134.2011 Y96.0583 E1.01546 F12000 ; pattern
G0 X134.7768 Y96.0583 F27000
G1 X155.99 Y117.2715 E1.01546 F12000 ; pattern
G1 X134.7768 Y138.4847 E1.01546 F12000 ; pattern
SET_PRESSURE_ADVANCE ADVANCE=0.28 ; pattern 15/16
G1 E-0.5 F2700 ; retract
G0 Z1 F3600
G0 X137.2268 Y96.0583 F27000
G0 Z0.8 F3600
G1 E0.5 F2700 ; unretract
G1 X158.44 Y117.2715 E1.01546 F12000 ; pattern
G1 X137.2268 Y138.4847 E1.01546 F12000 ; pattern
G0 X137.8025 Y138.4847 F27000
G1 X159.0157 Y117.2715 E1.01546 F12000 ; pattern
G1 X137.8025 Y96.0583 E1.01546 F12000 ; pattern
G0 X138.3782 Y96.0583 F27000
G1 X159.5914 Y117.2715 E1.01546 F12000 ; pattern
G1 X138.3782 Y138.4847 E1.01546 F12000 ; pattern
SET_PRESSURE_ADVANCE ADVANCE=0.3 ; pattern 16/16
G1 E-0.5 F2700 ; retract
G0 Z1 F3600
G0 X140.8282 Y96.0583 F27000
G0 Z0.8 F3600
G1 E0.5 F2700 ; unretract
G1 X162.0414 Y117.2715 E1.01546 F12000 ; pattern
G1 X140.8282 Y138.4847 E1.01546 F12000 ; pattern
G0 X141.4039 Y138.4847 F27000
G1 X162.6171 Y117.2715 E1.01546 F12000 ; pattern
G1 X141.4039 Y96.0583 E1.01546 F12000 ; pattern
G0 X141.9796 Y96.0583 F27000
G1 X163.1928 Y117.2715 E1.01546 F12000 ; pattern
G1 X141.9796 Y138.4847 E1.01546 F12000 ; pattern
;LAYER_CHANGE
;Z:1
;HEIGHT:0.2
SET_PRINT_STATS_INFO CURRENT_LAYER=5
G0 Z1 F3600
M106 S38 ; fan
;TYPE:External perimeter
SET_PRESSURE_ADVANCE ADVANCE=0 ; pattern 1/16
G1 E-0.5 F2700 ; retract
G0 Z1.2 F3600
G0 X86.8072 Y96.0583 F27000
G0 Z1 F3600
G1 E0.5 F2700 ; unretract
G1 X108.0204 Y117.2715 E1.01546 F12000 ; pattern
G1 X86.8072 Y138.4847 E1.01546 F12000 ; pattern
G0 X87.3829 Y138.4847 F27000
G1 X108.5961 Y117.2715 E1.01546 F12000 ; pattern
G1 X87.3829 Y96.0583 E1.01546 F12000 ; pattern
G0 X87.9586 Y96.0583 F27000
G1 X109.1718 Y117.2715 E1.01546 F12000 ; pattern
G1 X87.9586 Y138.4847 E1.01546 F12000 ; pattern
SET_PRESSURE_ADVANCE ADVANCE=0.02 ; pattern 2/16
G1 E-0.5 F2700 ; retract
G0 Z1.2 F3600
G0 X90.4086 Y96.0583 F27000
G0 Z1 F3600
G1 E0.5 F2700 ; unretract
G1 X111.6218 Y117.2715 E1.01546 F12000 ; pattern
G1 X90.4086 Y138.4847 E1.01546 F12000 ; pattern
G0 X90.9843 Y138.4847 F27000
G1 X112.1975 Y117.2715 E1.01546 F12000 ; pattern
G1 X90.9843 Y96.0583 E1.01546 F12000 ; pattern
G0 X91.56 Y96.0583 F27000
G1 X112.7732 Y117.2715 E1.01546 F12000 ; pattern
G1 X91.56 Y138.4847 E1.01546 F12000 ; pattern
SET_PRESSURE_ADVANCE ADVANCE=0.04 ; pattern 3/16
G1 E-0.5 F2700 ; retract
G0 Z1.2 F3600
G0 X94.01 Y96.0583 F27000
G0 Z1 F3600
G1 E0.5 F2700 ; unretract
G1 X115.2232 Y117.2715 E1.01546 F12000 ; pattern
G1 X94.01 Y138.4847 E1.01546 F12000 ; pattern
G0 X94.5857 Y138.4847 F27000
G1 X115.7989 Y117.2715 E1.01546 F12000 ; pattern
G1 X94.5857 Y96.0583 E1.01546 F12000 ; pattern
G0 X95.1614 Y96.0583 F27000
G1 X116.3746 Y117.2715 E1.01546 F12000 ; pattern
G1 X95.1614 Y138.4847 E1.01546 F12000 ; pattern
SET_PRESSURE_ADVANCE ADVANCE=0.06 ; pattern 4/16
G1 E-0.5 F2700 ; retract
G0 Z1.2 F3600
G0 X97.6114 Y96.0583 F27000
G0 Z1 F3600
G1 E0.5 F2700 ; unretract
G1 X118.8246 Y117.2715 E1.01546 F12000 ; pattern
G1 X97.6114 Y138.4847 E1.01546 F12000 ; pattern
G0 X98.1871 Y138.4847 F27000
G1 X119.4003 Y117.2715 E1.01546 F12000 ; pattern
G1 X98.1871 Y96.0583 E1.01546 F12000 ; pattern
G0 X98.7628 Y96.0583 F27000
G1 X119.976 Y117.2715 E1.01546 F12000 ; pattern
G1 X98.7628 Y138.4847 E1.01546 F12000 ; pattern
SET_PRESSURE_ADVANCE ADVANCE=0.08 ; pattern 5/16
G1 E-0.5 F2700 ; retract
G0 Z1.2 F3600
G0 X101.2128 Y96.0583 F27000
G0 Z1 F3600
G1 E0.5 F2700 ; unretract
G1 X122.426 Y117.2715 E1.01546 F12000 ; pattern
G1 X101.2128 Y138.4847 E1.01546 F12000 ; pattern
G0 X101.7885 Y138.4847 F27000
G1 X123.0017 Y117.2715 E1.01546 F12000 ; pattern
G1 X101.7885 Y96.0583 E1.01546 F12000 ; pattern
G0 X102.3642 Y96.0583 F27000
G1 X123.5774 Y117.2715 E1.01546 F12000 ; pattern
G1 X102.3642 Y138.4847 E1.01546 F12000 ; pattern
SET_PRESSURE_ADVANCE ADVANCE=0.1 ; pattern 6/16
G1 E-0.5 F2700 ; retract
G0 Z1.2 F3600
G0 X104.8142 Y96.0583 F27000
G0 Z1 F3600
G1 E0.5 F2700 ; unretract
G1 X126.0274 Y117.2715 E1.01546 F12000 ; pattern
G1 X104.8142 Y138.4847 E1.01546 F12000 ; pattern
G0 X105.3899 Y138.4847 F27000
G1 X126.6031 Y117.2715 E1.01546 F12000 ; pattern
G1 X105.3899 Y96.0583 E1.01546 F12000 ; pattern
G0 X105.9656 Y96.0583 F27000
G1 X127.1788 Y117.2715 E1.01546 F12000 ; pattern
G1 X105.9656 Y138.4847 E1.01546 F12000 ; pattern
SET_PRESSURE_ADVANCE ADVANCE=0.12 ; pattern 7/16
G1 E-0.5 F2700 ; retract
G0 Z1.2 F3600
G0 X108.4156 Y96.0583 F27000
G0 Z1 F3600
G1 E0.5 F2700 ; unretract
G1 X129.6288 Y117.2715 E1.01546 F12000 ; pattern
G1 X108.4156 Y138.4847 E1.01546 F12000 ; pattern
G0 X108.9913 Y138.4847 F27000
G1 X130.2045 Y117.2715 E1.01546 F12000 ; pattern
G1 X108.9913 Y96.0583 E1.01546 F12000 ; pattern
G0 X109.567 Y96.0583 F27000
G1 X130.7802 Y117.2715 E1.01546 F12000 ; pattern
G1 X109.567 Y138.4847 E1.01546 F12000 ; pattern
SET_PRESSURE_ADVANCE ADVANCE=0.14 ; pattern 8/16
G1 E-0.5 F2700 ; retract
G0 Z1.2 F3600
G0 X112.017 Y96.0583 F27000
G0 Z1 F3600
G1 E0.5 F2700 ; unretract
G1 X133.2302 Y117.2715 E1.01546 F12000 ; pattern
G1 X112.017 Y138.4847 E1.01546 F12000 ; pattern
G0 X112.5927 Y138.4847 F27000
G1 X133.8059 Y117.2715 E1.01546 F12000 ; pattern
G1 X112.5927 Y96.0583 E1.01546 F12000 ; pattern
G0 X113.1684 Y96.0583 F27000
G1 X134.3816 Y117.2715 E1.01546 F12000 ; pattern
G1 X113.1684 Y138.4847 E1.01546 F12000 ; pattern
SET_PRESSURE_ADVANCE ADVANCE=0.16 ; pattern 9/16
G1 E-0.5 F2700 ; retract
G0 Z1.2 F3600
G0 X115.6184 Y96.0583 F27000
G0 Z1 F3600
G1 E0.5 F2700 ; unretract
G1 X136.8316 Y117.2715 E1.01546 F12000 ; pattern
G1 X115.6184 Y138.4847 E1.01546 F12000 ; pattern
G0 X116.1941 Y138.4847 F27000
G1 X137.4073 Y117.2715 E1.01546 F12000 ; pattern
G1 X116.1941 Y96.0583 E1.01546 F12000 ; pattern
G0 X116.7698 Y96.0583 F27000
G1 X137.983 Y117.2715 E1.01546 F12000 ; pattern
G1 X116.7698 Y138.4847 E1.01546 F12000 ; pattern
SET_PRESSURE_ADVANCE ADVANCE=0.18 ; pattern 10/16
G1 E-0.5 F2700 ; retract
G0 Z1.2 F3600
G0 X119.2198 Y96.0583 F27000
G0 Z1 F3600
G1 E0.5 F2700 ; unretract
G1 X140.433 Y117.2715 E1.01546 F12000 ; pattern
G1 X119.2198 Y138.4847 E1.01546 F12000 ; pattern
G0 X119.7955 Y138.4847 F27000
G1 X141.0087 Y117.2715 E1.01546 F12000 ; pattern
G1 X119.7955 Y96.0583 E1.01546 F12000 ; pattern
G0 X120.3712 Y96.0583 F27000
G1 X141.5844 Y117.2715 E1.01546 F12000 ; pattern
G1 X120.3712 Y138.4847 E1.01546 F12000 ; pattern
SET_PRESSURE_ADVANCE ADVANCE=0.2 ; pattern 11/16
G1 E-0.5 F2700 ; retract
G0 Z1.2 F3600
G0 X122.8212 Y96.0583 F27000
G0 Z1 F3600
G1 E0.5 F2700 ; unretract
G1 X144.0344 Y117.2715 E1.01546 F12000 ; pattern
G1 X122.8212 Y138.4847 E1.01546 F12000 ; pattern
G0 X123.3969 Y138.4847 F27000
G1 X144.6101 Y117.2715 E1.01546 F12000 ; pattern
G1 X123.3969 Y96.0583 E1.01546 F12000 ; pattern
G0 X123.9726 Y96.0583 F27000
G1 X145.1858 Y117.2715 E1.01546 F12000 ; pattern
G1 X123.9726 Y138.4847 E1.01546 F12000 ; pattern
SET_PRESSURE_ADVANCE ADVANCE=0.22 ; pattern 12/16
G1 E-0.5 F2700 ; retract
G0 Z1.2 F3600
G0 X126.4226 Y96.0583 F27000
G0 Z1 F3600
G1 E0.5 F2700 ; unretract
G1 X147.6358 Y117.2715 E1.01546 F12000 ; pattern
G1 X126.4226 Y138.4847 E1.01546 F12000 ; pattern
G0 X126.9983 Y138.4847 F27000
G1 X148.2115 Y117.2715 E1.01546 F12000 ; pattern
G1 X126.9983 Y96.0583 E1.01546 F12000 ; pattern
G0 X127.574 Y96.0583 F27000
G1 X148.7872 Y117.2715 E1.01546 F12000 ; pattern
G1 X127.574 Y138.4847 E1.01546 F12000 ; pattern
SET_PRESSURE_ADVANCE ADVANCE=0.24 ; pattern 13/16
G1 E-0.5 F2700 ; retract
G0 Z1.2 F3600
G0 X130.024 Y96.0583 F27000
G0 Z1 F3600
G1 E0.5 F2700 ; unretract
G1 X151.2372 Y117.2715 E1.01546 F12000 ; pattern
G1 X130.024 Y138.4847 E1.01546 F12000 ; pattern
G0 X130.5997 Y138.4847 F27000
G1 X151.8129 Y117.2715 E1.01546 F12000 ; pattern
G1 X130.5997 Y96.0583 E1.01546 F12000 ; pattern
G0 X131.1754 Y96.0583 F27000
G1 X152.3886 Y117.2715 E1.01546 F12000 ; pattern
G1 X131.1754 Y138.4847 E1.01546 F12000 ; pattern
SET_PRESSURE_ADVANCE ADVANCE=0.26 ; pattern 14/16
G1 E-0.5 F2700 ; retract
G0 Z1.2 F3600
G0 X133.6254 Y96.0583 F27000
G0 Z1 F3600
G1 E0.5 F2700 ; unretract
G1 X154.8386 Y117.2715 E1.01546 F12000 ; pattern
G1 X133.6254 Y138.4847 E1.01546 F12000 ; pattern
G0 X134.2011 Y138.4847 F27000
G1 X155.4143 Y117.2715 E1.01546 F12000 ; pattern
G1 X134.2011 Y96.0583 E1.01546 F12000 ; pattern
G0 X134.7768 Y96.0583 F27000
G1 X155.99 Y117.2715 E1.01546 F12000 ; pattern
G1 X134.7768 Y138.4847 E1.01546 F12000 ; pattern
SET_PRESSURE_ADVANCE ADVANCE=0.28 ; pattern 15/16
G1 E-0.5 F2700 ; retract
G0 Z1.2 F3600
G0 X137.2268 Y96.0583 F27000
G0 Z1 F3600
G1 E0.5 F2700 ; unretract
G1 X158.44 Y117.2715 E1.01546 F12000 ; pattern
G1 X137.2268 Y138.4847 E1.01546 F12000 ; pattern
G0 X137.8025 Y138.4847 F27000
G1 X159.0157 Y117.2715 E1.01546 F12000 ; pattern
G1 X137.8025 Y96.0583 E1.01546 F12000 ; pattern
G0 X138.3782 Y96.0583 F27000
G1 X159.5914 Y117.2715 E1.01546 F12000 ; pattern
G1 X138.3782 Y138.4847 E1.01546 F12000 ; pattern
SET_PRESSURE_ADVANCE ADVANCE=0.3 ; pattern 16/16
G1 E-0.5 F2700 ; retract
G0 Z1.2 F3600
G0 X140.8282 Y96.0583 F27000
G0 Z1 F3600
G1 E0.5 F2700 ; unretract
G1 X162.0414 Y117.2715 E1.01546 F12000 ; pattern
G1 X140.8282 Y138.4847 E1.01546 F12000 ; pattern
G0 X141.4039 Y138.4847 F27000
G1 X162.6171 Y117.2715 E1.01546 F12000 ; pattern
G1 X141.4039 Y96.0583 E1.01546 F12000 ; pattern
G0 X141.9796 Y96.0583 F27000
G1 X163.1928 Y117.2715 E1.01546 F12000 ; pattern
G1 X141.9796 Y138.4847 E1.01546 F12000 ; pattern
;LAYER_CHANGE
;Z:1.2
;HEIGHT:0.2
SET_PRINT_STATS_INFO CURRENT_LAYER=6
G0 Z1.2 F3600
;TYPE:External perimeter
SET_PRESSURE_ADVANCE ADVANCE=0 ; pattern 1/16
G1 E-0.5 F2700 ; retract
G0 Z1.4 F3600
G0 X86.8072 Y96.0583 F27000
G0 Z1.2 F3600
G1 E0.5 F2700 ; unretract
G1 X108.0204 Y117.2715 E1.01546 F12000 ; pattern
G1 X86.8072 Y138.4847 E1.01546 F12000 ; pattern
G0 X87.3829 Y138.4847 F27000
G1 X108.5961 Y117.2715 E1.01546 F12000 ; pattern
G1 X87.3829 Y96.0583 E1.01546 F12000 ; pattern
G0 X87.9586 Y96.0583 F27000
G1 X109.1718 Y117.2715 E1.01546 F12000 ; pattern
G1 X87.9586 Y138.4847 E1.01546 F12000 ; pattern
SET_PRESSURE_ADVANCE ADVANCE=0.02 ; pattern 2/16
G1 E-0.5 F2700 ; retract
G0 Z1.4 F3600
G0 X90.4086 Y96.0583 F27000
G0 Z1.2 F3600
G1 E0.5 F2700 ; unretract
G1 X111.6218 Y117.2715 E1.01546 F12000 ; pattern
G1 X90.4086 Y138.4847 E1.01546 F12000 ; pattern
G0 X90.9843 Y138.4847 F27000
G1 X112.1975 Y117.2715 E1.01546 F12000 ; pattern
G1 X90.9843 Y96.0583 E1.01546 F12000 ; pattern
G0 X91.56 Y96.0583 F27000
G1 X112.7732 Y117.2715 E1.01546 F12000 ; pattern
G1 X91.56 Y138.4847 E1.01546 F12000 ; pattern
SET_PRESSURE_ADVANCE ADVANCE=0.04 ; pattern 3/16
G1 E-0.5 F2700 ; retract
G0 Z1.4 F3600
G0 X94.01 Y96.0583 F27000
G0 Z1.2 F3600
G1 E0.5 F2700 ; unretract
G1 X115.2232 Y117.2715 E1.01546 F12000 ; pattern
G1 X94.01 Y138.4847 E1.01546 F12000 ; pattern
G0 X94.5857 Y138.4847 F27000
G1 X115.7989 Y117.2715 E1.01546 F12000 ; pattern
G1 X94.5857 Y96.0583 E1.01546 F12000 ; pattern
G0 X95.1614 Y96.0583 F27000
G1 X116.3746 Y117.2715 E1.01546 F12000 ; pattern
G1 X95.1614 Y138.4847 E1.01546 F12000 ; pattern
SET_PRESSURE_ADVANCE ADVANCE=0.06 ; pattern 4/16
G1 E-0.5 F2700 ; retract
G0 Z1.4 F3600
G0 X97.6114 Y96.0583 F27000
G0 Z1.2 F3600
G1 E0.5 F2700 ; unretract
G1 X118.8246 Y117.2715 E1.01546 F12000 ; pattern
G1 X97.6114 Y138.4847 E1.01546 F12000 ; pattern
G0 X98.1871 Y138.4847 F27000
G1 X119.4003 Y117.2715 E1.01546 F12000 ; pattern
G1 X98.1871 Y96.0583 E1.01546 F12000 ; pattern
G0 X98.7628 Y96.0583 F27000
G1 X119.976 Y117.2715 E1.01546 F12000 ; pattern
G1 X98.7628 Y138.4847 E1.01546 F12000 ; pattern
SET_PRESSURE_ADVANCE ADVANCE=0.08 ; pattern 5/16
G1 E-0.5 F2700 ; retract
G0 Z1.4 F3600
G0 X101.2128 Y96.0583 F27000
G0 Z1.2 F3600
G1 E0.5 F2700 ; unretract
G1 X122.426 Y117.2715 E1.01546 F12000 ; pattern
G1 X101.2128 Y138.4847 E1.01546 F12000 ; pattern
G0 X101.7885 Y138.4847 F27000
G1 X123.0017 Y117.2715 E1.01546 F12000 ; pattern
G1 X101.7885 Y96.0583 E1.01546 F12000 ; pattern
G0 X102.3642 Y96.0583 F27000
G1 X123.5774 Y117.2715 E1.01546 F12000 ; pattern
G1 X102.3642 Y138.4847 E1.01546 F12000 ; pattern
SET_PRESSURE_ADVANCE ADVANCE=0.1 ; pattern 6/16
G1 E-0.5 F2700 ; retract
G0 Z1.4 F3600
G0 X104.8142 Y96.0583 F27000
G0 Z1.2 F3600
G1 E0.5 F2700 ; unretract
G1 X126.0274 Y117.2715 E1.01546 F12000 ; pattern
G1 X104.8142 Y138.4847 E1.01546 F12000 ; pattern
G0 X105.3899 Y138.4847 F27000
G1 X126.6031 Y117.2715 E1.01546 F12000 ; pattern
G1 X105.3899 Y96.0583 E1.01546 F12000 ; pattern
G0 X105.9656 Y96.0583 F27000
G1 X127.1788 Y117.2715 E1.01546 F12000 ; pattern
G1 X105.9656 Y138.4847 E1.01546 F12000 ; pattern
SET_PRESSURE_ADVANCE ADVANCE=0.12 ; pattern 7/16
G1 E-0.5 F2700 ; retract
G0 Z1.4 F3600
G0 X108.4156 Y96.0583 F27000
G0 Z1.2 F3600
G1 E0.5 F2700 ; unretract
G1 X129.6288 Y117.2715 E1.01546 F12000 ; pattern
G1 X108.4156 Y138.4847 E1.01546 F12000 ; pattern
G0 X108.9913 Y138.4847 F27000
G1 X130.2045 Y117.2715 E1.01546 F12000 ; pattern
G1 X108.9913 Y96.0583 E1.01546 F12000 ; pattern
G0 X109.567 Y96.0583 F27000
G1 X130.7802 Y117.2715 E1.01546 F12000 ; pattern
G1 X109.567 Y138.4847 E1.01546 F12000 ; pattern
SET_PRESSURE_ADVANCE ADVANCE=0.14 ; pattern 8/16
G1 E-0.5 F2700 ; retract
G0 Z1.4 F3600
G0 X112.017 Y96.0583 F27000
G0 Z1.2 F3600
G1 E0.5 F2700 ; unretract
G1 X133.2302 Y117.2715 E1.01546 F12000 ; pattern
G1 X112.017 Y138.4847 E1.01546 F12000 ; pattern
G0 X112.5927 Y138.4847 F27000
G1 X133.8059 Y117.2715 E1.01546 F12000 ; pattern
G1 X112.5927 Y96.0583 E1.01546 F12000 ; pattern
G0 X113.1684 Y96.0583 F27000
G1 X134.3816 Y117.2715 E1.01546 F12000 ; pattern
G1 X113.1684 Y138.4847 E1.01546 F12000 ; pattern
SET_PRESSURE_ADVANCE ADVANCE=0.16 ; pattern 9/16
G1 E-0.5 F2700 ; retract
G0 Z1.4 F3600
G0 X115.6184 Y96.0583 F27000
G0 Z1.2 F3600
G1 E0.5 F2700 ; unretract
G1 X136.8316 Y117.2715 E1.01546 F12000 ; pattern
G1 X115.6184 Y138.4847 E1.01546 F12000 ; pattern
G0 X116.1941 Y138.4847 F27000
G1 X137.4073 Y117.2715 E1.01546 F12000 ; pattern
G1 X116.1941 Y96.0583 E1.01546 F12000 ; pattern
G0 X116.7698 Y96.0583 F27000
G1 X137.983 Y117.2715 E1.01546 F12000 ; pattern
G1 X116.7698 Y138.4847 E1.01546 F12000 ; pattern
SET_PRESSURE_ADVANCE ADVANCE=0.18 ; pattern 10/16
G1 E-0.5 F2700 ; retract
G0 Z1.4 F3600
G0 X119.2198 Y96.0583 F27000
G0 Z1.2 F3600
G1 E0.5 F2700 ; unretract
G1 X140.433 Y117.2715 E1.01546 F12000 ; pattern
G1 X119.2198 Y138.4847 E1.01546 F12000 ; pattern
G0 X119.7955 Y138.4847 F27000
G1 X141.0087 Y117.2715 E1.01546 F12000 ; pattern
G1 X119.7955 Y96.0583 E1.01546 F12000 ; pattern
G0 X120.3712 Y96.0583 F27000
G1 X141.5844 Y117.2715 E1.01546 F12000 ; pattern
G1 X120.3712 Y138.4847 E1.01546 F12000 ; pattern
SET_PRESSURE_ADVANCE ADVANCE=0.2 ; pattern 11/16
G1 E-0.5 F2700 ; retract
G0 Z1.4 F3600
G0 X122.8212 Y96.0583 F27000
G0 Z1.2 F3600
G1 E0.5 F2700 ; unretract
G1 X144.0344 Y117.2715 E1.01546 F12000 ; pattern
G1 X122.8212 Y138.4847 E1.01546 F12000 ; pattern
G0 X123.3969 Y138.4847 F27000
G1 X144.6101 Y117.2715 E1.01546 F12000 ; pattern
G1 X123.3969 Y96.0583 E1.01546 F12000 ; pattern
G0 X123.9726 Y96.0583 F27000
G1 X145.1858 Y117.2715 E1.01546 F12000 ; pattern
G1 X123.9726 Y138.4847 E1.01546 F12000 ; pattern
SET_PRESSURE_ADVANCE ADVANCE=0.22 ; pattern 12/16
G1 E-0.5 F2700 ; retract
G0 Z1.4 F3600
G0 X126.4226 Y96.0583 F27000
G0 Z1.2 F3600
G1 E0.5 F2700 ; unretract
G1 X147.6358 Y117.2715 E1.01546 F12000 ; pattern
G1 X126.4226 Y138.4847 E1.01546 F12000 ; pattern
G0 X126.9983 Y138.4847 F27000
G1 X148.2115 Y117.2715 E1.01546 F12000 ; pattern
G1 X126.9983 Y96.0583 E1.01546 F12000 ; pattern
G0 X127.574 Y96.0583 F27000
G1 X148.7872 Y117.2715 E1.01546 F12000 ; pattern
G1 X127.574 Y138.4847 E1.01546 F12000 ; pattern
SET_PRESSURE_ADVANCE ADVANCE=0.24 ; pattern 13/16
G1 E-0.5 F2700 ; retract
G0 Z1.4 F3600
G0 X130.024 Y96.0583 F27000
G0 Z1.2 F3600
G1 E0.5 F2700 ; unretract
G1 X151.2372 Y117.2715 E1.01546 F12000 ; pattern
G1 X130.024 Y138.4847 E1.01546 F12000 ; pattern
G0 X130.5997 Y138.4847 F27000
G1 X151.8129 Y117.2715 E1.01546 F12000 ; pattern
G1 X130.5997 Y96.0583 E1.01546 F12000 ; pattern
G0 X131.1754 Y96.0583 F27000
G1 X152.3886 Y117.2715 E1.01546 F12000 ; pattern
G1 X131.1754 Y138.4847 E1.01546 F12000 ; pattern
SET_PRESSURE_ADVANCE ADVANCE=0.26 ; pattern 14/16
G1 E-0.5 F2700 ; retract
G0 Z1.4 F3600
G0 X133.6254 Y96.0583 F27000
G0 Z1.2 F3600
G1 E0.5 F2700 ; unretract
G1 X154.8386 Y117.2715 E1.01546 F12000 ; pattern
G1 X133.6254 Y138.4847 E1.01546 F12000 ; pattern
G0 X134.2011 Y138.4847 F27000
G1 X155.4143 Y117.2715 E1.01546 F12000 ; pattern
G1 X134.2011 Y96.0583 E1.01546 F12000 ; pattern
G0 X134.7768 Y96.0583 F27000
G1 X155.99 Y117.2715 E1.01546 F12000 ; pattern
G1 X134.7768 Y138.4847 E1.01546 F12000 ; pattern
SET_PRESSURE_ADVANCE ADVANCE=0.28 ; pattern 15/16
G1 E-0.5 F2700 ; retract
G0 Z1.4 F3600
G0 X137.2268 Y96.0583 F27000
G0 Z1.2 F3600
G1 E0.5 F2700 ; unretract
G1 X158.44 Y117.2715 E1.01546 F12000 ; pattern
G1 X137.2268 Y138.4847 E1.01546 F12000 ; pattern
G0 X137.8025 Y138.4847 F27000
G1 X159.0157 Y117.2715 E1.01546 F12000 ; pattern
G1 X137.8025 Y96.0583 E1.01546 F12000 ; pattern
G0 X138.3782 Y96.0583 F27000
G1 X159.5914 Y117.2715 E1.01546 F12000 ; pattern
G1 X138.3782 Y138.4847 E1.01546 F12000 ; pattern
SET_PRESSURE_ADVANCE ADVANCE=0.3 ; pattern 16/16
G1 E-0.5 F2700 ; retract
G0 Z1.4 F3600
G0 X140.8282 Y96.0583 F27000
G0 Z1.2 F3600
G1 E0.5 F2700 ; unretract
G1 X162.0414 Y117.2715 E1.01546 F12000 ; pattern
G1 X140.8282 Y138.4847 E1.01546 F12000 ; pattern
G0 X141.4039 Y138.4847 F27000
G1 X162.6171 Y117.2715 E1.01546 F12000 ; pattern
G1 X141.4039 Y96.0583 E1.01546 F12000 ; pattern
G0 X141.9796 Y96.0583 F27000
G1 X163.1928 Y117.2715 E1.01546 F12000 ; pattern
G1 X141.9796 Y138.4847 E1.01546 F12000 ; pattern
;LAYER_CHANGE
;Z:1.4
;HEIGHT:0.2
SET_PRINT_STATS_INFO CURRENT_LAYER=7
G0 Z1.4 F3600
;TYPE:External perimeter
SET_PRESSURE_ADVANCE ADVANCE=0 ; pattern 1/16
G1 E-0.5 F2700 ; retract
G0 Z1.6 F3600
G0 X86.8072 Y96.0583 F27000
G0 Z1.4 F3600
G1 E0.5 F2700 ; unretract
G1 X108.0204 Y117.2715 E1.01546 F12000 ; pattern
G1 X86.8072 Y138.4847 E1.01546 F12000 ; pattern
G0 X87.3829 Y138.4847 F27000
G1 X108.5961 Y117.2715 E1.01546 F12000 ; pattern
G1 X87.3829 Y96.0583 E1.01546 F12000 ; pattern
G0 X87.9586 Y96.0583 F27000
G1 X109.1718 Y117.2715 E1.01546 F12000 ; pattern
G1 X87.9586 Y138.4847 E1.01546 F12000 ; pattern
SET_PRESSURE_ADVANCE ADVANCE=0.02 ; pattern 2/16
G1 E-0.5 F2700 ; retract
G0 Z1.6 F3600
G0 X90.4086 Y96.0583 F27000
G0 Z1.4 F3600
G1 E0.5 F2700 ; unretract
G1 X111.6218 Y117.2715 E1.01546 F12000 ; pattern
G1 X90.4086 Y138.4847 E1.01546 F12000 ; pattern
G0 X90.9843 Y138.4847 F27000
G1 X112.1975 Y117.2715 E1.01546 F12000 ; pattern
G1 X90.9843 Y96.0583 E1.01546 F12000 ; pattern
G0 X91.56 Y96.0583 F27000
G1 X112.7732 Y117.2715 E1.01546 F12000 ; pattern
G1 X91.56 Y138.4847 E1.01546 F12000 ; pattern
SET_PRESSURE_ADVANCE ADVANCE=0.04 ; pattern 3/16
G1 E-0.5 F2700 ; retract
G0 Z1.6 F3600
G0 X94.01 Y96.0583 F27000
G0 Z1.4 F3600
G1 E0.5 F2700 ; unretract
G1 X115.2232 Y117.2715 E1.01546 F12000 ; pattern
G1 X94.01 Y138.4847 E1.01546 F12000 ; pattern
G0 X94.5857 Y138.4847 F27000
G1 X115.7989 Y117.2715 E1.01546 F12000 ; pattern
G1 X94.5857 Y96.0583 E1.01546 F12000 ; pattern
G0 X95.1614 Y96.0583 F27000
G1 X116.3746 Y117.2715 E1.01546 F12000 ; pattern
G1 X95.1614 Y138.4847 E1.01546 F12000 ; pattern
SET_PRESSURE_ADVANCE ADVANCE=0.06 ; pattern 4/16
G1 E-0.5 F2700 ; retract
G0 Z1.6 F3600
G0 X97.6114 Y96.0583 F27000
G0 Z1.4 F3600
G1 E0.5 F2700 ; unretract
G1 X118.8246 Y117.2715 E1.01546 F12000 ; pattern
G1 X97.6114 Y138.4847 E1.01546 F12000 ; pattern
G0 X98.1871 Y138.4847 F27000
G1 X119.4003 Y117.2715 E1.01546 F12000 ; pattern
G1 X98.1871 Y96.0583 E1.01546 F12000 ; pattern
G0 X98.7628 Y96.0583 F27000
G1 X119.976 Y117.2715 E1.01546 F12000 ; pattern
G1 X98.7628 Y138.4847 E1.01546 F12000 ; pattern
SET_PRESSURE_ADVANCE ADVANCE=0.08 ; pattern 5/16
G1 E-0.5 F2700 ; retract
G0 Z1.6 F3600
G0 X101.2128 Y96.0583 F27000
G0 Z1.4 F3600
G1 E0.5 F2700 ; unretract
G1 X122.426 Y117.2715 E1.01546 F12000 ; pattern
G1 X101.2128 Y138.4847 E1.01546 F12000 ; pattern
G0 X101.7885 Y138.4847 F27000
G1 X123.0017 Y117.2715 E1.01546 F12000 ; pattern
G1 X101.7885 Y96.0583 E1.01546 F12000 ; pattern
G0 X102.3642 Y96.0583 F27000
G1 X123.5774 Y117.2715 E1.01546 F12000 ; pattern
G1 X102.3642 Y138.4847 E1.01546 F12000 ; pattern
SET_PRESSURE_ADVANCE ADVANCE=0.1 ; pattern 6/16
G1 E-0.5 F2700 ; retract
G0 Z1.6 F3600
G0 X104.8142 Y96.0583 F27000
G0 Z1.4 F3600
G1 E0.5 F2700 ; unretract
G1 X126.0274 Y117.2715 E1.01546 F12000 ; pattern
G1 X104.8142 Y138.4847 E1.01546 F12000 ; pattern
G0 X105.3899 Y138.4847 F27000
G1 X126.6031 Y117.2715 E1.01546 F12000 ; pattern
G1 X105.3899 Y96.0583 E1.01546 F12000 ; pattern
G0 X105.9656 Y96.0583 F27000
G1 X127.1788 Y117.2715 E1.01546 F12000 ; pattern
G1 X105.9656 Y138.4847 E1.01546 F12000 ; pattern
SET_PRESSURE_ADVANCE ADVANCE=0.12 ; pattern 7/16
G1 E-0.5 F2700 ; retract
G0 Z1.6 F3600
G0 X108.4156 Y96.0583 F27000
G0 Z1.4 F3600
G1 E0.5 F2700 ; unretract
G1 X129.6288 Y117.2715 E1.01546 F12000 ; pattern
G1 X108.4156 Y138.4847 E1.01546 F12000 ; pattern
G0 X108.9913 Y138.4847 F27000
G1 X130.2045 Y117.2715 E1.01546 F12000 ; pattern
G1 X108.9913 Y96.0583 E1.01546 F12000 ; pattern
G0 X109.567 Y96.0583 F27000
G1 X130.7802 Y117.2715 E1.01546 F12000 ; pattern
G1 X109.567 Y138.4847 E1.01546 F12000 ; pattern
SET_PRESSURE_ADVANCE ADVANCE=0.14 ; pattern 8/16
G1 E-0.5 F2700 ; retract
G0 Z1.6 F3600
G0 X112.017 Y96.0583 F27000
G0 Z1.4 F3600
G1 E0.5 F2700 ; unretract
G1 X133.2302 Y117.2715 E1.01546 F12000 ; pattern
G1 X112.017 Y138.4847 E1.01546 F12000 ; pattern
G0 X112.5927 Y138.4847 F27000
G1 X133.8059 Y117.2715 E1.01546 F12000 ; pattern
G1 X112.5927 Y96.0583 E1.01546 F12000 ; pattern
G0 X113.1684 Y96.0583 F27000
G1 X134.3816 Y117.2715 E1.01546 F12000 ; pattern
G1 X113.1684 Y138.4847 E1.01546 F12000 ; pattern
SET_PRESSURE_ADVANCE ADVANCE=0.16 ; pattern 9/16
G1 E-0.5 F2700 ; retract
G0 Z1.6 F3600
G0 X115.6184 Y96.0583 F27000
G0 Z1.4 F3600
G1 E0.5 F2700 ; unretract
G1 X136.8316 Y117.2715 E1.01546 F12000 ; pattern
G1 X115.6184 Y138.4847 E1.01546 F12000 ; pattern
G0 X116.1941 Y138.4847 F27000
G1 X137.4073 Y117.2715 E1.01546 F12000 ; pattern
G1 X116.1941 Y96.0583 E1.01546 F12000 ; pattern
G0 X116.7698 Y96.0583 F27000
G1 X137.983 Y117.2715 E1.01546 F12000 ; pattern
G1 X116.7698 Y138.4847 E1.01546 F12000 ; pattern
SET_PRESSURE_ADVANCE ADVANCE=0.18 ; pattern 10/16
G1 E-0.5 F2700 ; retract
G0 Z1.6 F3600
G0 X119.2198 Y96.0583 F27000
G0 Z1.4 F3600
G1 E0.5 F2700 ; unretract
G1 X140.433 Y117.2715 E1.01546 F12000 ; pattern
G1 X119.2198 Y138.4847 E1.01546 F12000 ; pattern
G0 X119.7955 Y138.4847 F27000
G1 X141.0087 Y117.2715 E1.01546 F12000 ; pattern
G1 X119.7955 Y96.0583 E1.01546 F12000 ; pattern
G0 X120.3712 Y96.0583 F27000
G1 X141.5844 Y117.2715 E1.01546 F12000 ; pattern
G1 X120.3712 Y138.4847 E1.01546 F12000 ; pattern
SET_PRESSURE_ADVANCE ADVANCE=0.2 ; pattern 11/16
G1 E-0.5 F2700 ; retract
G0 Z1.6 F3600
G0 X122.8212 Y96.0583 F27000
G0 Z1.4 F3600
G1 E0.5 F2700 ; unretract
G1 X144.0344 Y117.2715 E1.01546 F12000 ; pattern
G1 X122.8212 Y138.4847 E1.01546 F12000 ; pattern
G0 X123.3969 Y138.4847 F27000
G1 X144.6101 Y117.2715 E1.01546 F12000 ; pattern
G1 X123.3969 Y96.0583 E1.01546 F12000 ; pattern
G0 X123.9726 Y96.0583 F27000
G1 X145.1858 Y117.2715 E1.01546 F12000 ; pattern
G1 X123.9726 Y138.4847 E1.01546 F12000 ; pattern
SET_PRESSURE_ADVANCE ADVANCE=0.22 ; pattern 12/16
G1 E-0.5 F2700 ; retract
G0 Z1.6 F3600
G0 X126.4226 Y96.0583 F27000
G0 Z1.4 F3600
G1 E0.5 F2700 ; unretract
G1 X147.6358 Y117.2715 E1.01546 F12000 ; pattern
G1 X126.4226 Y138.4847 E1.01546 F12000 ; pattern
G0 X126.9983 Y138.4847 F27000
G1 X148.2115 Y117.2715 E1.01546 F12000 ; pattern
G1 X126.9983 Y96.0583 E1.01546 F12000 ; pattern
G0 X127.574 Y96.0583 F27000
G1 X148.7872 Y117.2715 E1.01546 F12000 ; pattern
G1 X127.574 Y138.4847 E1.01546 F12000 ; pattern
SET_PRESSURE_ADVANCE ADVANCE=0.24 ; pattern 13/16
G1 E-0.5 F2700 ; retract
G0 Z1.6 F3600
G0 X130.024 Y96.0583 F27000
G0 Z1.4 F3600
G1 E0.5 F2700 ; unretract
G1 X151.2372 Y117.2715 E1.01546 F12000 ; pattern
G1 X130.024 Y138.4847 E1.01546 F12000 ; pattern
G0 X130.5997 Y138.4847 F27000
G1 X151.8129 Y117.2715 E1.01546 F12000 ; pattern
G1 X130.5997 Y96.0583 E1.01546 F12000 ; pattern
G0 X131.1754 Y96.0583 F27000
G1 X152.3886 Y117.2715 E1.01546 F12000 ; pattern
G1 X131.1754 Y138.4847 E1.01546 F12000 ; pattern
SET_PRESSURE_ADVANCE ADVANCE=0.26 ; pattern 14/16
G1 E-0.5 F2700 ; retract
G0 Z1.6 F3600
G0 X133.6254 Y96.0583 F27000
G0 Z1.4 F3600
G1 E0.5 F2700 ; unretract
G1 X154.8386 Y117.2715 E1.01546 F12000 ; pattern
G1 X133.6254 Y138.4847 E1.01546 F12000 ; pattern
G0 X134.2011 Y138.4847 F27000
G1 X155.4143 Y117.2715 E1.01546 F12000 ; pattern
G1 X134.2011 Y96.0583 E1.01546 F12000 ; pattern
G0 X134.7768 Y96.0583 F27000
G1 X155.99 Y117.2715 E1.01546 F12000 ; pattern
G1 X134.7768 Y138.4847 E1.01546 F12000 ; pattern
SET_PRESSURE_ADVANCE ADVANCE=0.28 ; pattern 15/16
G1 E-0.5 F2700 ; retract
G0 Z1.6 F3600
G0 X137.2268 Y96.0583 F27000
G0 Z1.4 F3600
G1 E0.5 F2700 ; unretract
G1 X158.44 Y117.2715 E1.01546 F12000 ; pattern
G1 X137.2268 Y138.4847 E1.01546 F12000 ; pattern
G0 X137.8025 Y138.4847 F27000
G1 X159.0157 Y117.2715 E1.01546 F12000 ; pattern
G1 X137.8025 Y96.0583 E1.01546 F12000 ; pattern
G0 X138.3782 Y96.0583 F27000
G1 X159.5914 Y117.2715 E1.01546 F12000 ; pattern
G1 X138.3782 Y138.4847 E1.01546 F12000 ; pattern
SET_PRESSURE_ADVANCE ADVANCE=0.3 ; pattern 16/16
G1 E-0.5 F2700 ; retract
G0 Z1.6 F3600
G0 X140.8282 Y96.0583 F27000
G0 Z1.4 F3600
G1 E0.5 F2700 ; unretract
G1 X162.0414 Y117.2715 E1.01546 F12000 ; pattern
G1 X140.8282 Y138.4847 E1.01546 F12000 ; pattern
G0 X141.4039 Y138.4847 F27000
G1 X162.6171 Y117.2715 E1.01546 F12000 ; pattern
G1 X141.4039 Y96.0583 E1.01546 F12000 ; pattern
G0 X141.9796 Y96.0583 F27000
G1 X163.1928 Y117.2715 E1.01546 F12000 ; pattern
G1 X141.9796 Y138.4847 E1.01546 F12000 ; pattern
;LAYER_CHANGE
;Z:1.6
;HEIGHT:0.2
SET_PRINT_STATS_INFO CURRENT_LAYER=8
G0 Z1.6 F3600
;TYPE:External perimeter
SET_PRESSURE_ADVANCE ADVANCE=0 ; pattern 1/16
G1 E-0.5 F2700 ; retract
G0 Z1.8 F3600
G0 X86.8072 Y96.0583 F27000
G0 Z1.6 F3600
G1 E0.5 F2700 ; unretract
G1 X108.0204 Y117.2715 E1.01546 F12000 ; pattern
G1 X86.8072 Y138.4847 E1.01546 F12000 ; pattern
G0 X87.3829 Y138.4847 F27000
G1 X108.5961 Y117.2715 E1.01546 F12000 ; pattern
G1 X87.3829 Y96.0583 E1.01546 F12000 ; pattern
G0 X87.9586 Y96.0583 F27000
G1 X109.1718 Y117.2715 E1.01546 F12000 ; pattern
G1 X87.9586 Y138.4847 E1.01546 F12000 ; pattern
SET_PRESSURE_ADVANCE ADVANCE=0.02 ; pattern 2/16
G1 E-0.5 F2700 ; retract
G0 Z1.8 F3600
G0 X90.4086 Y96.0583 F27000
G0 Z1.6 F3600
G1 E0.5 F2700 ; unretract
G1 X111.6218 Y117.2715 E1.01546 F12000 ; pattern
G1 X90.4086 Y138.4847 E1.01546 F12000 ; pattern
G0 X90.9843 Y138.4847 F27000
G1 X112.1975 Y117.2715 E1.01546 F12000 ; pattern
G1 X90.9843 Y96.0583 E1.01546 F12000 ; pattern
G0 X91.56 Y96.0583 F27000
G1 X112.7732 Y117.2715 E1.01546 F12000 ; pattern
G1 X91.56 Y138.4847 E1.01546 F12000 ; pattern
SET_PRESSURE_ADVANCE ADVANCE=0.04 ; pattern 3/16
G1 E-0.5 F2700 ; retract
G0 Z1.8 F3600
G0 X94.01 Y96.0583 F27000
G0 Z1.6 F3600
G1 E0.5 F2700 ; unretract
G1 X115.2232 Y117.2715 E1.01546 F12000 ; pattern
G1 X94.01 Y138.4847 E1.01546 F12000 ; pattern
G0 X94.5857 Y138.4847 F27000
G1 X115.7989 Y117.2715 E1.01546 F12000 ; pattern
G1 X94.5857 Y96.0583 E1.01546 F12000 ; pattern
G0 X95.1614 Y96.0583 F27000
G1 X116.3746 Y117.2715 E1.01546 F12000 ; pattern
G1 X95.1614 Y138.4847 E1.01546 F12000 ; pattern
SET_PRESSURE_ADVANCE ADVANCE=0.06 ; pattern 4/16
G1 E-0.5 F2700 ; retract
G0 Z1.8 F3600
G0 X97.6114 Y96.0583 F27000
G0 Z1.6 F3600
G1 E0.5 F2700 ; unretract
G1 X118.8246 Y117.2715 E1.01546 F12000 ; pattern
G1 X97.6114 Y138.4847 E1.01546 F12000 ; pattern
G0 X98.1871 Y138.4847 F27000
G1 X119.4003 Y117.2715 E1.01546 F12000 ; pattern
G1 X98.1871 Y96.0583 E1.01546 F12000 ; pattern
G0 X98.7628 Y96.0583 F27000
G1 X119.976 Y117.2715 E1.01546 F12000 ; pattern
G1 X98.7628 Y138.4847 E1.01546 F12000 ; pattern
SET_PRESSURE_ADVANCE ADVANCE=0.08 ; pattern 5/16
G1 E-0.5 F2700 ; retract
G0 Z1.8 F3600
G0 X101.2128 Y96.0583 F27000
G0 Z1.6 F3600
G1 E0.5 F2700 ; unretract
G1 X122.426 Y117.2715 E1.01546 F12000 ; pattern
G1 X101.2128 Y138.4847 E1.01546 F12000 ; pattern
G0 X101.7885 Y138.4847 F27000
G1 X123.0017 Y117.2715 E1.01546 F12000 ; pattern
G1 X101.7885 Y96.0583 E1.01546 F12000 ; pattern
G0 X102.3642 Y96.0583 F27000
G1 X123.5774 Y117.2715 E1.01546 F12000 ; pattern
G1 X102.3642 Y138.4847 E1.01546 F12000 ; pattern
SET_PRESSURE_ADVANCE ADVANCE=0.1 ; pattern 6/16
G1 E-0.5 F2700 ; retract
G0 Z1.8 F3600
G0 X104.8142 Y96.0583 F27000
G0 Z1.6 F3600
G1 E0.5 F2700 ; unretract
G1 X126.0274 Y117.2715 E1.01546 F12000 ; pattern
G1 X104.8142 Y138.4847 E1.01546 F12000 ; pattern
G0 X105.3899 Y138.4847 F27000
G1 X126.6031 Y117.2715 E1.01546 F12000 ; pattern
G1 X105.3899 Y96.0583 E1.01546 F12000 ; pattern
G0 X105.9656 Y96.0583 F27000
G1 X127.1788 Y117.2715 E1.01546 F12000 ; pattern
G1 X105.9656 Y138.4847 E1.01546 F12000 ; pattern
SET_PRESSURE_ADVANCE ADVANCE=0.12 ; pattern 7/16
G1 E-0.5 F2700 ; retract
G0 Z1.8 F3600
G0 X108.4156 Y96.0583 F27000
G0 Z1.6 F3600
G1 E0.5 F2700 ; unretract
G1 X129.6288 Y117.2715 E1.01546 F12000 ; pattern
G1 X108.4156 Y138.4847 E1.01546 F12000 ; pattern
G0 X108.9913 Y138.4847 F27000
G1 X130.2045 Y117.2715 E1.01546 F12000 ; pattern
G1 X108.9913 Y96.0583 E1.01546 F12000 ; pattern
G0 X109.567 Y96.0583 F27000
G1 X130.7802 Y117.2715 E1.01546 F12000 ; pattern
G1 X109.567 Y138.4847 E1.01546 F12000 ; pattern
SET_PRESSURE_ADVANCE ADVANCE=0.14 ; pattern 8/16
G1 E-0.5 F2700 ; retract
G0 Z1.8 F3600
G0 X112.017 Y96.0583 F27000
G0 Z1.6 F3600
G1 E0.5 F2700 ; unretract
G1 X133.2302 Y117.2715 E1.01546 F12000 ; pattern
G1 X112.017 Y138.4847 E1.01546 F12000 ; pattern
G0 X112.5927 Y138.4847 F27000
G1 X133.8059 Y117.2715 E1.01546 F12000 ; pattern
G1 X112.5927 Y96.0583 E1.01546 F12000 ; pattern
G0 X113.1684 Y96.0583 F27000
G1 X134.3816 Y117.2715 E1.01546 F12000 ; pattern
G1 X113.1684 Y138.4847 E1.01546 F12000 ; pattern
SET_PRESSURE_ADVANCE ADVANCE=0.16 ; pattern 9/16
G1 E-0.5 F2700 ; retract
G0 Z1.8 F3600
G0 X115.6184 Y96.0583 F27000
G0 Z1.6 F3600
G1 E0.5 F2700 ; unretract
G1 X136.8316 Y117.2715 E1.01546 F12000 ; pattern
G1 X115.6184 Y138.4847 E1.01546 F12000 ; pattern
G0 X116.1941 Y138.4847 F27000
G1 X137.4073 Y117.2715 E1.01546 F12000 ; pattern
G1 X116.1941 Y96.0583 E1.01546 F12000 ; pattern
G0 X116.7698 Y96.0583 F27000
G1 X137.983 Y117.2715 E1.01546 F12000 ; pattern
G1 X116.7698 Y138.4847 E1.01546 F12000 ; pattern
SET_PRESSURE_ADVANCE ADVANCE=0.18 ; pattern 10/16
G1 E-0.5 F2700 ; retract
G0 Z1.8 F3600
G0 X119.2198 Y96.0583 F27000
G0 Z1.6 F3600
G1 E0.5 F2700 ; unretract
G1 X140.433 Y117.2715 E1.01546 F12000 ; pattern
G1 X119.2198 Y138.4847 E1.01546 F12000 ; pattern
G0 X119.7955 Y138.4847 F27000
G1 X141.0087 Y117.2715 E1.01546 F12000 ; pattern
G1 X119.7955 Y96.0583 E1.01546 F12000 ; pattern
G0 X120.3712 Y96.0583 F27000
G1 X141.5844 Y117.2715 E1.01546 F12000 ; pattern
G1 X120.3712 Y138.4847 E1.01546 F12000 ; pattern
SET_PRESSURE_ADVANCE ADVANCE=0.2 ; pattern 11/16
G1 E-0.5 F2700 ; retract
G0 Z1.8 F3600
G0 X122.8212 Y96.0583 F27000
G0 Z1.6 F3600
G1 E0.5 F2700 ; unretract
G1 X144.0344 Y117.2715 E1.01546 F12000 ; pattern
G1 X122.8212 Y138.4847 E1.01546 F12000 ; pattern
G0 X123.3969 Y138.4847 F27000
G1 X144.6101 Y117.2715 E1.01546 F12000 ; pattern
G1 X123.3969 Y96.0583 E1.01546 F12000 ; pattern
G0 X123.9726 Y96.0583 F27000
G1 X145.1858 Y117.2715 E1.01546 F12000 ; pattern
G1 X123.9726 Y138.4847 E1.01546 F12000 ; pattern
SET_PRESSURE_ADVANCE ADVANCE=0.22 ; pattern 12/16
G1 E-0.5 F2700 ; retract
G0 Z1.8 F3600
G0 X126.4226 Y96.0583 F27000
G0 Z1.6 F3600
G1 E0.5 F2700 ; unretract
G1 X147.6358 Y117.2715 E1.01546 F12000 ; pattern
G1 X126.4226 Y138.4847 E1.01546 F12000 ; pattern
G0 X126.9983 Y138.4847 F27000
G1 X148.2115 Y117.2715 E1.01546 F12000 ; pattern
G1 X126.9983 Y96.0583 E1.01546 F12000 ; pattern
G0 X127.574 Y96.0583 F27000
G1 X148.7872 Y117.2715 E1.01546 F12000 ; pattern
G1 X127.574 Y138.4847 E1.01546 F12000 ; pattern
SET_PRESSURE_ADVANCE ADVANCE=0.24 ; pattern 13/16
G1 E-0.5 F2700 ; retract
G0 Z1.8 F3600
G0 X130.024 Y96.0583 F27000
G0 Z1.6 F3600
G1 E0.5 F2700 ; unretract
G1 X151.2372 Y117.2715 E1.01546 F12000 ; pattern
G1 X130.024 Y138.4847 E1.01546 F12000 ; pattern
G0 X130.5997 Y138.4847 F27000
G1 X151.8129 Y117.2715 E1.01546 F12000 ; pattern
G1 X130.5997 Y96.0583 E1.01546 F12000 ; pattern
G0 X131.1754 Y96.0583 F27000
G1 X152.3886 Y117.2715 E1.01546 F12000 ; pattern
G1 X131.1754 Y138.4847 E1.01546 F12000 ; pattern
SET_PRESSURE_ADVANCE ADVANCE=0.26 ; pattern 14/16
G1 E-0.5 F2700 ; retract
G0 Z1.8 F3600
G0 X133.6254 Y96.0583 F27000
G0 Z1.6 F3600
G1 E0.5 F2700 ; unretract
G1 X154.8386 Y117.2715 E1.01546 F12000 ; pattern
G1 X133.6254 Y138.4847 E1.01546 F12000 ; pattern
G0 X134.2011 Y138.4847 F27000
G1 X155.4143 Y117.2715 E1.01546 F12000 ; pattern
G1 X134.2011 Y96.0583 E1.01546 F12000 ; pattern
G0 X134.7768 Y96.0583 F27000
G1 X155.99 Y117.2715 E1.01546 F12000 ; pattern
G1 X134.7768 Y138.4847 E1.01546 F12000 ; pattern
SET_PRESSURE_ADVANCE ADVANCE=0.28 ; pattern 15/16
G1 E-0.5 F2700 ; retract
G0 Z1.8 F3600
G0 X137.2268 Y96.0583 F27000
G0 Z1.6 F3600
G1 E0.5 F2700 ; unretract
G1 X158.44 Y117.2715 E1.01546 F12000 ; pattern
G1 X137.2268 Y138.4847 E1.01546 F12000 ; pattern
G0 X137.8025 Y138.4847 F27000
G1 X159.0157 Y117.2715 E1.01546 F12000 ; pattern
G1 X137.8025 Y96.0583 E1.01546 F12000 ; pattern
G0 X138.3782 Y96.0583 F27000
G1 X159.5914 Y117.2715 E1.01546 F12000 ; pattern
G1 X138.3782 Y138.4847 E1.01546 F12000 ; pattern
SET_PRESSURE_ADVANCE ADVANCE=0.3 ; pattern 16/16
G1 E-0.5 F2700 ; retract
G0 Z1.8 F3600
G0 X140.8282 Y96.0583 F27000
G0 Z1.6 F3600
G1 E0.5 F2700 ; unretract
G1 X162.0414 Y117.2715 E1.01546 F12000 ; pattern
G1 X140.8282 Y138.4847 E1.01546 F12000 ; pattern
G0 X141.4039 Y138.4847 F27000
G1 X162.6171 Y117.2715 E1.01546 F12000 ; pattern
G1 X141.4039 Y96.0583 E1.01546 F12000 ; pattern
G0 X141.9796 Y96.0583 F27000
G1 X163.1928 Y117.2715 E1.01546 F12000 ; pattern
G1 X141.9796 Y138.4847 E1.01546 F12000 ; pattern
;LAYER_CHANGE
;Z:1.8
;HEIGHT:0.2
SET_PRINT_STATS_INFO CURRENT_LAYER=9
G0 Z1.8 F3600
;TYPE:External perimeter
SET_PRESSURE_ADVANCE ADVANCE=0 ; pattern 1/16
G1 E-0.5 F2700 ; retract
G0 Z2 F3600
G0 X86.8072 Y96.0583 F27000
G0 Z1.8 F3600
G1 E0.5 F2700 ; unretract
G1 X108.0204 Y117.2715 E1.01546 F12000 ; pattern
G1 X86.8072 Y138.4847 E1.01546 F12000 ; pattern
G0 X87.3829 Y138.4847 F27000
G1 X108.5961 Y117.2715 E1.01546 F12000 ; pattern
G1 X87.3829 Y96.0583 E1.01546 F12000 ; pattern
G0 X87.9586 Y96.0583 F27000
G1 X109.1718 Y117.2715 E1.01546 F12000 ; pattern
G1 X87.9586 Y138.4847 E1.01546 F12000 ; pattern
SET_PRESSURE_ADVANCE ADVANCE=0.02 ; pattern 2/16
G1 E-0.5 F2700 ; retract
G0 Z2 F3600
G0 X90.4086 Y96.0583 F27000
G0 Z1.8 F3600
G1 E0.5 F2700 ; unretract
G1 X111.6218 Y117.2715 E1.01546 F12000 ; pattern
G1 X90.4086 Y138.4847 E1.01546 F12000 ; pattern
G0 X90.9843 Y138.4847 F27000
G1 X112.1975 Y117.2715 E1.01546 F12000 ; pattern
G1 X90.9843 Y96.0583 E1.01546 F12000 ; pattern
G0 X91.56 Y96.0583 F27000
G1 X112.7732 Y117.2715 E1.01546 F12000 ; pattern
G1 X91.56 Y138.4847 E1.01546 F12000 ; pattern
SET_PRESSURE_ADVANCE ADVANCE=0.04 ; pattern 3/16
G1 E-0.5 F2700 ; retract
G0 Z2 F3600
G0 X94.01 Y96.0583 F27000
G0 Z1.8 F3600
G1 E0.5 F2700 ; unretract
G1 X115.2232 Y117.2715 E1.01546 F12000 ; pattern
G1 X94.01 Y138.4847 E1.01546 F12000 ; pattern
G0 X94.5857 Y138.4847 F27000
G1 X115.7989 Y117.2715 E1.01546 F12000 ; pattern
G1 X94.5857 Y96.0583 E1.01546 F12000 ; pattern
G0 X95.1614 Y96.0583 F27000
G1 X116.3746 Y117.2715 E1.01546 F12000 ; pattern
G1 X95.1614 Y138.4847 E1.01546 F12000 ; pattern
SET_PRESSURE_ADVANCE ADVANCE=0.06 ; pattern 4/16
G1 E-0.5 F2700 ; retract
G0 Z2 F3600
G0 X97.6114 Y96.0583 F27000
G0 Z1.8 F3600
G1 E0.5 F2700 ; unretract
G1 X118.8246 Y117.2715 E1.01546 F12000 ; pattern
G1 X97.6114 Y138.4847 E1.01546 F12000 ; pattern
G0 X98.1871 Y138.4847 F27000
G1 X119.4003 Y117.2715 E1.01546 F12000 ; pattern
G1 X98.1871 Y96.0583 E1.01546 F12000 ; pattern
G0 X98.7628 Y96.0583 F27000
G1 X119.976 Y117.2715 E1.01546 F12000 ; pattern
G1 X98.7628 Y138.4847 E1.01546 F12000 ; pattern
SET_PRESSURE_ADVANCE ADVANCE=0.08 ; pattern 5/16
G1 E-0.5 F2700 ; retract
G0 Z2 F3600
G0 X101.2128 Y96.0583 F27000
G0 Z1.8 F3600
G1 E0.5 F2700 ; unretract
G1 X122.426 Y117.2715 E1.01546 F12000 ; pattern
G1 X101.2128 Y138.4847 E1.01546 F12000 ; pattern
G0 X101.7885 Y138.4847 F27000
G1 X123.0017 Y117.2715 E1.01546 F12000 ; pattern
G1 X101.7885 Y96.0583 E1.01546 F12000 ; pattern
G0 X102.3642 Y96.0583 F27000
G1 X123.5774 Y117.2715 E1.01546 F12000 ; pattern
G1 X102.3642 Y138.4847 E1.01546 F12000 ; pattern
SET_PRESSURE_ADVANCE ADVANCE=0.1 ; pattern 6/16
G1 E-0.5 F2700 ; retract
G0 Z2 F3600
G0 X104.8142 Y96.0583 F27000
G0 Z1.8 F3600
G1 E0.5 F2700 ; unretract
G1 X126.0274 Y117.2715 E1.01546 F12000 ; pattern
G1 X104.8142 Y138.4847 E1.01546 F12000 ; pattern
G0 X105.3899 Y138.4847 F27000
G1 X126.6031 Y117.2715 E1.01546 F12000 ; pattern
G1 X105.3899 Y96.0583 E1.01546 F12000 ; pattern
G0 X105.9656 Y96.0583 F27000
G1 X127.1788 Y117.2715 E1.01546 F12000 ; pattern
G1 X105.9656 Y138.4847 E1.01546 F12000 ; pattern
SET_PRESSURE_ADVANCE ADVANCE=0.12 ; pattern 7/16
G1 E-0.5 F2700 ; retract
G0 Z2 F3600
G0 X108.4156 Y96.0583 F27000
G0 Z1.8 F3600
G1 E0.5 F2700 ; unretract
G1 X129.6288 Y117.2715 E1.01546 F12000 ; pattern
G1 X108.4156 Y138.4847 E1.01546 F12000 ; pattern
G0 X108.9913 Y138.4847 F27000
G1 X130.2045 Y117.2715 E1.01546 F12000 ; pattern
G1 X108.9913 Y96.0583 E1.01546 F12000 ; pattern
G0 X109.567 Y96.0583 F27000
G1 X130.7802 Y117.2715 E1.01546 F12000 ; pattern
G1 X109.567 Y138.4847 E1.01546 F12000 ; pattern
SET_PRESSURE_ADVANCE ADVANCE=0.14 ; pattern 8/16
G1 E-0.5 F2700 ; retract
G0 Z2 F3600
G0 X112.017 Y96.0583 F27000
G0 Z1.8 F3600
G1 E0.5 F2700 ; unretract
G1 X133.2302 Y117.2715 E1.01546 F12000 ; pattern
G1 X112.017 Y138.4847 E1.01546 F12000 ; pattern
G0 X112.5927 Y138.4847 F27000
G1 X133.8059 Y117.2715 E1.01546 F12000 ; pattern
G1 X112.5927 Y96.0583 E1.01546 F12000 ; pattern
G0 X113.1684 Y96.0583 F27000
G1 X134.3816 Y117.2715 E1.01546 F12000 ; pattern
G1 X113.1684 Y138.4847 E1.01546 F12000 ; pattern
SET_PRESSURE_ADVANCE ADVANCE=0.16 ; pattern 9/16
G1 E-0.5 F2700 ; retract
G0 Z2 F3600
G0 X115.6184 Y96.0583 F27000
G0 Z1.8 F3600
G1 E0.5 F2700 ; unretract
G1 X136.8316 Y117.2715 E1.01546 F12000 ; pattern
G1 X115.6184 Y138.4847 E1.01546 F12000 ; pattern
G0 X116.1941 Y138.4847 F27000
G1 X137.4073 Y117.2715 E1.01546 F12000 ; pattern
G1 X116.1941 Y96.0583 E1.01546 F12000 ; pattern
G0 X116.7698 Y96.0583 F27000
G1 X137.983 Y117.2715 E1.01546 F12000 ; pattern
G1 X116.7698 Y138.4847 E1.01546 F12000 ; pattern
SET_PRESSURE_ADVANCE ADVANCE=0.18 ; pattern 10/16
G1 E-0.5 F2700 ; retract
G0 Z2 F3600
G0 X119.2198 Y96.0583 F27000
G0 Z1.8 F3600
G1 E0.5 F2700 ; unretract
G1 X140.433 Y117.2715 E1.01546 F12000 ; pattern
G1 X119.2198 Y138.4847 E1.01546 F12000 ; pattern
G0 X119.7955 Y138.4847 F27000
G1 X141.0087 Y117.2715 E1.01546 F12000 ; pattern
G1 X119.7955 Y96.0583 E1.01546 F12000 ; pattern
G0 X120.3712 Y96.0583 F27000
G1 X141.5844 Y117.2715 E1.01546 F12000 ; pattern
G1 X120.3712 Y138.4847 E1.01546 F12000 ; pattern
SET_PRESSURE_ADVANCE ADVANCE=0.2 ; pattern 11/16
G1 E-0.5 F2700 ; retract
G0 Z2 F3600
G0 X122.8212 Y96.0583 F27000
G0 Z1.8 F3600
G1 E0.5 F2700 ; unretract
G1 X144.0344 Y117.2715 E1.01546 F12000 ; pattern
G1 X122.8212 Y138.4847 E1.01546 F12000 ; pattern
G0 X123.3969 Y138.4847 F27000
G1 X144.6101 Y117.2715 E1.01546 F12000 ; pattern
G1 X123.3969 Y96.0583 E1.01546 F12000 ; pattern
G0 X123.9726 Y96.0583 F27000
G1 X145.1858 Y117.2715 E1.01546 F12000 ; pattern
G1 X123.9726 Y138.4847 E1.01546 F12000 ; pattern
SET_PRESSURE_ADVANCE ADVANCE=0.22 ; pattern 12/16
G1 E-0.5 F2700 ; retract
G0 Z2 F3600
G0 X126.4226 Y96.0583 F27000
G0 Z1.8 F3600
G1 E0.5 F2700 ; unretract
G1 X147.6358 Y117.2715 E1.01546 F12000 ; pattern
G1 X126.4226 Y138.4847 E1.01546 F12000 ; pattern
G0 X126.9983 Y138.4847 F27000
G1 X148.2115 Y117.2715 E1.01546 F12000 ; pattern
G1 X126.9983 Y96.0583 E1.01546 F12000 ; pattern
G0 X127.574 Y96.0583 F27000
G1 X148.7872 Y117.2715 E1.01546 F12000 ; pattern
G1 X127.574 Y138.4847 E1.01546 F12000 ; pattern
SET_PRESSURE_ADVANCE ADVANCE=0.24 ; pattern 13/16
G1 E-0.5 F2700 ; retract
G0 Z2 F3600
G0 X130.024 Y96.0583 F27000
G0 Z1.8 F3600
G1 E0.5 F2700 ; unretract
G1 X151.2372 Y117.2715 E1.01546 F12000 ; pattern
G1 X130.024 Y138.4847 E1.01546 F12000 ; pattern
G0 X130.5997 Y138.4847 F27000
G1 X151.8129 Y117.2715 E1.01546 F12000 ; pattern
G1 X130.5997 Y96.0583 E1.01546 F12000 ; pattern
G0 X131.1754 Y96.0583 F27000
G1 X152.3886 Y117.2715 E1.01546 F12000 ; pattern
G1 X131.1754 Y138.4847 E1.01546 F12000 ; pattern
SET_PRESSURE_ADVANCE ADVANCE=0.26 ; pattern 14/16
G1 E-0.5 F2700 ; retract
G0 Z2 F3600
G0 X133.6254 Y96.0583 F27000
G0 Z1.8 F3600
G1 E0.5 F2700 ; unretract
G1 X154.8386 Y117.2715 E1.01546 F12000 ; pattern
G1 X133.6254 Y138.4847 E1.01546 F12000 ; pattern
G0 X134.2011 Y138.4847 F27000
G1 X155.4143 Y117.2715 E1.01546 F12000 ; pattern
G1 X134.2011 Y96.0583 E1.01546 F12000 ; pattern
G0 X134.7768 Y96.0583 F27000
G1 X155.99 Y117.2715 E1.01546 F12000 ; pattern
G1 X134.7768 Y138.4847 E1.01546 F12000 ; pattern
SET_PRESSURE_ADVANCE ADVANCE=0.28 ; pattern 15/16
G1 E-0.5 F2700 ; retract
G0 Z2 F3600
G0 X137.2268 Y96.0583 F27000
G0 Z1.8 F3600
G1 E0.5 F2700 ; unretract
G1 X158.44 Y117.2715 E1.01546 F12000 ; pattern
G1 X137.2268 Y138.4847 E1.01546 F12000 ; pattern
G0 X137.8025 Y138.4847 F27000
G1 X159.0157 Y117.2715 E1.01546 F12000 ; pattern
G1 X137.8025 Y96.0583 E1.01546 F12000 ; pattern
G0 X138.3782 Y96.0583 F27000
G1 X159.5914 Y117.2715 E1.01546 F12000 ; pattern
G1 X138.3782 Y138.4847 E1.01546 F12000 ; pattern
SET_PRESSURE_ADVANCE ADVANCE=0.3 ; pattern 16/16
G1 E-0.5 F2700 ; retract
G0 Z2 F3600
G0 X140.8282 Y96.0583 F27000
G0 Z1.8 F3600
G1 E0.5 F2700 ; unretract
G1 X162.0414 Y117.2715 E1.01546 F12000 ; pattern
G1 X140.8282 Y138.4847 E1.01546 F12000 ; pattern
G0 X141.4039 Y138.4847 F27000
G1 X162.6171 Y117.2715 E1.01546 F12000 ; pattern
G1 X141.4039 Y96.0583 E1.01546 F12000 ; pattern
G0 X141.9796 Y96.0583 F27000
G1 X163.1928 Y117.2715 E1.01546 F12000 ; pattern
G1 X141.9796 Y138.4847 E1.01546 F12000 ; pattern
SET_PRESSURE_ADVANCE ADVANCE=0 ; back to start value
G1 E-0.5 F2700 ; retract
G0 Z6.8 F3600
M107 ; part fan off
M82 ; restore absolute extrusion
G92 E0
; <<< print_calibration_tool pattern end
EXCLUDE_OBJECT_END NAME='pa_calibration_test'
; Filament-specific end gcode
PRINT_END ;end script from macro
M73 P100 R0
; objects_info = {"objects":[{"name":"pa_calibration_test","polygon":[[85.158,95.833],[164.842,95.833],[164.842,154.167],[85.158,154.167]]}]}
; filament used [mm] = 885.86
; filament used [cm3] = 2.13
; filament used [g] = 2.22
; filament cost = 0.06
; total filament used [g] = 2.22
; total filament cost = 0.06
; total filament used for wipe tower [g] = 0.00
; estimated printing time (normal mode) = 5m 1s
; estimated first layer printing time (normal mode) = 1m 42s

; prusaslicer_config = begin
; arc_fitting = disabled
; autoemit_temperature_commands = 1
; automatic_extrusion_widths = 1
; automatic_infill_combination = 0
; automatic_infill_combination_max_layer_height = 100%
; avoid_crossing_curled_overhangs = 0
; avoid_crossing_perimeters = 0
; avoid_crossing_perimeters_max_detour = 0
; bed_custom_model = C:\\Users\\Michael\\AppData\\Roaming\\PrusaSlicer\\printer\\printbed-v1-250.stl
; bed_custom_texture = C:\\Users\\Michael\\AppData\\Roaming\\PrusaSlicer\\printer\\bedtexture-v1-250.png
; bed_shape = 0x0,250x0,250x250,0x250
; bed_temperature = 100
; bed_temperature_extruder = 0
; before_layer_gcode = ;[layer_z]\n;TIMELAPSE_TAKE_FRAME
; between_objects_gcode = 
; binary_gcode = 0
; bottom_fill_pattern = monotonic
; bottom_solid_layers = 3
; bottom_solid_min_thickness = 0.5
; bridge_acceleration = 1500
; bridge_angle = 0
; bridge_fan_speed = 25
; bridge_flow_ratio = 1
; bridge_speed = 50
; brim_separation = 0.1
; brim_type = outer_only
; brim_width = 0
; chamber_minimal_temperature = 0
; chamber_temperature = 0
; color_change_gcode = M600\nG1 E0.3 F1500 ; prime after color change
; colorprint_heights = 
; compatible_printers_condition_cummulative = ;"printer_notes!~/.*NO_TEMPLATES.*/ and printer_notes!~/.*PRINTER_VENDOR_TRILAB.*/ and printer_notes!~/.*PRINTER_MODEL_MK4IS.*/ and ! (printer_notes=~/.*PRINTER_VENDOR_PRUSA3D.*/ and num_extruders>1)"
; complete_objects = 0
; cooling = 1
; cooling_perimeter_transition_distance = 0
; cooling_slowdown_logic = uniform_cooling
; cooling_tube_length = 5
; cooling_tube_retraction = 91.5
; custom_parameters_filament = ""
; custom_parameters_print = 
; custom_parameters_printer = 
; default_acceleration = 3000
; default_filament_profile = 
; default_print_profile = 
; deretract_speed = 0
; disable_fan_first_layers = 4
; dont_support_bridges = 0
; draft_shield = disabled
; duplicate_distance = 6
; elefant_foot_compensation = 0.2
; enable_dynamic_fan_speeds = 1
; enable_dynamic_overhang_speeds = 1
; end_filament_gcode = "; Filament-specific end gcode"
; end_gcode = PRINT_END ;end script from macro
; ensure_vertical_shell_thickness = enabled
; external_perimeter_acceleration = 2500
; external_perimeter_extrusion_width = 0
; external_perimeter_speed = 150
; external_perimeters_first = 0
; extra_loading_move = -2
; extra_perimeters = 0
; extra_perimeters_on_overhangs = 0
; extruder_clearance_height = 33
; extruder_clearance_radius = 75
; extruder_colour = ""
; extruder_offset = 0x0
; extrusion_axis = E
; extrusion_multiplier = 1
; extrusion_width = 0
; fan_always_on = 0
; fan_below_layer_time = 30
; filament_abrasive = 0
; filament_colour = #FFFFFF
; filament_cooling_final_speed = 2
; filament_cooling_initial_speed = 3
; filament_cooling_moves = 1
; filament_cost = 27.82
; filament_density = 1.04
; filament_deretract_speed = nil
; filament_diameter = 1.75
; filament_flush_speed = 0
; filament_flush_volume = 0
; filament_infill_max_crossing_speed = 0
; filament_infill_max_speed = 0
; filament_load_time = 0
; filament_loading_speed = 14
; filament_loading_speed_start = 19
; filament_max_volumetric_speed = 22
; filament_minimal_purge_on_wipe_tower = 0
; filament_multitool_ramming = 0
; filament_multitool_ramming_flow = 10
; filament_multitool_ramming_volume = 10
; filament_notes = ""
; filament_purge_multiplier = 100%
; filament_ramming_parameters = "120 100 5.70968 6.03226 7 8.25806 9 9.19355 9.3871 9.77419 10.129 10.3226 10.4516 10.5161| 0.05 5.69677 0.45 6.15484 0.95 8.76774 1.45 9.20323 1.95 9.95806 2.45 10.3871 2.95 10.5677 3.45 7.6 3.95 7.6 4.45 7.6 4.95 7.6"
; filament_retract_before_travel = nil
; filament_retract_before_wipe = nil
; filament_retract_layer_change = nil
; filament_retract_length = nil
; filament_retract_length_toolchange = nil
; filament_retract_lift = nil
; filament_retract_lift_above = nil
; filament_retract_lift_below = nil
; filament_retract_restart_extra = nil
; filament_retract_restart_extra_toolchange = nil
; filament_retract_speed = nil
; filament_seam_gap_distance = nil
; filament_settings_id = "ABS v - TitanX - white - CHT 0.4"
; filament_shrinkage_compensation_xy = 0%
; filament_shrinkage_compensation_z = 0%
; filament_soluble = 0
; filament_spool_weight = 0
; filament_stamping_distance = 0
; filament_stamping_loading_speed = 20
; filament_toolchange_delay = 0
; filament_travel_lift_before_obstacle = nil
; filament_travel_max_lift = nil
; filament_travel_ramping_lift = nil
; filament_travel_slope = nil
; filament_type = ABS
; filament_unload_time = 0
; filament_unloading_speed = 20
; filament_unloading_speed_start = 100
; filament_vendor = Generic
; filament_wipe = nil
; fill_angle = 45
; fill_density = 40%
; fill_pattern = cubic
; first_layer_acceleration = 500
; first_layer_acceleration_over_raft = 0
; first_layer_bed_temperature = 100
; first_layer_extrusion_width = 0
; first_layer_height = 0.2
; first_layer_infill_speed = 100
; first_layer_speed = 45
; first_layer_speed_over_raft = 30
; first_layer_temperature = 260
; full_fan_speed_layer = 0
; fuzzy_skin = none
; fuzzy_skin_point_dist = 0.8
; fuzzy_skin_thickness = 0.3
; gap_fill_enabled = 1
; gap_fill_speed = 120
; gcode_comments = 0
; gcode_flavor = klipper
; gcode_label_objects = firmware
; gcode_resolution = 0.008
; gcode_substitutions = 
; high_current_on_filament_swap = 0
; host_type = prusalink
; idle_temperature = nil
; infill_acceleration = 5000
; infill_anchor = 2
; infill_anchor_max = 12
; infill_every_layers = 1
; infill_extruder = 1
; infill_extrusion_width = 0
; infill_first = 0
; infill_overlap = 15%
; infill_speed = 250
; inherits_cummulative = ;"Generic ABS @Template";
; interface_shells = 0
; interlocking_beam = 0
; interlocking_beam_layer_count = 2
; interlocking_beam_width = 0.8
; interlocking_boundary_avoidance = 2
; interlocking_depth = 2
; interlocking_orientation = 22.5
; ironing = 0
; ironing_flowrate = 15%
; ironing_spacing = 0.1
; ironing_speed = 15
; ironing_type = top
; layer_gcode = ;AFTER_LAYER_CHANGE\n;[layer_z]
; layer_height = 0.2
; machine_limits_usage = time_estimate_only
; machine_max_acceleration_e = 4500,2000
; machine_max_acceleration_extruding = 3000,1500
; machine_max_acceleration_retracting = 3000,1500
; machine_max_acceleration_travel = 1500,1250
; machine_max_acceleration_x = 6500,3000
; machine_max_acceleration_y = 6500,3000
; machine_max_acceleration_z = 2500,1500
; machine_max_feedrate_e = 120,120
; machine_max_feedrate_x = 450,300
; machine_max_feedrate_y = 450,300
; machine_max_feedrate_z = 80,40
; machine_max_jerk_e = 10,10
; machine_max_jerk_x = 10,8
; machine_max_jerk_y = 10,8
; machine_max_jerk_z = 2,2
; machine_max_junction_deviation = 0,0
; machine_min_extruding_rate = 0,0
; machine_min_travel_rate = 0,0
; max_fan_speed = 15
; max_layer_height = 0.3
; max_print_height = 210
; max_print_speed = 300
; max_volumetric_extrusion_rate_slope_negative = 0
; max_volumetric_extrusion_rate_slope_positive = 0
; max_volumetric_speed = 0
; min_bead_width = 85%
; min_fan_speed = 15
; min_feature_size = 25%
; min_layer_height = 0.1
; min_print_speed = 15
; min_skirt_length = 4
; mmu_segmented_region_interlocking_depth = 0
; mmu_segmented_region_max_width = 0
; multimaterial_purging = 140
; notes = 
; nozzle_diameter = 0.4
; nozzle_high_flow = 1
; only_one_perimeter_first_layer = 0
; only_retract_when_crossing_perimeters = 0
; ooze_prevention = 0
; output_filename_format = {input_filename_base}_{nozzle_diameter[0]}n_{layer_height}mm_{printing_filament_types}_{printer_model}_{print_time}.gcode
; over_bridge_speed = 0
; overhang_fan_speed_0 = 15
; overhang_fan_speed_1 = 15
; overhang_fan_speed_2 = 30
; overhang_fan_speed_3 = 60
; overhang_speed_0 = 15
; overhang_speed_1 = 25
; overhang_speed_2 = 50
; overhang_speed_3 = 70%
; overhangs = 1
; parking_pos_retraction = 92
; pause_print_gcode = PAUSE
; perimeter_acceleration = 3000
; perimeter_extruder = 1
; perimeter_extrusion_width = 0
; perimeter_generator = arachne
; perimeter_speed = 200
; perimeters = 3
; physical_printer_settings_id = JokeLedgeVoron
; post_process = 
; prefer_clockwise_movements = 0
; print_settings_id = 0.20mm BALANCED
; printer_model = 
; printer_notes = 
; printer_settings_id = Voron 0.4mm CHT
; printer_technology = FFF
; printer_variant = 
; printer_vendor = 
; raft_contact_distance = 0.15
; raft_expansion = 1.5
; raft_first_layer_density = 90%
; raft_first_layer_expansion = 3
; raft_layers = 0
; remaining_times = 1
; resolution = 0
; retract_before_travel = 1.5
; retract_before_wipe = 80%
; retract_layer_change = 1
; retract_length = 0.5
; retract_length_toolchange = 10
; retract_lift = 0.2
; retract_lift_above = 0
; retract_lift_below = 190
; retract_restart_extra = 0
; retract_restart_extra_toolchange = 0
; retract_speed = 45
; scarf_seam_entire_loop = 0
; scarf_seam_length = 20
; scarf_seam_max_segment_length = 1
; scarf_seam_on_inner_perimeters = 0
; scarf_seam_only_on_smooth = 1
; scarf_seam_placement = nowhere
; scarf_seam_start_height = 0%
; seam_gap_distance = 15%
; seam_position = aligned
; silent_mode = 1
; single_extruder_multi_material = 0
; single_extruder_multi_material_priming = 0
; skirt_distance = 6
; skirt_height = 1
; skirts = 0
; slice_closing_radius = 0.049
; slicing_mode = regular
; slowdown_below_layer_time = 20
; small_perimeter_speed = 150
; solid_infill_acceleration = 5000
; solid_infill_below_area = 0
; solid_infill_every_layers = 0
; solid_infill_extruder = 1
; solid_infill_extrusion_width = 0
; solid_infill_speed = 150
; spiral_vase = 0
; staggered_inner_seams = 0
; standby_temperature_delta = -5
; start_filament_gcode = "; Filament gcode\n;SET_PRESSURE_ADVANCE ADVANCE=0.035"
; start_gcode = M104 S0 ; Stops SuperSlicer from sending temp waits separately\nM140 S0\nM117\nPRINT_START EXTRUDER={first_layer_temperature[initial_extruder]} BED=[first_layer_bed_temperature] CHAMBER=[chamber_temperature] FILAMENT_TYPE=[filament_type] NOZZLE_DIAMETER={nozzle_diameter[0]}\n
; support_material = 0
; support_material_angle = 0
; support_material_auto = 1
; support_material_bottom_contact_distance = 0.2
; support_material_bottom_interface_layers = 0
; support_material_buildplate_only = 0
; support_material_closing_radius = 2
; support_material_contact_distance = 0.2
; support_material_enforce_layers = 0
; support_material_extruder = 0
; support_material_extrusion_width = 0
; support_material_interface_contact_loops = 0
; support_material_interface_extruder = 0
; support_material_interface_layers = 3
; support_material_interface_pattern = auto
; support_material_interface_spacing = 0
; support_material_interface_speed = 50
; support_material_pattern = rectilinear
; support_material_spacing = 2.5
; support_material_speed = 60
; support_material_style = grid
; support_material_synchronize_layers = 0
; support_material_threshold = 0
; support_material_with_sheath = 1
; support_material_xy_spacing = 50%
; support_tree_angle = 40
; support_tree_angle_slow = 25
; support_tree_branch_diameter = 2
; support_tree_branch_diameter_angle = 5
; support_tree_branch_diameter_double_wall = 3
; support_tree_branch_distance = 1
; support_tree_tip_diameter = 0.8
; support_tree_top_rate = 15%
; temperature = 260
; template_custom_gcode = 
; thick_bridges = 0
; thin_walls = 0
; thumbnails = 16x16/QOI, 313x173/QOI, 480x240/QOI, 32x32/PNG, 380x285/PNG
; thumbnails_format = QOI
; toolchange_gcode = 
; toolchange_ordering = optimized
; top_fill_pattern = monotoniclines
; top_infill_extrusion_width = 0
; top_one_perimeter_type = top
; top_solid_infill_acceleration = 2000
; top_solid_infill_speed = 100
; top_solid_layers = 5
; top_solid_min_thickness = 0.7
; travel_acceleration = 7000
; travel_lift_before_obstacle = 0
; travel_max_lift = 1.5
; travel_ramping_lift = 1
; travel_short_distance_acceleration = 250
; travel_slope = 1
; travel_speed = 450
; travel_speed_z = 60
; use_firmware_retraction = 0
; use_relative_e_distances = 0
; use_volumetric_e = 0
; variable_layer_height = 1
; wall_distribution_count = 1
; wall_transition_angle = 10
; wall_transition_filter_deviation = 25%
; wall_transition_length = 100%
; wipe = 0
; wipe_into_infill = 0
; wipe_into_objects = 0
; wipe_tower = 0
; wipe_tower_acceleration = 0
; wipe_tower_bridging = 10
; wipe_tower_brim_width = 2
; wipe_tower_cone_angle = 25
; wipe_tower_extra_flow = 250%
; wipe_tower_extra_spacing = 110%
; wipe_tower_extruder = 0
; wipe_tower_no_sparse_layers = 0
; wipe_tower_width = 60
; wiping_volumes_matrix = 0
; wiping_volumes_use_custom_matrix = 0
; xy_size_compensation = 0
; z_offset = 0
; prusaslicer_config = end

